family,candidate_id,parameters,fold_1_ap,fold_2_ap,fold_3_ap,fold_4_ap,mean_ap,median_ap,std_ap,min_ap,max_ap,training_seconds
logistic,1,"{""C"": 0.001, ""class_weight"": null}",0.16828253999633389,0.1563428482027274,0.2210958699555809,0.22774190523343307,0.19336579084701883,0.19468920497595738,0.03142666973668952,0.1563428482027274,0.22774190523343307,0.0554091999999855
logistic,2,"{""C"": 0.001, ""class_weight"": ""balanced""}",0.17143712277773976,0.1577466443430029,0.22077852273576826,0.2396833596859527,0.19741141238561588,0.196107822756754,0.03384116176783373,0.1577466443430029,0.2396833596859527,0.05952819999993153
logistic,3,"{""C"": 0.003, ""class_weight"": null}",0.17269752371060593,0.16503737747670008,0.22606090254158895,0.25124648731657134,0.20376057276136655,0.19937921312609744,0.03611307124447898,0.16503737747670008,0.25124648731657134,0.051603200000045035
logistic,4,"{""C"": 0.003, ""class_weight"": ""balanced""}",0.1752602950998791,0.16464572290018417,0.22831991205898952,0.2668949268681244,0.20878021423179427,0.2017901035794343,0.041323594712014786,0.16464572290018417,0.2668949268681244,0.07146209999996245
logistic,5,"{""C"": 0.01, ""class_weight"": null}",0.18099858563658883,0.17257366630103904,0.22550471645506534,0.28106715490708006,0.21503603082494332,0.2032516510458271,0.043102502254173204,0.17257366630103904,0.28106715490708006,0.06978670000012244
logistic,6,"{""C"": 0.01, ""class_weight"": ""balanced""}",0.1814514670526443,0.1700129358370296,0.22534705954281992,0.28990850278701297,0.2166799913048767,0.2033992632977321,0.04705421328839685,0.1700129358370296,0.28990850278701297,0.09322709999992185
logistic,7,"{""C"": 0.03, ""class_weight"": null}",0.18922389320405958,0.1767563940586745,0.24180827511003156,0.3069585196164193,0.22868677049729624,0.21551608415704557,0.05136322437986878,0.1767563940586745,0.3069585196164193,0.08506149999993795
logistic,8,"{""C"": 0.03, ""class_weight"": ""balanced""}",0.18663452820628135,0.17487272771423656,0.22922215651769137,0.31597850646526404,0.22667697972586834,0.20792834236198637,0.05538122211786178,0.17487272771423656,0.31597850646526404,0.12215160000005199
logistic,9,"{""C"": 0.1, ""class_weight"": null}",0.19286996387442795,0.18292751796534773,0.24138819824665692,0.33082410967390413,0.2370024474400842,0.21712908106054243,0.058509642833094164,0.18292751796534773,0.33082410967390413,0.1264682000000903
logistic,10,"{""C"": 0.1, ""class_weight"": ""balanced""}",0.18858043826753831,0.18000053895870421,0.23218472435261625,0.3371165968751855,0.23447057461351106,0.21038258131007728,0.06247863714032041,0.18000053895870421,0.3371165968751855,0.16830380000010337
logistic,11,"{""C"": 0.3, ""class_weight"": null}",0.19099561173914287,0.18716798238181315,0.23904012518316822,0.34152597718064887,0.23968242412119328,0.21501786846115556,0.06225089183863886,0.18716798238181315,0.34152597718064887,0.18380960000013147
logistic,12,"{""C"": 0.3, ""class_weight"": ""balanced""}",0.18597423956433068,0.18320154906149985,0.23295173359552407,0.3479560749963613,0.237520899304429,0.20946298657992737,0.06675412954746482,0.18320154906149985,0.3479560749963613,0.18464339999991353
logistic,13,"{""C"": 1, ""class_weight"": null}",0.18566716712221804,0.18939311240725465,0.23552564746198884,0.3429021946222382,0.23837203040342492,0.21245937993462174,0.06346533335023864,0.18566716712221804,0.3429021946222382,0.24625240000000304
logistic,14,"{""C"": 1, ""class_weight"": ""balanced""}",0.1797976978772476,0.18722148093631083,0.23212160509391824,0.3517974722236854,0.2377345640327905,0.20967154301511454,0.06882968900999614,0.1797976978772476,0.3517974722236854,0.2567408999998406
logistic,15,"{""C"": 3, ""class_weight"": null}",0.18041157420536372,0.19522497766034067,0.23564057134526017,0.342873551898647,0.2385376687774029,0.2154327745028004,0.06353936134834241,0.18041157420536372,0.342873551898647,0.2341413999999986
logistic,16,"{""C"": 3, ""class_weight"": ""balanced""}",0.17591314905744615,0.1879343755928853,0.2324385873137053,0.3515484532176273,0.23695864129541602,0.21018648145329533,0.06942835630096268,0.17591314905744615,0.3515484532176273,0.271648500000083
logistic,17,"{""C"": 10, ""class_weight"": null}",0.17520891536995592,0.19905468489702907,0.2340443192201095,0.3434500525095876,0.23793949299917053,0.21654950205856927,0.0644104110719021,0.17520891536995592,0.3434500525095876,0.2367629999998826
logistic,18,"{""C"": 10, ""class_weight"": ""balanced""}",0.17119727498142462,0.19207345319051167,0.2404013521818002,0.3430435834796032,0.23667891595833493,0.21623740268615593,0.0663415247829524,0.17119727498142462,0.3430435834796032,0.3255543000000216
logistic,19,"{""C"": 30, ""class_weight"": null}",0.17355723762222583,0.20108225161019913,0.2357846209464871,0.3512951247216624,0.24042980872514363,0.2184334362783431,0.06769945915097025,0.17355723762222583,0.3512951247216624,0.23050360000002001
logistic,20,"{""C"": 30, ""class_weight"": ""balanced""}",0.1703163313986128,0.19109496042373292,0.23898649604452718,0.3522892569396992,0.23817176120164302,0.21504072823413006,0.07043445739058846,0.1703163313986128,0.3522892569396992,0.30926880000015444
logistic,21,"{""C"": 100, ""class_weight"": null}",0.1721268884280866,0.19813722911359188,0.2346267171074958,0.34411319409108987,0.23725100718506603,0.21638197311054386,0.06556952868453246,0.1721268884280866,0.34411319409108987,0.23135359999992033
logistic,22,"{""C"": 100, ""class_weight"": ""balanced""}",0.16984938889694662,0.192388062896644,0.23107527357381671,0.3496433628110912,0.23573902204462463,0.21173166823523037,0.06931215407601285,0.16984938889694662,0.3496433628110912,0.21873600000003535
random_forest,1,"{""class_weight"": ""balanced_subsample"", ""criterion"": ""entropy"", ""max_depth"": null, ""max_features"": 0.5, ""min_samples_leaf"": 40, ""min_samples_split"": 5, ""n_estimators"": 400}",0.23117379818271547,0.2818807606182514,0.261909820995994,0.26835687356852805,0.26083031334137224,0.265133347282261,0.018577167891942647,0.23117379818271547,0.2818807606182514,15.878511899999921
random_forest,2,"{""class_weight"": null, ""criterion"": ""log_loss"", ""max_depth"": 10, ""max_features"": 0.8, ""min_samples_leaf"": 2, ""min_samples_split"": 5, ""n_estimators"": 800}",0.24725641107891072,0.25577106088814155,0.27276493671351953,0.261850207525543,0.2594106540515287,0.25881063420684225,0.009290593996098046,0.24725641107891072,0.27276493671351953,45.945154999999886
random_forest,3,"{""class_weight"": ""balanced"", ""criterion"": ""log_loss"", ""max_depth"": null, ""max_features"": 1.0, ""min_samples_leaf"": 40, ""min_samples_split"": 10, ""n_estimators"": 800}",0.23244163844151144,0.25067143978937323,0.2632265756314297,0.2664729470113137,0.253203150218407,0.25694900771040147,0.01336044996336311,0.23244163844151144,0.2664729470113137,45.15209909999999
random_forest,4,"{""class_weight"": null, ""criterion"": ""gini"", ""max_depth"": 10, ""max_features"": 1.0, ""min_samples_leaf"": 2, ""min_samples_split"": 2, ""n_estimators"": 400}",0.222160991693658,0.28257032018891093,0.28080050684032726,0.27376092330140156,0.2648231855060744,0.2772807150708644,0.02485046037931144,0.222160991693658,0.28257032018891093,25.28312919999985
random_forest,5,"{""class_weight"": ""balanced_subsample"", ""criterion"": ""log_loss"", ""max_depth"": 6, ""max_features"": ""log2"", ""min_samples_leaf"": 40, ""min_samples_split"": 20, ""n_estimators"": 400}",0.21917991448935661,0.1927705069026152,0.24744980752492718,0.258277604817552,0.22941945843361275,0.23331486100714188,0.02552391040563382,0.1927705069026152,0.258277604817552,6.820270299999947
random_forest,6,"{""class_weight"": ""balanced_subsample"", ""criterion"": ""entropy"", ""max_depth"": 6, ""max_features"": 0.3, ""min_samples_leaf"": 10, ""min_samples_split"": 10, ""n_estimators"": 400}",0.241220079957452,0.27999956926983377,0.2527749783245984,0.2748873435775005,0.26222049278234616,0.2638311609510494,0.015864896406864257,0.241220079957452,0.27999956926983377,10.566511400000081
random_forest,7,"{""class_weight"": null, ""criterion"": ""log_loss"", ""max_depth"": 10, ""max_features"": 0.8, ""min_samples_leaf"": 20, ""min_samples_split"": 20, ""n_estimators"": 200}",0.2417113356291336,0.30328419843988125,0.2711286117187932,0.26360104671939943,0.2699312981268019,0.2673648292190963,0.02208103193570503,0.2417113356291336,0.30328419843988125,10.080016699999987
random_forest,8,"{""class_weight"": null, ""criterion"": ""log_loss"", ""max_depth"": 14, ""max_features"": 0.3, ""min_samples_leaf"": 40, ""min_samples_split"": 20, ""n_estimators"": 800}",0.22260385547386952,0.29374264891038177,0.2547315053604343,0.28572252765942485,0.2642001343510276,0.2702270165099296,0.028088605036557118,0.22260385547386952,0.29374264891038177,18.00613579999981
random_forest,9,"{""class_weight"": null, ""criterion"": ""entropy"", ""max_depth"": 10, ""max_features"": 0.8, ""min_samples_leaf"": 20, ""min_samples_split"": 10, ""n_estimators"": 400}",0.24059310157979363,0.3111043541990359,0.2737335221278544,0.26799470740636644,0.2733564213282626,0.2708641147671104,0.025135789912742616,0.24059310157979363,0.3111043541990359,19.65733380000006
random_forest,10,"{""class_weight"": null, ""criterion"": ""entropy"", ""max_depth"": 6, ""max_features"": 1.0, ""min_samples_leaf"": 2, ""min_samples_split"": 5, ""n_estimators"": 200}",0.2360646195163583,0.2922046285670505,0.2656380068517234,0.2890874910492707,0.27074868649610073,0.27736274895049706,0.02250429265314748,0.2360646195163583,0.2922046285670505,10.284177
random_forest,11,"{""class_weight"": ""balanced_subsample"", ""criterion"": ""gini"", ""max_depth"": 10, ""max_features"": 1.0, ""min_samples_leaf"": 2, ""min_samples_split"": 2, ""n_estimators"": 400}",0.2555165112104398,0.22058599860341946,0.2649096956011371,0.24984608125077992,0.24771457166644406,0.25268129623060986,0.01656083751899037,0.22058599860341946,0.2649096956011371,26.8984389000002
random_forest,12,"{""class_weight"": ""balanced"", ""criterion"": ""gini"", ""max_depth"": null, ""max_features"": 0.3, ""min_samples_leaf"": 20, ""min_samples_split"": 2, ""n_estimators"": 800}",0.23997722072654998,0.2936632019246635,0.26840983261462364,0.2667785847800779,0.26720721001147874,0.26759420869735073,0.0189935636814318,0.23997722072654998,0.2936632019246635,19.9924610999999
random_forest,13,"{""class_weight"": null, ""criterion"": ""entropy"", ""max_depth"": 20, ""max_features"": ""sqrt"", ""min_samples_leaf"": 2, ""min_samples_split"": 2, ""n_estimators"": 400}",0.2479460892051434,0.28497335038842825,0.2857837218526377,0.2778514103763276,0.2741386429556342,0.2814123803823779,0.015433998684431958,0.2479460892051434,0.2857837218526377,9.23780940000006
random_forest,14,"{""class_weight"": ""balanced"", ""criterion"": ""gini"", ""max_depth"": 20, ""max_features"": ""log2"", ""min_samples_leaf"": 5, ""min_samples_split"": 10, ""n_estimators"": 400}",0.25343853884962536,0.2902543740754197,0.27277185710206625,0.28263423217879896,0.27477475055147754,0.2777030446404326,0.013789812433905103,0.25343853884962536,0.2902543740754197,6.599796400000059
random_forest,15,"{""class_weight"": ""balanced"", ""criterion"": ""gini"", ""max_depth"": 20, ""max_features"": ""sqrt"", ""min_samples_leaf"": 5, ""min_samples_split"": 10, ""n_estimators"": 400}",0.2597754288114235,0.2744039476542258,0.27147081070489265,0.2686573971763815,0.26857689608673085,0.27006410394063707,0.00547269536908453,0.2597754288114235,0.2744039476542258,7.367868100000123
random_forest,16,"{""class_weight"": ""balanced"", ""criterion"": ""gini"", ""max_depth"": null, ""max_features"": 0.5, ""min_samples_leaf"": 5, ""min_samples_split"": 10, ""n_estimators"": 800}",0.25592836954574555,0.29560649120283117,0.2804689535925971,0.24203381588492695,0.2685094075565252,0.2681986615691713,0.02083579945258707,0.24203381588492695,0.29560649120283117,33.0747851000001
random_forest,17,"{""class_weight"": ""balanced_subsample"", ""criterion"": ""log_loss"", ""max_depth"": 10, ""max_features"": 0.3, ""min_samples_leaf"": 5, ""min_samples_split"": 10, ""n_estimators"": 400}",0.2593108007335686,0.2509082086305523,0.25708252652371477,0.2557513398178357,0.25576321892641785,0.25641693317077524,0.0030780340844804494,0.2509082086305523,0.2593108007335686,14.055778299999929
random_forest,18,"{""class_weight"": ""balanced"", ""criterion"": ""log_loss"", ""max_depth"": 20, ""max_features"": 0.3, ""min_samples_leaf"": 5, ""min_samples_split"": 2, ""n_estimators"": 200}",0.2730139769900993,0.3151021923420606,0.2760639468782669,0.2535182608920957,0.2794245942756306,0.27453896193418315,0.022340652844531777,0.2535182608920957,0.3151021923420606,6.900624500000049
random_forest,19,"{""class_weight"": ""balanced"", ""criterion"": ""gini"", ""max_depth"": 6, ""max_features"": 0.5, ""min_samples_leaf"": 40, ""min_samples_split"": 10, ""n_estimators"": 800}",0.22736782529614896,0.256911816093057,0.2636538846695514,0.276347610419959,0.2560702841196791,0.2602828503813042,0.01798068601143117,0.22736782529614896,0.276347610419959,20.627381000000014
random_forest,20,"{""class_weight"": ""balanced_subsample"", ""criterion"": ""entropy"", ""max_depth"": 6, ""max_features"": 1.0, ""min_samples_leaf"": 10, ""min_samples_split"": 20, ""n_estimators"": 800}",0.24610691920862193,0.220296372659941,0.2799639442705166,0.26838829689567456,0.25368888325868855,0.25724760805214825,0.022798012717068484,0.220296372659941,0.2799639442705166,44.40692150000018
random_forest,21,"{""class_weight"": ""balanced_subsample"", ""criterion"": ""entropy"", ""max_depth"": 14, ""max_features"": 0.8, ""min_samples_leaf"": 10, ""min_samples_split"": 10, ""n_estimators"": 800}",0.2579615181871788,0.2712869418751565,0.27406253269570435,0.24014316833330776,0.26086354027283687,0.26462423003116764,0.013422148183508346,0.24014316833330776,0.27406253269570435,52.91511820000005
random_forest,22,"{""class_weight"": ""balanced_subsample"", ""criterion"": ""gini"", ""max_depth"": null, ""max_features"": ""log2"", ""min_samples_leaf"": 2, ""min_samples_split"": 20, ""n_estimators"": 200}",0.2549237324742126,0.2712951944483761,0.2568180138702473,0.28828660731579275,0.2678308870271572,0.26405660415931165,0.01340070830459526,0.2549237324742126,0.28828660731579275,4.437632600000143
random_forest,23,"{""class_weight"": ""balanced_subsample"", ""criterion"": ""log_loss"", ""max_depth"": 20, ""max_features"": 0.8, ""min_samples_leaf"": 5, ""min_samples_split"": 2, ""n_estimators"": 200}",0.263797500568406,0.2516403205049019,0.26613544420186813,0.230355774340745,0.25298225990398027,0.25771891053665397,0.01417510439201194,0.230355774340745,0.26613544420186813,14.60888460000001
random_forest,24,"{""class_weight"": ""balanced"", ""criterion"": ""entropy"", ""max_depth"": 10, ""max_features"": 1.0, ""min_samples_leaf"": 10, ""min_samples_split"": 10, ""n_estimators"": 400}",0.2549442266497642,0.2587435918436038,0.26579022746601355,0.2420577871204604,0.25538395826996046,0.256843909246684,0.008622032500133646,0.2420577871204604,0.26579022746601355,25.635561600000074
random_forest,25,"{""class_weight"": null, ""criterion"": ""entropy"", ""max_depth"": 20, ""max_features"": 0.3, ""min_samples_leaf"": 40, ""min_samples_split"": 5, ""n_estimators"": 400}",0.22322169135952372,0.29974420706553584,0.25473876328576456,0.28615855674659096,0.26596580461435376,0.27044866001617773,0.029588145370078457,0.22322169135952372,0.29974420706553584,9.062861200000043
random_forest,26,"{""class_weight"": null, ""criterion"": ""log_loss"", ""max_depth"": 10, ""max_features"": 0.8, ""min_samples_leaf"": 40, ""min_samples_split"": 5, ""n_estimators"": 200}",0.22758282441823843,0.2800877935668459,0.25796383134087103,0.2608692671670432,0.2566259291232496,0.2594165492539571,0.018799979482527044,0.22758282441823843,0.2800877935668459,9.002178400000048
random_forest,27,"{""class_weight"": ""balanced_subsample"", ""criterion"": ""gini"", ""max_depth"": 6, ""max_features"": 0.8, ""min_samples_leaf"": 5, ""min_samples_split"": 20, ""n_estimators"": 400}",0.24467556680560634,0.2193854823572856,0.2723008131884256,0.2714827304328198,0.2519611481960343,0.25807914861921305,0.021846326041606256,0.2193854823572856,0.2723008131884256,18.342565899999954
random_forest,28,"{""class_weight"": ""balanced_subsample"", ""criterion"": ""gini"", ""max_depth"": null, ""max_features"": 0.5, ""min_samples_leaf"": 5, ""min_samples_split"": 2, ""n_estimators"": 200}",0.2601787967344005,0.2804278232903951,0.2711004266882842,0.23774337363513093,0.26236260508705267,0.2656396117113423,0.015918363697894095,0.23774337363513093,0.2804278232903951,9.503212500000018
random_forest,29,"{""class_weight"": ""balanced_subsample"", ""criterion"": ""log_loss"", ""max_depth"": 6, ""max_features"": 0.3, ""min_samples_leaf"": 10, ""min_samples_split"": 5, ""n_estimators"": 200}",0.24338561356620061,0.27721991614648955,0.2466448742277803,0.26949068327763714,0.2591852718045269,0.2580677787527087,0.014477056624206983,0.24338561356620061,0.27721991614648955,5.908574799999997
random_forest,30,"{""class_weight"": ""balanced_subsample"", ""criterion"": ""entropy"", ""max_depth"": 10, ""max_features"": ""sqrt"", ""min_samples_leaf"": 20, ""min_samples_split"": 20, ""n_estimators"": 200}",0.23059472728391261,0.26966136672809626,0.253249946902316,0.2786591870669586,0.25804130699532085,0.2614556568152061,0.018278365874971086,0.23059472728391261,0.2786591870669586,5.30456920000006
random_forest,31,"{""class_weight"": null, ""criterion"": ""entropy"", ""max_depth"": null, ""max_features"": ""log2"", ""min_samples_leaf"": 2, ""min_samples_split"": 10, ""n_estimators"": 800}",0.24202719669831918,0.31219514448943575,0.28102594157310123,0.2935435919469784,0.2821979686769586,0.2872847667600398,0.025708064362189427,0.24202719669831918,0.31219514448943575,15.412755300000072
random_forest,32,"{""class_weight"": null, ""criterion"": ""log_loss"", ""max_depth"": 14, ""max_features"": 0.3, ""min_samples_leaf"": 20, ""min_samples_split"": 2, ""n_estimators"": 800}",0.2355084172674899,0.30552949064198787,0.267484699611555,0.282410653783413,0.27273331532611145,0.274947676697484,0.025409058411129316,0.2355084172674899,0.30552949064198787,21.831830099999934
random_forest,33,"{""class_weight"": null, ""criterion"": ""entropy"", ""max_depth"": 20, ""max_features"": 0.8, ""min_samples_leaf"": 10, ""min_samples_split"": 5, ""n_estimators"": 200}",0.2528508649630501,0.2961969289638196,0.26403292793147637,0.23261507049001812,0.261423948087091,0.25844189644726323,0.023018558586152746,0.23261507049001812,0.2961969289638196,12.182539799999859
random_forest,34,"{""class_weight"": ""balanced"", ""criterion"": ""entropy"", ""max_depth"": 10, ""max_features"": 0.8, ""min_samples_leaf"": 40, ""min_samples_split"": 20, ""n_estimators"": 200}",0.23082890664663908,0.2570957003214314,0.2587049606082816,0.2617444572151728,0.25209350619788123,0.2579003304648565,0.012390090042886407,0.23082890664663908,0.2617444572151728,9.277015800000072
random_forest,35,"{""class_weight"": ""balanced_subsample"", ""criterion"": ""log_loss"", ""max_depth"": null, ""max_features"": 0.5, ""min_samples_leaf"": 40, ""min_samples_split"": 10, ""n_estimators"": 400}",0.23117379818271547,0.2818807606182514,0.261909820995994,0.26835687356852805,0.26083031334137224,0.265133347282261,0.018577167891942647,0.23117379818271547,0.2818807606182514,16.137034700000186
random_forest,36,"{""class_weight"": null, ""criterion"": ""entropy"", ""max_depth"": 14, ""max_features"": 0.3, ""min_samples_leaf"": 20, ""min_samples_split"": 10, ""n_estimators"": 200}",0.234356799108151,0.3048112340828617,0.2635431345005488,0.2751059757626474,0.26945428586355225,0.2693245551315981,0.02524297265121705,0.234356799108151,0.3048112340828617,5.512916099999984
random_forest,37,"{""class_weight"": null, ""criterion"": ""gini"", ""max_depth"": 14, ""max_features"": 1.0, ""min_samples_leaf"": 20, ""min_samples_split"": 2, ""n_estimators"": 400}",0.23132118566027637,0.30674105967640447,0.27094676772213955,0.2520632626265931,0.26526806892135335,0.2615050151743663,0.02774443356180629,0.23132118566027637,0.30674105967640447,21.40599730000008
random_forest,38,"{""class_weight"": null, ""criterion"": ""entropy"", ""max_depth"": null, ""max_features"": 1.0, ""min_samples_leaf"": 2, ""min_samples_split"": 20, ""n_estimators"": 200}",0.24228243101538458,0.2522300382138104,0.2763630577211587,0.24977288398648978,0.2551621027342109,0.2510014611001501,0.012777001966481634,0.24228243101538458,0.2763630577211587,16.149085699999887
random_forest,39,"{""class_weight"": ""balanced_subsample"", ""criterion"": ""log_loss"", ""max_depth"": 14, ""max_features"": 0.3, ""min_samples_leaf"": 20, ""min_samples_split"": 10, ""n_estimators"": 200}",0.24372107649396751,0.2985032563132039,0.25890536977999723,0.2737718524630163,0.26872538876254626,0.26633861112150675,0.020210372315885794,0.24372107649396751,0.2985032563132039,6.340216599999849
random_forest,40,"{""class_weight"": null, ""criterion"": ""log_loss"", ""max_depth"": 20, ""max_features"": 1.0, ""min_samples_leaf"": 10, ""min_samples_split"": 5, ""n_estimators"": 200}",0.25251537806992164,0.2958801552072917,0.27240007732028143,0.23853137744316488,0.2648317470101649,0.26245772769510156,0.021591003094410702,0.23853137744316488,0.2958801552072917,14.03396859999998
random_forest,41,"{""class_weight"": ""balanced"", ""criterion"": ""log_loss"", ""max_depth"": null, ""max_features"": 0.8, ""min_samples_leaf"": 2, ""min_samples_split"": 5, ""n_estimators"": 200}",0.2568347713732638,0.2869733667455114,0.26510861555964604,0.21879879907416633,0.25692888818814685,0.26097169346645493,0.02461448346741675,0.21879879907416633,0.2869733667455114,15.046458899999834
random_forest,42,"{""class_weight"": ""balanced"", ""criterion"": ""log_loss"", ""max_depth"": null, ""max_features"": 0.3, ""min_samples_leaf"": 20, ""min_samples_split"": 20, ""n_estimators"": 200}",0.24092525696986147,0.3056408928585104,0.2604479806645952,0.2685476233480162,0.26889043846024585,0.2644978020063057,0.023473601609582503,0.24092525696986147,0.3056408928585104,5.21489489999999
random_forest,43,"{""class_weight"": ""balanced"", ""criterion"": ""log_loss"", ""max_depth"": 6, ""max_features"": 0.8, ""min_samples_leaf"": 40, ""min_samples_split"": 10, ""n_estimators"": 200}",0.22978127805424875,0.23832434527964064,0.272519326306882,0.2709318419241804,0.252889197891238,0.2546280936019105,0.019085268115122348,0.22978127805424875,0.272519326306882,8.002296500000057
random_forest,44,"{""class_weight"": null, ""criterion"": ""log_loss"", ""max_depth"": 14, ""max_features"": 0.3, ""min_samples_leaf"": 5, ""min_samples_split"": 10, ""n_estimators"": 800}",0.25702324830120826,0.3083264421700554,0.27425151999253555,0.2699369606427723,0.2773845427766428,0.27209424031765395,0.018955644028850024,0.25702324830120826,0.3083264421700554,25.524847099999988
random_forest,45,"{""class_weight"": ""balanced"", ""criterion"": ""gini"", ""max_depth"": 14, ""max_features"": ""sqrt"", ""min_samples_leaf"": 40, ""min_samples_split"": 20, ""n_estimators"": 200}",0.2211539492212986,0.23810778453282896,0.27807779792773935,0.28493791705399024,0.2555693621839643,0.25809279123028417,0.026732326115785462,0.2211539492212986,0.28493791705399024,3.0870461000001796
random_forest,46,"{""class_weight"": ""balanced"", ""criterion"": ""log_loss"", ""max_depth"": null, ""max_features"": ""log2"", ""min_samples_leaf"": 10, ""min_samples_split"": 5, ""n_estimators"": 800}",0.23966401995307066,0.27862836128802876,0.27051137635053013,0.2827174348957224,0.267880298121838,0.2745698688192795,0.016872628839440913,0.23966401995307066,0.2827174348957224,14.127734800000098
random_forest,47,"{""class_weight"": ""balanced_subsample"", ""criterion"": ""entropy"", ""max_depth"": null, ""max_features"": 1.0, ""min_samples_leaf"": 20, ""min_samples_split"": 2, ""n_estimators"": 400}",0.24867289768065914,0.2610141774586218,0.27691202990137154,0.2466489884712513,0.258312023377976,0.2548435375696405,0.012064420901871547,0.2466489884712513,0.27691202990137154,30.202419799999916
random_forest,48,"{""class_weight"": ""balanced_subsample"", ""criterion"": ""entropy"", ""max_depth"": 6, ""max_features"": ""log2"", ""min_samples_leaf"": 40, ""min_samples_split"": 5, ""n_estimators"": 400}",0.21917991448935661,0.1927705069026152,0.24744980752492718,0.258277604817552,0.22941945843361275,0.23331486100714188,0.02552391040563382,0.1927705069026152,0.258277604817552,8.431353400000035
random_forest,49,"{""class_weight"": null, ""criterion"": ""gini"", ""max_depth"": null, ""max_features"": ""log2"", ""min_samples_leaf"": 40, ""min_samples_split"": 2, ""n_estimators"": 200}",0.20819259974900906,0.25662213091398006,0.27551379048697394,0.29600228525701117,0.25908270160174357,0.266067960700477,0.03251497045179273,0.20819259974900906,0.29600228525701117,2.676052599999821
random_forest,50,"{""class_weight"": ""balanced_subsample"", ""criterion"": ""entropy"", ""max_depth"": 20, ""max_features"": ""sqrt"", ""min_samples_leaf"": 10, ""min_samples_split"": 5, ""n_estimators"": 200}",0.24310218551132956,0.3185739355892977,0.2704860049829225,0.2875398675304075,0.27992549840348935,0.279012936256665,0.02737124733409661,0.24310218551132956,0.3185739355892977,5.1669429999999466
random_forest,51,"{""class_weight"": ""balanced"", ""criterion"": ""log_loss"", ""max_depth"": 6, ""max_features"": 0.8, ""min_samples_leaf"": 2, ""min_samples_split"": 2, ""n_estimators"": 200}",0.24422005069508487,0.2176614606151051,0.2721683699634294,0.26459358860669335,0.24966086747007818,0.2544068196508891,0.021113611458495628,0.2176614606151051,0.2721683699634294,8.584347499999922
random_forest,52,"{""class_weight"": null, ""criterion"": ""log_loss"", ""max_depth"": 6, ""max_features"": 1.0, ""min_samples_leaf"": 5, ""min_samples_split"": 10, ""n_estimators"": 200}",0.24668926880435088,0.28296915047659016,0.26295512109483055,0.2862246634758128,0.2697095509628961,0.2729621357857104,0.016000950238028878,0.24668926880435088,0.2862246634758128,10.134262700000136
random_forest,53,"{""class_weight"": ""balanced_subsample"", ""criterion"": ""gini"", ""max_depth"": 20, ""max_features"": 0.5, ""min_samples_leaf"": 10, ""min_samples_split"": 20, ""n_estimators"": 800}",0.25335286249202454,0.2847681077877414,0.27695387999277676,0.24940122962425249,0.26611901997419884,0.2651533712424007,0.015063548377987132,0.24940122962425249,0.2847681077877414,35.08866790000002
random_forest,54,"{""class_weight"": ""balanced"", ""criterion"": ""gini"", ""max_depth"": null, ""max_features"": ""log2"", ""min_samples_leaf"": 2, ""min_samples_split"": 5, ""n_estimators"": 400}",0.2653458317163249,0.29082444557509357,0.26178957455121404,0.27348891395666497,0.2728621914498244,0.2694173728364949,0.011204171801031233,0.26178957455121404,0.29082444557509357,7.088326199999983
random_forest,55,"{""class_weight"": ""balanced"", ""criterion"": ""entropy"", ""max_depth"": 10, ""max_features"": ""log2"", ""min_samples_leaf"": 40, ""min_samples_split"": 2, ""n_estimators"": 400}",0.21945828871493345,0.22735328415267236,0.26071352896792205,0.27519622421592393,0.24568033151286295,0.2440334065602972,0.023025318354045178,0.21945828871493345,0.27519622421592393,5.369069500000023
random_forest,56,"{""class_weight"": ""balanced"", ""criterion"": ""gini"", ""max_depth"": 6, ""max_features"": 0.8, ""min_samples_leaf"": 2, ""min_samples_split"": 20, ""n_estimators"": 200}",0.2463730491241065,0.2235631493231975,0.273904293560984,0.2713996333528942,0.25381003134029556,0.25888634123850035,0.020514361124560777,0.2235631493231975,0.273904293560984,7.838972799999965
random_forest,57,"{""class_weight"": ""balanced"", ""criterion"": ""entropy"", ""max_depth"": 14, ""max_features"": 1.0, ""min_samples_leaf"": 5, ""min_samples_split"": 5, ""n_estimators"": 400}",0.26193150895442574,0.2378456228870397,0.2675065117109514,0.23039656282284254,0.24942005159381486,0.24988856592073272,0.015648619186390583,0.23039656282284254,0.2675065117109514,30.867666599999893
random_forest,58,"{""class_weight"": null, ""criterion"": ""gini"", ""max_depth"": 14, ""max_features"": ""sqrt"", ""min_samples_leaf"": 2, ""min_samples_split"": 10, ""n_estimators"": 400}",0.23084857571325365,0.30958139033122434,0.2756870937518323,0.29986839653115277,0.2789963640818658,0.28777774514149257,0.03041482518503083,0.23084857571325365,0.30958139033122434,7.216153099999929
random_forest,59,"{""class_weight"": ""balanced"", ""criterion"": ""gini"", ""max_depth"": null, ""max_features"": 1.0, ""min_samples_leaf"": 10, ""min_samples_split"": 5, ""n_estimators"": 800}",0.24988376507153398,0.27724690451950595,0.27865217350184635,0.23377703834276567,0.259889970358913,0.26356533479551997,0.018942629126951733,0.23377703834276567,0.27865217350184635,50.330531000000065
random_forest,60,"{""class_weight"": ""balanced_subsample"", ""criterion"": ""entropy"", ""max_depth"": 14, ""max_features"": 1.0, ""min_samples_leaf"": 5, ""min_samples_split"": 20, ""n_estimators"": 400}",0.2610588477375395,0.23958353310019276,0.27014468285888205,0.2345371369649849,0.2513310501653998,0.25032119041886614,0.014736201159985158,0.2345371369649849,0.27014468285888205,32.703556500000104
random_forest,61,"{""class_weight"": ""balanced"", ""criterion"": ""log_loss"", ""max_depth"": 14, ""max_features"": ""log2"", ""min_samples_leaf"": 2, ""min_samples_split"": 5, ""n_estimators"": 800}",0.2613755859529104,0.280367622285045,0.2609958215368666,0.26323949092558224,0.26649463017510105,0.2623075384392463,0.008054460748631637,0.2609958215368666,0.280367622285045,13.420475699999997
random_forest,62,"{""class_weight"": ""balanced"", ""criterion"": ""gini"", ""max_depth"": 6, ""max_features"": 1.0, ""min_samples_leaf"": 40, ""min_samples_split"": 20, ""n_estimators"": 800}",0.22892239784856028,0.21478832614528764,0.281512056194486,0.27368954722230865,0.24972808185266065,0.25130597253543446,0.028451871043008906,0.21478832614528764,0.281512056194486,33.44452359999991
random_forest,63,"{""class_weight"": ""balanced"", ""criterion"": ""gini"", ""max_depth"": 20, ""max_features"": 1.0, ""min_samples_leaf"": 2, ""min_samples_split"": 2, ""n_estimators"": 200}",0.25833991706962445,0.2328603210903991,0.2607882126507602,0.2224306144354684,0.24360476631156303,0.24560011908001178,0.016402616458490542,0.2224306144354684,0.2607882126507602,14.622227500000008
random_forest,64,"{""class_weight"": ""balanced_subsample"", ""criterion"": ""log_loss"", ""max_depth"": 14, ""max_features"": ""log2"", ""min_samples_leaf"": 5, ""min_samples_split"": 10, ""n_estimators"": 200}",0.2508732843297694,0.27405543639510027,0.2823308421909228,0.2739546252852315,0.27030354705025594,0.2740050308401659,0.011721753108235413,0.2508732843297694,0.2823308421909228,4.297644900000023
random_forest,65,"{""class_weight"": null, ""criterion"": ""gini"", ""max_depth"": 20, ""max_features"": 0.5, ""min_samples_leaf"": 20, ""min_samples_split"": 10, ""n_estimators"": 400}",0.2349704779233003,0.32602514361258805,0.26607403143543407,0.26228119290084634,0.2723377114680422,0.2641776121681402,0.03323784652435288,0.2349704779233003,0.32602514361258805,12.518565500000022
random_forest,66,"{""class_weight"": null, ""criterion"": ""log_loss"", ""max_depth"": null, ""max_features"": 0.8, ""min_samples_leaf"": 20, ""min_samples_split"": 5, ""n_estimators"": 200}",0.24313854138230298,0.3177463422544723,0.2650671401280746,0.2519908190548201,0.2694857107049175,0.2585289795914474,0.02893465434676727,0.24313854138230298,0.3177463422544723,10.681643599999916
random_forest,67,"{""class_weight"": null, ""criterion"": ""entropy"", ""max_depth"": 6, ""max_features"": 0.3, ""min_samples_leaf"": 10, ""min_samples_split"": 20, ""n_estimators"": 200}",0.24018157060394008,0.274963314711638,0.25238015798788616,0.2911632999113381,0.26467208580370055,0.26367173634976204,0.0197393682872018,0.24018157060394008,0.2911632999113381,4.175668500000029
random_forest,68,"{""class_weight"": null, ""criterion"": ""log_loss"", ""max_depth"": 14, ""max_features"": 0.8, ""min_samples_leaf"": 2, ""min_samples_split"": 20, ""n_estimators"": 800}",0.24904525028824512,0.2617076155752389,0.2697994905853789,0.2623201508626413,0.26071812682787604,0.26201388321894015,0.007454407813412739,0.24904525028824512,0.2697994905853789,51.502806800000144
random_forest,69,"{""class_weight"": ""balanced_subsample"", ""criterion"": ""gini"", ""max_depth"": 6, ""max_features"": ""log2"", ""min_samples_leaf"": 40, ""min_samples_split"": 20, ""n_estimators"": 800}",0.21965582782387144,0.18721200060190574,0.2441618996278495,0.2623219703773223,0.22833792460773725,0.23190886372586048,0.028160406523185303,0.18721200060190574,0.2623219703773223,13.967373299999963
random_forest,70,"{""class_weight"": ""balanced"", ""criterion"": ""gini"", ""max_depth"": null, ""max_features"": 0.8, ""min_samples_leaf"": 20, ""min_samples_split"": 5, ""n_estimators"": 800}",0.24178745754706468,0.2669163258427098,0.27441410241895725,0.2497163516679917,0.25820855936918086,0.25831633875535076,0.013040465858129019,0.24178745754706468,0.27441410241895725,38.553937099999985
random_forest,71,"{""class_weight"": ""balanced"", ""criterion"": ""log_loss"", ""max_depth"": 6, ""max_features"": 1.0, ""min_samples_leaf"": 5, ""min_samples_split"": 2, ""n_estimators"": 400}",0.2473119267192751,0.21996201885845384,0.2734449469673216,0.26839158996676366,0.25227762062795356,0.2578517583430194,0.021075293271559676,0.21996201885845384,0.2734449469673216,20.254720399999997
random_forest,72,"{""class_weight"": null, ""criterion"": ""entropy"", ""max_depth"": null, ""max_features"": ""sqrt"", ""min_samples_leaf"": 5, ""min_samples_split"": 10, ""n_estimators"": 200}",0.24425819474648117,0.316392211004929,0.2688201167263764,0.29286688838601654,0.2805843527159508,0.2808435025561965,0.026884244451775282,0.24425819474648117,0.316392211004929,3.9544680999999855
random_forest,73,"{""class_weight"": ""balanced"", ""criterion"": ""entropy"", ""max_depth"": 6, ""max_features"": 0.3, ""min_samples_leaf"": 40, ""min_samples_split"": 10, ""n_estimators"": 400}",0.2246854473738882,0.2707468265581767,0.250050531674766,0.27903410504006054,0.25612922766172286,0.26039867911647135,0.020999818266509825,0.2246854473738882,0.27903410504006054,7.852175399999851
random_forest,74,"{""class_weight"": ""balanced_subsample"", ""criterion"": ""entropy"", ""max_depth"": 14, ""max_features"": ""log2"", ""min_samples_leaf"": 40, ""min_samples_split"": 2, ""n_estimators"": 400}",0.21950590656803595,0.21091938060484156,0.25642381170643264,0.2744875104395386,0.24033415232971217,0.2379648591372343,0.02609776631328804,0.21091938060484156,0.2744875104395386,8.460648799999944
random_forest,75,"{""class_weight"": null, ""criterion"": ""gini"", ""max_depth"": 20, ""max_features"": ""log2"", ""min_samples_leaf"": 10, ""min_samples_split"": 10, ""n_estimators"": 800}",0.2268487748622396,0.2981712472812225,0.27032888419773926,0.30557264184767086,0.27523038704721803,0.28425006573948086,0.030869647805137145,0.2268487748622396,0.30557264184767086,12.092314100000067
random_forest,76,"{""class_weight"": ""balanced_subsample"", ""criterion"": ""gini"", ""max_depth"": 6, ""max_features"": 0.3, ""min_samples_leaf"": 40, ""min_samples_split"": 5, ""n_estimators"": 400}",0.22477028189346304,0.2728325503580606,0.25445919346279366,0.27657304861294446,0.25715876858181547,0.2636458719104271,0.020487090325869064,0.22477028189346304,0.27657304861294446,10.268389999999954
random_forest,77,"{""class_weight"": ""balanced_subsample"", ""criterion"": ""entropy"", ""max_depth"": null, ""max_features"": 0.8, ""min_samples_leaf"": 5, ""min_samples_split"": 20, ""n_estimators"": 800}",0.26185271800894716,0.2890319540255716,0.2691548626841356,0.23845780856853588,0.26462433582179756,0.26550379034654137,0.018087471588282892,0.23845780856853588,0.2890319540255716,59.27674430000002
random_forest,78,"{""class_weight"": null, ""criterion"": ""entropy"", ""max_depth"": 14, ""max_features"": ""log2"", ""min_samples_leaf"": 5, ""min_samples_split"": 5, ""n_estimators"": 400}",0.24156797946787256,0.29336813647691873,0.27134224874056967,0.3137465389308158,0.28000622590404417,0.2823551926087442,0.02678391619367441,0.24156797946787256,0.3137465389308158,6.585817799999859
random_forest,79,"{""class_weight"": null, ""criterion"": ""log_loss"", ""max_depth"": 10, ""max_features"": 0.8, ""min_samples_leaf"": 5, ""min_samples_split"": 2, ""n_estimators"": 400}",0.25445761790223415,0.2547705672894086,0.2672853819855274,0.2669058255639227,0.2608548481852732,0.26083819642666567,0.006243178707740856,0.25445761790223415,0.2672853819855274,22.059903600000098
random_forest,80,"{""class_weight"": ""balanced"", ""criterion"": ""gini"", ""max_depth"": 10, ""max_features"": 1.0, ""min_samples_leaf"": 2, ""min_samples_split"": 20, ""n_estimators"": 800}",0.25740547844489603,0.2366969863536552,0.2645526474067278,0.25709218970746783,0.25393682547818675,0.25724883407618193,0.010391049093824812,0.2366969863536552,0.2645526474067278,45.914805300000125
random_forest,81,"{""class_weight"": null, ""criterion"": ""entropy"", ""max_depth"": 6, ""max_features"": ""log2"", ""min_samples_leaf"": 2, ""min_samples_split"": 2, ""n_estimators"": 200}",0.23030238477389472,0.29592892124010073,0.25764487358230337,0.29199967913189534,0.26896896468204856,0.2748222763570993,0.026835575765722892,0.23030238477389472,0.29592892124010073,2.4522481999999854
random_forest,82,"{""class_weight"": ""balanced_subsample"", ""criterion"": ""entropy"", ""max_depth"": 6, ""max_features"": ""sqrt"", ""min_samples_leaf"": 10, ""min_samples_split"": 10, ""n_estimators"": 200}",0.23350869079219574,0.25122318945124006,0.2473404463751721,0.2756501085070683,0.25193060878141904,0.24928181791320608,0.015194997224918936,0.23350869079219574,0.2756501085070683,4.030013300000064
random_forest,83,"{""class_weight"": ""balanced_subsample"", ""criterion"": ""entropy"", ""max_depth"": 20, ""max_features"": 1.0, ""min_samples_leaf"": 2, ""min_samples_split"": 20, ""n_estimators"": 200}",0.26256571086481206,0.26759910320704183,0.269412015630479,0.22735507539153488,0.2567329762734669,0.26508240703592695,0.01714579107678413,0.22735507539153488,0.269412015630479,17.672763600000053
random_forest,84,"{""class_weight"": null, ""criterion"": ""log_loss"", ""max_depth"": null, ""max_features"": ""sqrt"", ""min_samples_leaf"": 20, ""min_samples_split"": 5, ""n_estimators"": 200}",0.22203779908680346,0.30151398189067363,0.2598367175552936,0.2949723768274763,0.26959021884006173,0.27740454719138496,0.031700725556017356,0.22203779908680346,0.30151398189067363,3.213236899999856
random_forest,85,"{""class_weight"": ""balanced"", ""criterion"": ""entropy"", ""max_depth"": 20, ""max_features"": 0.8, ""min_samples_leaf"": 40, ""min_samples_split"": 10, ""n_estimators"": 400}",0.2300479861641152,0.2586573242952971,0.2639626114939213,0.2630885183194816,0.2539391100682038,0.26087292130738937,0.013939418917885082,0.2300479861641152,0.2639626114939213,18.600492199999962
random_forest,86,"{""class_weight"": null, ""criterion"": ""entropy"", ""max_depth"": 6, ""max_features"": 0.3, ""min_samples_leaf"": 2, ""min_samples_split"": 10, ""n_estimators"": 800}",0.24249458207351346,0.2772581606518621,0.25398188168870406,0.295802065695007,0.26738417252727165,0.26562002117028305,0.020640890280307293,0.24249458207351346,0.295802065695007,16.731446499999947
random_forest,87,"{""class_weight"": ""balanced_subsample"", ""criterion"": ""entropy"", ""max_depth"": null, ""max_features"": 0.8, ""min_samples_leaf"": 20, ""min_samples_split"": 5, ""n_estimators"": 400}",0.24643578246573486,0.2870897898491742,0.2755288925000313,0.24487736098811816,0.26348295645076464,0.2609823374828831,0.018297277678652198,0.24487736098811816,0.2870897898491742,25.1642703
random_forest,88,"{""class_weight"": ""balanced_subsample"", ""criterion"": ""entropy"", ""max_depth"": 14, ""max_features"": 1.0, ""min_samples_leaf"": 10, ""min_samples_split"": 10, ""n_estimators"": 400}",0.25662349197971923,0.2713546751182372,0.27807648028748444,0.232743502650268,0.2596995375089272,0.2639890835489782,0.01738996930688299,0.232743502650268,0.27807648028748444,32.03426369999988
random_forest,89,"{""class_weight"": null, ""criterion"": ""gini"", ""max_depth"": null, ""max_features"": ""log2"", ""min_samples_leaf"": 20, ""min_samples_split"": 5, ""n_estimators"": 200}",0.21500660774014896,0.29235361453053216,0.2730184558242842,0.30404182964524157,0.27110512693505173,0.2826860351774082,0.034230941024948315,0.21500660774014896,0.30404182964524157,2.6339863000000605
random_forest,90,"{""class_weight"": ""balanced_subsample"", ""criterion"": ""log_loss"", ""max_depth"": 20, ""max_features"": ""log2"", ""min_samples_leaf"": 5, ""min_samples_split"": 10, ""n_estimators"": 200}",0.25134250660913704,0.2834379300042182,0.27338822196834367,0.2792285226123889,0.271849295298522,0.2763083722903663,0.012365740250162552,0.25134250660913704,0.2834379300042182,5.0309036000001015
random_forest,91,"{""class_weight"": ""balanced_subsample"", ""criterion"": ""entropy"", ""max_depth"": null, ""max_features"": ""log2"", ""min_samples_leaf"": 20, ""min_samples_split"": 5, ""n_estimators"": 200}",0.2302735300616597,0.2699785313374073,0.27578116036954214,0.27426093969815746,0.26257354036669167,0.27211973551778235,0.018769397208317544,0.2302735300616597,0.27578116036954214,4.335804800000005
random_forest,92,"{""class_weight"": null, ""criterion"": ""gini"", ""max_depth"": 6, ""max_features"": ""log2"", ""min_samples_leaf"": 40, ""min_samples_split"": 10, ""n_estimators"": 800}",0.20850822419028908,0.23576508280709896,0.25917431778708744,0.2841065958384242,0.2468885551557249,0.2474697002970932,0.027986174969975266,0.20850822419028908,0.2841065958384242,9.979119300000093
random_forest,93,"{""class_weight"": null, ""criterion"": ""gini"", ""max_depth"": null, ""max_features"": ""log2"", ""min_samples_leaf"": 5, ""min_samples_split"": 10, ""n_estimators"": 200}",0.23382943479288984,0.32042069561338643,0.2765434430947603,0.3036548963642194,0.283612117466314,0.29009916972948985,0.03272944416994186,0.23382943479288984,0.32042069561338643,3.369590300000027
random_forest,94,"{""class_weight"": null, ""criterion"": ""gini"", ""max_depth"": 6, ""max_features"": ""sqrt"", ""min_samples_leaf"": 5, ""min_samples_split"": 2, ""n_estimators"": 200}",0.226913008720751,0.279103578180921,0.2533770506730349,0.3157157413510662,0.2687773447314433,0.26624031442697793,0.0327858043258654,0.226913008720751,0.3157157413510662,2.8172596000001704
random_forest,95,"{""class_weight"": ""balanced_subsample"", ""criterion"": ""entropy"", ""max_depth"": 10, ""max_features"": ""log2"", ""min_samples_leaf"": 40, ""min_samples_split"": 10, ""n_estimators"": 200}",0.2193133312594803,0.24272693259208816,0.2658748045082254,0.2710124848355304,0.24973188829883108,0.25430086855015677,0.020541516189846926,0.2193133312594803,0.2710124848355304,4.323673999999983
random_forest,96,"{""class_weight"": null, ""criterion"": ""gini"", ""max_depth"": 14, ""max_features"": 0.3, ""min_samples_leaf"": 20, ""min_samples_split"": 2, ""n_estimators"": 400}",0.23180682789598367,0.31445864998307205,0.26765453845581366,0.28374017446133026,0.2744150476990499,0.27569735645857196,0.029797705251528302,0.23180682789598367,0.31445864998307205,9.48374089999993
random_forest,97,"{""class_weight"": ""balanced"", ""criterion"": ""entropy"", ""max_depth"": 14, ""max_features"": 0.8, ""min_samples_leaf"": 20, ""min_samples_split"": 20, ""n_estimators"": 800}",0.24806535692782355,0.27734886817878274,0.27408781741508503,0.24855958644319315,0.26201540724122113,0.2613237019291391,0.013752464586617798,0.24806535692782355,0.27734886817878274,44.389193200000136
random_forest,98,"{""class_weight"": ""balanced_subsample"", ""criterion"": ""entropy"", ""max_depth"": null, ""max_features"": 0.3, ""min_samples_leaf"": 5, ""min_samples_split"": 5, ""n_estimators"": 400}",0.272020421678955,0.30189281686291075,0.27517379449533197,0.2460098222828127,0.2737742138300026,0.2735971080871435,0.019789845170287344,0.2460098222828127,0.30189281686291075,16.1785339999999
random_forest,99,"{""class_weight"": null, ""criterion"": ""gini"", ""max_depth"": 20, ""max_features"": 1.0, ""min_samples_leaf"": 40, ""min_samples_split"": 5, ""n_estimators"": 200}",0.2233145858894784,0.2922741843185874,0.256825996478053,0.25961085168404185,0.25800640459254015,0.25821842408104745,0.024401693722286868,0.2233145858894784,0.2922741843185874,9.718415899999854
random_forest,100,"{""class_weight"": ""balanced"", ""criterion"": ""gini"", ""max_depth"": 6, ""max_features"": ""log2"", ""min_samples_leaf"": 40, ""min_samples_split"": 10, ""n_estimators"": 400}",0.2202805047787906,0.1884524616319608,0.2441132726642336,0.2645092607803644,0.22933887496383734,0.23219688872151212,0.02832398158560709,0.1884524616319608,0.2645092607803644,4.457422499999893
random_forest,101,"{""class_weight"": ""balanced"", ""criterion"": ""log_loss"", ""max_depth"": null, ""max_features"": 0.3, ""min_samples_leaf"": 2, ""min_samples_split"": 2, ""n_estimators"": 200}",0.27542430166687537,0.28178849969297565,0.26492254239279756,0.24662766312883524,0.26719075172037093,0.27017342202983646,0.01331231550642397,0.24662766312883524,0.28178849969297565,7.631603400000131
random_forest,102,"{""class_weight"": ""balanced_subsample"", ""criterion"": ""entropy"", ""max_depth"": 20, ""max_features"": ""sqrt"", ""min_samples_leaf"": 2, ""min_samples_split"": 5, ""n_estimators"": 400}",0.2710568897629407,0.2711133187721583,0.2685796534095941,0.26139466144867873,0.268036130848343,0.26981827158626737,0.003968582949235838,0.26139466144867873,0.2711133187721583,11.65503560000002
random_forest,103,"{""class_weight"": null, ""criterion"": ""gini"", ""max_depth"": null, ""max_features"": ""log2"", ""min_samples_leaf"": 5, ""min_samples_split"": 5, ""n_estimators"": 800}",0.23236849915663807,0.30930014098054737,0.272810770659916,0.30506356395445133,0.2798857436878882,0.28893716730718366,0.030850742181732463,0.23236849915663807,0.30930014098054737,12.95758479999995
random_forest,104,"{""class_weight"": ""balanced_subsample"", ""criterion"": ""gini"", ""max_depth"": 10, ""max_features"": 0.8, ""min_samples_leaf"": 10, ""min_samples_split"": 5, ""n_estimators"": 200}",0.252974356043373,0.26531343828174914,0.2639115573134225,0.2466513743902039,0.2572126815071871,0.25844295667839773,0.007745995871165202,0.2466513743902039,0.26531343828174914,11.319107899999835
random_forest,105,"{""class_weight"": ""balanced"", ""criterion"": ""gini"", ""max_depth"": 10, ""max_features"": ""log2"", ""min_samples_leaf"": 20, ""min_samples_split"": 20, ""n_estimators"": 200}",0.22667398339226807,0.25205345206013474,0.27307032146780946,0.2782195433342835,0.257504325063624,0.2625618867639721,0.020320202361989986,0.22667398339226807,0.2782195433342835,2.7507787000001827
random_forest,106,"{""class_weight"": null, ""criterion"": ""gini"", ""max_depth"": 20, ""max_features"": 0.3, ""min_samples_leaf"": 40, ""min_samples_split"": 20, ""n_estimators"": 800}",0.21647142524694574,0.2927595184075622,0.25851667890725566,0.28728850941819045,0.26375903299498854,0.27290259416272306,0.030241794497966056,0.21647142524694574,0.2927595184075622,17.32761830000004
random_forest,107,"{""class_weight"": ""balanced"", ""criterion"": ""log_loss"", ""max_depth"": 20, ""max_features"": ""log2"", ""min_samples_leaf"": 5, ""min_samples_split"": 10, ""n_estimators"": 400}",0.2541529918575595,0.2780670637538242,0.2689741869558067,0.2794674065516486,0.2701654122797097,0.27352062535481547,0.010084391640073773,0.2541529918575595,0.2794674065516486,7.013109100000065
random_forest,108,"{""class_weight"": ""balanced"", ""criterion"": ""gini"", ""max_depth"": null, ""max_features"": 0.5, ""min_samples_leaf"": 10, ""min_samples_split"": 10, ""n_estimators"": 200}",0.24997789453687347,0.2874893058948044,0.2692754355357977,0.2467094856702102,0.26336303040942144,0.2596266650363356,0.016382430511698146,0.2467094856702102,0.2874893058948044,7.58532439999999
random_forest,109,"{""class_weight"": ""balanced"", ""criterion"": ""entropy"", ""max_depth"": null, ""max_features"": 0.5, ""min_samples_leaf"": 10, ""min_samples_split"": 2, ""n_estimators"": 800}",0.25834314607491543,0.3002496232240736,0.27566793959022945,0.25210200648206355,0.2715906788428205,0.26700554283257244,0.018663230046482925,0.25210200648206355,0.3002496232240736,34.98392710000007
random_forest,110,"{""class_weight"": ""balanced"", ""criterion"": ""log_loss"", ""max_depth"": null, ""max_features"": 1.0, ""min_samples_leaf"": 10, ""min_samples_split"": 2, ""n_estimators"": 400}",0.25451248670134846,0.27194223032947024,0.2789127711829478,0.2316390484031519,0.2592516341542296,0.26322735851540935,0.01825188997738205,0.2316390484031519,0.2789127711829478,30.27642600000013
random_forest,111,"{""class_weight"": null, ""criterion"": ""entropy"", ""max_depth"": 6, ""max_features"": 0.3, ""min_samples_leaf"": 5, ""min_samples_split"": 20, ""n_estimators"": 800}",0.2424649702649618,0.27737673806415014,0.2536176340288594,0.29767836193779573,0.26778442607394176,0.26549718604650474,0.02137424086407052,0.2424649702649618,0.29767836193779573,17.086899800000083
random_forest,112,"{""class_weight"": null, ""criterion"": ""gini"", ""max_depth"": 6, ""max_features"": ""sqrt"", ""min_samples_leaf"": 20, ""min_samples_split"": 2, ""n_estimators"": 200}",0.22010048350437905,0.28878442828737033,0.25460980022275714,0.2968694672845011,0.2650910448247519,0.2716971142550637,0.0304353891476109,0.22010048350437905,0.2968694672845011,2.6023741000001337
random_forest,113,"{""class_weight"": ""balanced_subsample"", ""criterion"": ""gini"", ""max_depth"": null, ""max_features"": 0.8, ""min_samples_leaf"": 5, ""min_samples_split"": 10, ""n_estimators"": 200}",0.25987493200870815,0.27906376516264647,0.26970421419383156,0.22736692017972868,0.25900245788622867,0.2647895731012698,0.0194843019812101,0.22736692017972868,0.27906376516264647,12.946810799999867
random_forest,114,"{""class_weight"": ""balanced"", ""criterion"": ""log_loss"", ""max_depth"": 20, ""max_features"": 0.5, ""min_samples_leaf"": 20, ""min_samples_split"": 10, ""n_estimators"": 400}",0.2504335579154786,0.31411288539586535,0.267950470122185,0.2614421258431598,0.2734847598191722,0.26469629798267236,0.024277849434262,0.2504335579154786,0.31411288539586535,15.317473000000064
random_forest,115,"{""class_weight"": null, ""criterion"": ""gini"", ""max_depth"": 20, ""max_features"": ""log2"", ""min_samples_leaf"": 20, ""min_samples_split"": 2, ""n_estimators"": 400}",0.21548421947263954,0.29752408327626995,0.2674623445174783,0.3103648807860869,0.2727088820131187,0.2824932138968741,0.03652381625694859,0.21548421947263954,0.3103648807860869,4.955711600000086
random_forest,116,"{""class_weight"": null, ""criterion"": ""log_loss"", ""max_depth"": null, ""max_features"": 1.0, ""min_samples_leaf"": 20, ""min_samples_split"": 20, ""n_estimators"": 200}",0.24149480387382682,0.30148919251854256,0.2682753222953127,0.25365806393887486,0.26622934565663925,0.26096669311709375,0.022457056253903585,0.24149480387382682,0.30148919251854256,12.587455699999964
random_forest,117,"{""class_weight"": ""balanced_subsample"", ""criterion"": ""log_loss"", ""max_depth"": 6, ""max_features"": 1.0, ""min_samples_leaf"": 10, ""min_samples_split"": 10, ""n_estimators"": 200}",0.24579209665450047,0.21484790664413633,0.2785088412886083,0.26753964193881447,0.2516721216315149,0.25666586929665747,0.02430321596940916,0.21484790664413633,0.2785088412886083,11.428345900000068
random_forest,118,"{""class_weight"": ""balanced"", ""criterion"": ""entropy"", ""max_depth"": 10, ""max_features"": 0.3, ""min_samples_leaf"": 40, ""min_samples_split"": 10, ""n_estimators"": 400}",0.22584907493593973,0.27076594225939776,0.25625780126065945,0.2759572611985275,0.2572075199136311,0.2635118717600286,0.019491265041650274,0.22584907493593973,0.2759572611985275,9.731035799999972
random_forest,119,"{""class_weight"": ""balanced_subsample"", ""criterion"": ""entropy"", ""max_depth"": 20, ""max_features"": ""sqrt"", ""min_samples_leaf"": 40, ""min_samples_split"": 20, ""n_estimators"": 800}",0.22014118968748564,0.24815885411280203,0.2744953972689267,0.2814525893729555,0.25606200761054243,0.26132712569086436,0.024172486901443625,0.22014118968748564,0.2814525893729555,18.502516499999956
random_forest,120,"{""class_weight"": null, ""criterion"": ""log_loss"", ""max_depth"": null, ""max_features"": ""log2"", ""min_samples_leaf"": 40, ""min_samples_split"": 20, ""n_estimators"": 800}",0.21195297526433565,0.27753651407436597,0.2655126109362971,0.2910307508510247,0.2615082127815058,0.2715245625053315,0.030001014426041247,0.21195297526433565,0.2910307508510247,11.68018189999998
random_forest,121,"{""class_weight"": ""balanced_subsample"", ""criterion"": ""entropy"", ""max_depth"": 14, ""max_features"": 0.5, ""min_samples_leaf"": 20, ""min_samples_split"": 10, ""n_estimators"": 200}",0.24444207317260724,0.282052717938982,0.2641926558606339,0.259266305404911,0.26248843809428357,0.26172948063277246,0.013432412571752055,0.24444207317260724,0.282052717938982,9.898454000000129
random_forest,122,"{""class_weight"": ""balanced"", ""criterion"": ""log_loss"", ""max_depth"": 20, ""max_features"": 0.8, ""min_samples_leaf"": 40, ""min_samples_split"": 2, ""n_estimators"": 800}",0.23215226795096,0.25640545243659923,0.2637403284984358,0.26293706470385414,0.2538087783974623,0.25967125857022666,0.012822913661533783,0.23215226795096,0.2637403284984358,38.13104009999984
random_forest,123,"{""class_weight"": ""balanced_subsample"", ""criterion"": ""entropy"", ""max_depth"": 14, ""max_features"": 0.8, ""min_samples_leaf"": 5, ""min_samples_split"": 10, ""n_estimators"": 800}",0.26262065000461005,0.2386612882995191,0.26251962337376533,0.23437049204006027,0.2495430134294887,0.2505904558366422,0.013115204260263406,0.23437049204006027,0.26262065000461005,56.425522
random_forest,124,"{""class_weight"": ""balanced_subsample"", ""criterion"": ""log_loss"", ""max_depth"": null, ""max_features"": 1.0, ""min_samples_leaf"": 2, ""min_samples_split"": 10, ""n_estimators"": 400}",0.26156327514679223,0.27365997597838154,0.2758239973319342,0.22569985093596762,0.2591867748482689,0.2676116255625869,0.02008290659803013,0.22569985093596762,0.2758239973319342,38.205563499999926
random_forest,125,"{""class_weight"": ""balanced_subsample"", ""criterion"": ""log_loss"", ""max_depth"": 20, ""max_features"": 0.5, ""min_samples_leaf"": 40, ""min_samples_split"": 2, ""n_estimators"": 800}",0.23171399846531604,0.28378525353172795,0.26230473679148625,0.26730140337831354,0.26127634804171096,0.2648030700848999,0.018827786739718518,0.23171399846531604,0.28378525353172795,31.255369100000053
random_forest,126,"{""class_weight"": null, ""criterion"": ""entropy"", ""max_depth"": null, ""max_features"": ""sqrt"", ""min_samples_leaf"": 10, ""min_samples_split"": 20, ""n_estimators"": 200}",0.23340512877164157,0.3161447361446206,0.2681410574024182,0.2849222422031232,0.2756532911304509,0.2765316498027707,0.02986139418883529,0.23340512877164157,0.3161447361446206,3.496821299999965
random_forest,127,"{""class_weight"": ""balanced"", ""criterion"": ""log_loss"", ""max_depth"": 6, ""max_features"": 0.8, ""min_samples_leaf"": 5, ""min_samples_split"": 5, ""n_estimators"": 200}",0.24734033726083227,0.21899502452756192,0.2612587978108886,0.2686116230897911,0.24905144567226845,0.25429956753586047,0.018960065472361152,0.21899502452756192,0.2686116230897911,8.629262800000106
random_forest,128,"{""class_weight"": null, ""criterion"": ""entropy"", ""max_depth"": 14, ""max_features"": ""sqrt"", ""min_samples_leaf"": 20, ""min_samples_split"": 20, ""n_estimators"": 400}",0.2225206560899286,0.297432520126506,0.262556449779182,0.2981583584568662,0.2701669961131207,0.279994484952844,0.031044400858649256,0.2225206560899286,0.2981583584568662,6.590234699999883
random_forest,129,"{""class_weight"": ""balanced_subsample"", ""criterion"": ""gini"", ""max_depth"": 6, ""max_features"": ""sqrt"", ""min_samples_leaf"": 5, ""min_samples_split"": 20, ""n_estimators"": 200}",0.23512245291736786,0.2530629493733115,0.24732182656606888,0.280087079507245,0.2538985770909983,0.2501923879696902,0.01644941046769666,0.23512245291736786,0.280087079507245,4.184754099999964
random_forest,130,"{""class_weight"": ""balanced_subsample"", ""criterion"": ""gini"", ""max_depth"": 14, ""max_features"": 1.0, ""min_samples_leaf"": 20, ""min_samples_split"": 20, ""n_estimators"": 800}",0.2418050994966201,0.2532840933756193,0.27325780366877467,0.24905049144509256,0.2543493719965267,0.25116729241035596,0.011662981120778173,0.2418050994966201,0.27325780366877467,51.67586989999995
random_forest,131,"{""class_weight"": ""balanced"", ""criterion"": ""entropy"", ""max_depth"": 14, ""max_features"": 0.3, ""min_samples_leaf"": 10, ""min_samples_split"": 5, ""n_estimators"": 800}",0.2608658943950211,0.3034412653927932,0.2637886851997771,0.2563369031725542,0.2711081870400364,0.2623272897973991,0.018855360303339102,0.2563369031725542,0.3034412653927932,24.381474500000195
random_forest,132,"{""class_weight"": ""balanced"", ""criterion"": ""gini"", ""max_depth"": null, ""max_features"": 0.3, ""min_samples_leaf"": 20, ""min_samples_split"": 20, ""n_estimators"": 400}",0.2400882892298744,0.2942926929135269,0.2691276075957294,0.26951043712530404,0.2682547567161087,0.26931902236051675,0.01919415675421823,0.2400882892298744,0.2942926929135269,9.678956900000003
random_forest,133,"{""class_weight"": ""balanced"", ""criterion"": ""entropy"", ""max_depth"": 10, ""max_features"": 0.3, ""min_samples_leaf"": 5, ""min_samples_split"": 5, ""n_estimators"": 200}",0.26041470177687187,0.2647646173942865,0.25602455330843044,0.2604190325176672,0.260405726249314,0.2604168671472695,0.0030900997543980143,0.25602455330843044,0.2647646173942865,5.657164699999839
random_forest,134,"{""class_weight"": ""balanced"", ""criterion"": ""gini"", ""max_depth"": 6, ""max_features"": 0.5, ""min_samples_leaf"": 2, ""min_samples_split"": 2, ""n_estimators"": 800}",0.2432290207692718,0.24449583771924266,0.26163845656672,0.2717803275061373,0.25528591064034295,0.25306714714298134,0.011981390721605844,0.2432290207692718,0.2717803275061373,22.570163500000035
random_forest,135,"{""class_weight"": ""balanced"", ""criterion"": ""gini"", ""max_depth"": 6, ""max_features"": 0.3, ""min_samples_leaf"": 2, ""min_samples_split"": 20, ""n_estimators"": 800}",0.24369428322776937,0.2549953114009549,0.24768740715198623,0.2800391947035764,0.2566040491210717,0.25134135927647056,0.014124116299348123,0.24369428322776937,0.2800391947035764,16.11693429999991
random_forest,136,"{""class_weight"": ""balanced"", ""criterion"": ""gini"", ""max_depth"": 6, ""max_features"": 0.5, ""min_samples_leaf"": 40, ""min_samples_split"": 10, ""n_estimators"": 200}",0.2267900237656888,0.25811846306017594,0.2630409136801768,0.2750323101138314,0.2557454276549682,0.26057968837017637,0.017813300246948098,0.2267900237656888,0.2750323101138314,5.09277770000017
random_forest,137,"{""class_weight"": ""balanced_subsample"", ""criterion"": ""gini"", ""max_depth"": null, ""max_features"": ""log2"", ""min_samples_leaf"": 5, ""min_samples_split"": 2, ""n_estimators"": 400}",0.25129416556610923,0.2825563501593578,0.259081386400026,0.27454763954359696,0.2668698854172725,0.26681451297181147,0.012331634627580294,0.25129416556610923,0.2825563501593578,9.501890500000172
random_forest,138,"{""class_weight"": null, ""criterion"": ""entropy"", ""max_depth"": null, ""max_features"": ""sqrt"", ""min_samples_leaf"": 2, ""min_samples_split"": 20, ""n_estimators"": 200}",0.24354523896726282,0.32238197072030955,0.26992663137228035,0.2983369617486779,0.28354770070213264,0.28413179656047916,0.029633398576124802,0.24354523896726282,0.32238197072030955,4.345874400000184
random_forest,139,"{""class_weight"": ""balanced"", ""criterion"": ""entropy"", ""max_depth"": 14, ""max_features"": ""log2"", ""min_samples_leaf"": 20, ""min_samples_split"": 20, ""n_estimators"": 800}",0.2273656282092212,0.24270393130309117,0.2722810474893863,0.28210311960281914,0.2561134316511295,0.25749248939623876,0.02204034133151236,0.2273656282092212,0.28210311960281914,11.958384699999897
random_forest,140,"{""class_weight"": null, ""criterion"": ""gini"", ""max_depth"": 10, ""max_features"": ""log2"", ""min_samples_leaf"": 10, ""min_samples_split"": 5, ""n_estimators"": 400}",0.22429338991456757,0.29100714142926914,0.2673135639255463,0.3148738842720694,0.2743719948853631,0.2791603526774077,0.03344704496613157,0.22429338991456757,0.3148738842720694,6.1720434000001205
random_forest,141,"{""class_weight"": null, ""criterion"": ""log_loss"", ""max_depth"": 6, ""max_features"": 0.8, ""min_samples_leaf"": 40, ""min_samples_split"": 20, ""n_estimators"": 400}",0.22794864743767687,0.28075756434851695,0.2555011580986467,0.29021189514216017,0.26360481625675014,0.26812936122358183,0.024182561197646595,0.22794864743767687,0.29021189514216017,16.077930500000093
random_forest,142,"{""class_weight"": ""balanced_subsample"", ""criterion"": ""entropy"", ""max_depth"": 10, ""max_features"": 0.8, ""min_samples_leaf"": 5, ""min_samples_split"": 5, ""n_estimators"": 200}",0.2648343504635997,0.23237324051405842,0.2564227491965666,0.23806011644852992,0.24792261415568867,0.24724143282254826,0.013203323467334036,0.23237324051405842,0.2648343504635997,12.614773699999887
random_forest,143,"{""class_weight"": ""balanced_subsample"", ""criterion"": ""gini"", ""max_depth"": 6, ""max_features"": 1.0, ""min_samples_leaf"": 40, ""min_samples_split"": 2, ""n_estimators"": 800}",0.22919734449280474,0.21439563419823385,0.2849390018448678,0.27475707975104624,0.25082226507173816,0.2519772121219255,0.02971263918191867,0.21439563419823385,0.2849390018448678,39.8672360999999
random_forest,144,"{""class_weight"": ""balanced_subsample"", ""criterion"": ""log_loss"", ""max_depth"": 10, ""max_features"": 1.0, ""min_samples_leaf"": 5, ""min_samples_split"": 10, ""n_estimators"": 400}",0.25913128124570717,0.22249245368741633,0.26660040034844673,0.24099095610254845,0.24730377284602967,0.25006111867412784,0.01708583478746964,0.22249245368741633,0.26660040034844673,30.18054559999996
random_forest,145,"{""class_weight"": ""balanced_subsample"", ""criterion"": ""gini"", ""max_depth"": 10, ""max_features"": 0.5, ""min_samples_leaf"": 5, ""min_samples_split"": 2, ""n_estimators"": 400}",0.2538506827338239,0.23931224023258424,0.26526979538516815,0.25431316262735715,0.25318647024473334,0.2540819226805905,0.009222413171659697,0.23931224023258424,0.26526979538516815,16.043924299999844
random_forest,146,"{""class_weight"": ""balanced"", ""criterion"": ""entropy"", ""max_depth"": 14, ""max_features"": ""sqrt"", ""min_samples_leaf"": 20, ""min_samples_split"": 2, ""n_estimators"": 200}",0.2313888823380699,0.27166863407109737,0.2691246619721565,0.2701660622493621,0.2605870601576715,0.2696453621107593,0.016881815617692805,0.2313888823380699,0.27166863407109737,3.2646577999998954
random_forest,147,"{""class_weight"": ""balanced"", ""criterion"": ""gini"", ""max_depth"": 10, ""max_features"": 1.0, ""min_samples_leaf"": 20, ""min_samples_split"": 5, ""n_estimators"": 200}",0.2423932093300825,0.25247072678030635,0.26584651138114046,0.2531084689369004,0.2534547291071074,0.2527895978586034,0.008321683188952444,0.2423932093300825,0.26584651138114046,10.397045599999956
random_forest,148,"{""class_weight"": ""balanced_subsample"", ""criterion"": ""log_loss"", ""max_depth"": 10, ""max_features"": ""sqrt"", ""min_samples_leaf"": 10, ""min_samples_split"": 2, ""n_estimators"": 800}",0.2436334234588316,0.28183069571079417,0.2635878438709565,0.28080470559733944,0.26746416715948046,0.272196274734148,0.015550702041956766,0.2436334234588316,0.28183069571079417,20.860894099999996
random_forest,149,"{""class_weight"": null, ""criterion"": ""entropy"", ""max_depth"": 10, ""max_features"": ""log2"", ""min_samples_leaf"": 2, ""min_samples_split"": 10, ""n_estimators"": 800}",0.2340066513190256,0.28610881763885354,0.26156589926038193,0.3139931771982175,0.2739186363541196,0.27383735844961776,0.029580931386488322,0.2340066513190256,0.3139931771982175,13.405439400000205
random_forest,150,"{""class_weight"": ""balanced"", ""criterion"": ""gini"", ""max_depth"": null, ""max_features"": 0.8, ""min_samples_leaf"": 10, ""min_samples_split"": 10, ""n_estimators"": 400}",0.253548857545488,0.2751015070569576,0.276078952716284,0.24318323977250245,0.261978139272808,0.2643251823012228,0.014101035063346286,0.24318323977250245,0.276078952716284,22.27547400000003
random_forest,151,"{""class_weight"": ""balanced_subsample"", ""criterion"": ""gini"", ""max_depth"": 6, ""max_features"": ""log2"", ""min_samples_leaf"": 20, ""min_samples_split"": 2, ""n_estimators"": 200}",0.22514286858460433,0.21745573328242704,0.25360599944163076,0.25331364057240596,0.23737956047026704,0.23922825457850516,0.01630864608503973,0.21745573328242704,0.25360599944163076,3.732401100000061
random_forest,152,"{""class_weight"": null, ""criterion"": ""entropy"", ""max_depth"": 20, ""max_features"": ""log2"", ""min_samples_leaf"": 20, ""min_samples_split"": 20, ""n_estimators"": 800}",0.22042985174235105,0.3002894895791411,0.2689858397899034,0.3013174510408273,0.2727556580380557,0.28463766468452223,0.03288650723695718,0.22042985174235105,0.3013174510408273,12.574470699999893
random_forest,153,"{""class_weight"": ""balanced_subsample"", ""criterion"": ""log_loss"", ""max_depth"": null, ""max_features"": ""sqrt"", ""min_samples_leaf"": 40, ""min_samples_split"": 20, ""n_estimators"": 400}",0.21788916121051713,0.26090490523155363,0.26900751632002673,0.28240498348705906,0.25755164156228916,0.2649562107757902,0.02415203095075446,0.21788916121051713,0.28240498348705906,9.859232499999962
random_forest,154,"{""class_weight"": ""balanced"", ""criterion"": ""entropy"", ""max_depth"": 20, ""max_features"": 0.8, ""min_samples_leaf"": 5, ""min_samples_split"": 5, ""n_estimators"": 800}",0.26092784811444364,0.2706918548519767,0.26718748852607804,0.23003475575306098,0.2572104868113898,0.26405766832026084,0.016075034845006636,0.23003475575306098,0.2706918548519767,55.70464949999996
random_forest,155,"{""class_weight"": ""balanced_subsample"", ""criterion"": ""entropy"", ""max_depth"": 14, ""max_features"": 1.0, ""min_samples_leaf"": 20, ""min_samples_split"": 10, ""n_estimators"": 200}",0.2491767096101971,0.2708774991622714,0.26796902439098524,0.24320337731024638,0.257806652618425,0.2585728670005912,0.011851712908565484,0.24320337731024638,0.2708774991622714,14.40266459999998
random_forest,156,"{""class_weight"": null, ""criterion"": ""entropy"", ""max_depth"": 14, ""max_features"": ""log2"", ""min_samples_leaf"": 2, ""min_samples_split"": 2, ""n_estimators"": 800}",0.24240566555270823,0.291172726382659,0.2685383913973461,0.30624895608467423,0.2770914348543469,0.2798555588900026,0.024107576401549303,0.24240566555270823,0.30624895608467423,13.204271600000084
random_forest,157,"{""class_weight"": ""balanced"", ""criterion"": ""log_loss"", ""max_depth"": null, ""max_features"": 0.8, ""min_samples_leaf"": 2, ""min_samples_split"": 2, ""n_estimators"": 200}",0.2594432888864793,0.27112743259405225,0.25785524306669766,0.21714946094802265,0.25139385637381295,0.25864926597658844,0.020424467742690623,0.21714946094802265,0.27112743259405225,15.381143100000145
random_forest,158,"{""class_weight"": ""balanced_subsample"", ""criterion"": ""log_loss"", ""max_depth"": 6, ""max_features"": 1.0, ""min_samples_leaf"": 5, ""min_samples_split"": 2, ""n_estimators"": 400}",0.24787425415663208,0.21528370853536904,0.27137007563502313,0.2679136145193036,0.25061041321158195,0.25789393433796787,0.022281309370664932,0.21528370853536904,0.27137007563502313,23.471090000000004
random_forest,159,"{""class_weight"": ""balanced_subsample"", ""criterion"": ""log_loss"", ""max_depth"": 6, ""max_features"": ""sqrt"", ""min_samples_leaf"": 2, ""min_samples_split"": 20, ""n_estimators"": 800}",0.23727680759967287,0.25245696537616147,0.2564491777107733,0.27572230423475597,0.25547631373034085,0.2544530715434674,0.013703877952183799,0.23727680759967287,0.27572230423475597,16.318404200000032
random_forest,160,"{""class_weight"": ""balanced_subsample"", ""criterion"": ""entropy"", ""max_depth"": null, ""max_features"": 0.3, ""min_samples_leaf"": 5, ""min_samples_split"": 2, ""n_estimators"": 800}",0.2713871891017908,0.30296800642984806,0.2723770778414131,0.2533177564703648,0.27501250746085415,0.27188213347160195,0.01783438088095818,0.2533177564703648,0.30296800642984806,32.35751800000003
random_forest,161,"{""class_weight"": ""balanced"", ""criterion"": ""gini"", ""max_depth"": 6, ""max_features"": ""sqrt"", ""min_samples_leaf"": 10, ""min_samples_split"": 10, ""n_estimators"": 800}",0.23320188933685498,0.2561873294617669,0.2588702611492883,0.27069830204545703,0.2547394454983418,0.25752879530552764,0.013580421878703269,0.23320188933685498,0.27069830204545703,10.162819099999979
random_forest,162,"{""class_weight"": null, ""criterion"": ""entropy"", ""max_depth"": 20, ""max_features"": 1.0, ""min_samples_leaf"": 5, ""min_samples_split"": 2, ""n_estimators"": 200}",0.2523985328664956,0.2813606660045641,0.2652628052513931,0.2308876510006152,0.257477413780767,0.25883066905894436,0.018465051944027287,0.2308876510006152,0.2813606660045641,15.606601899999987
random_forest,163,"{""class_weight"": ""balanced"", ""criterion"": ""gini"", ""max_depth"": 20, ""max_features"": 1.0, ""min_samples_leaf"": 20, ""min_samples_split"": 5, ""n_estimators"": 800}",0.24216181906321008,0.26148061993379135,0.2745642415507604,0.24696692684292365,0.25629340184767135,0.2542237733883575,0.01272218124907451,0.24216181906321008,0.2745642415507604,44.68048120000003
random_forest,164,"{""class_weight"": ""balanced"", ""criterion"": ""log_loss"", ""max_depth"": null, ""max_features"": 0.3, ""min_samples_leaf"": 5, ""min_samples_split"": 10, ""n_estimators"": 400}",0.270231998479562,0.3019706941586964,0.2732955324065323,0.2613662419465905,0.2767161167478453,0.27176376544304714,0.015224622520509224,0.2613662419465905,0.3019706941586964,13.312438500000098
random_forest,165,"{""class_weight"": ""balanced"", ""criterion"": ""entropy"", ""max_depth"": 20, ""max_features"": 0.5, ""min_samples_leaf"": 10, ""min_samples_split"": 20, ""n_estimators"": 800}",0.25823473452367146,0.3020608803764203,0.2750660031253074,0.25164545587240295,0.2717517684744505,0.26665036882448945,0.019471777197297875,0.25164545587240295,0.3020608803764203,34.630920999999944
random_forest,166,"{""class_weight"": ""balanced_subsample"", ""criterion"": ""gini"", ""max_depth"": null, ""max_features"": 1.0, ""min_samples_leaf"": 2, ""min_samples_split"": 20, ""n_estimators"": 800}",0.25988424710999236,0.27021221704376625,0.28949563723144783,0.23471809358994494,0.26357754874378786,0.26504823207687933,0.019762810801096698,0.23471809358994494,0.28949563723144783,62.12060459999998
random_forest,167,"{""class_weight"": ""balanced"", ""criterion"": ""entropy"", ""max_depth"": 10, ""max_features"": 0.5, ""min_samples_leaf"": 20, ""min_samples_split"": 2, ""n_estimators"": 400}",0.24976127794873465,0.293741006366506,0.2591525613578072,0.2632071477960389,0.2664654983672717,0.26117985457692305,0.01648544974027714,0.24976127794873465,0.293741006366506,13.980304799999885
random_forest,168,"{""class_weight"": null, ""criterion"": ""entropy"", ""max_depth"": 20, ""max_features"": ""log2"", ""min_samples_leaf"": 40, ""min_samples_split"": 2, ""n_estimators"": 200}",0.21144228241372556,0.27129596111003873,0.2567013308986971,0.29406107785210556,0.2583751630686417,0.26399864600436795,0.030190762397879902,0.21144228241372556,0.29406107785210556,2.679816399999936
random_forest,169,"{""class_weight"": ""balanced_subsample"", ""criterion"": ""entropy"", ""max_depth"": 10, ""max_features"": 0.8, ""min_samples_leaf"": 10, ""min_samples_split"": 5, ""n_estimators"": 800}",0.25525992533119063,0.25911448211500115,0.26215943141979103,0.24504913695377997,0.2553957439549407,0.2571872037230959,0.006454595354479801,0.24504913695377997,0.26215943141979103,48.383386499999915
random_forest,170,"{""class_weight"": ""balanced"", ""criterion"": ""entropy"", ""max_depth"": 6, ""max_features"": 0.5, ""min_samples_leaf"": 40, ""min_samples_split"": 10, ""n_estimators"": 400}",0.22858564352060579,0.2719935655348104,0.25690584955219165,0.2792974851427569,0.2591956359375912,0.26444970754350106,0.019429913155372472,0.22858564352060579,0.2792974851427569,11.56871769999998
random_forest,171,"{""class_weight"": ""balanced_subsample"", ""criterion"": ""log_loss"", ""max_depth"": 20, ""max_features"": 0.5, ""min_samples_leaf"": 40, ""min_samples_split"": 20, ""n_estimators"": 800}",0.23171399846531604,0.28378525353172795,0.26230473679148625,0.26730140337831354,0.26127634804171096,0.2648030700848999,0.018827786739718518,0.23171399846531604,0.28378525353172795,32.26839649999988
random_forest,172,"{""class_weight"": ""balanced_subsample"", ""criterion"": ""log_loss"", ""max_depth"": 10, ""max_features"": ""sqrt"", ""min_samples_leaf"": 2, ""min_samples_split"": 5, ""n_estimators"": 200}",0.2499309436459192,0.2752488633033608,0.2663975877362207,0.28715272509945566,0.2696825299462391,0.27082322551979077,0.013574864570560388,0.2499309436459192,0.28715272509945566,4.593538999999964
random_forest,173,"{""class_weight"": ""balanced"", ""criterion"": ""entropy"", ""max_depth"": 14, ""max_features"": 0.3, ""min_samples_leaf"": 40, ""min_samples_split"": 2, ""n_estimators"": 800}",0.22674149184587147,0.27977653149900295,0.2600308832545779,0.27166965218577194,0.25955463969630604,0.26585026772017495,0.020202895309095976,0.22674149184587147,0.27977653149900295,19.043766000000005
random_forest,174,"{""class_weight"": null, ""criterion"": ""log_loss"", ""max_depth"": 10, ""max_features"": 0.5, ""min_samples_leaf"": 20, ""min_samples_split"": 2, ""n_estimators"": 400}",0.23684551109362562,0.3022874846747997,0.26992822919311077,0.2707478577631538,0.26995227068117245,0.2703380434781323,0.023142261834139376,0.23684551109362562,0.3022874846747997,14.242516799999976
random_forest,175,"{""class_weight"": ""balanced"", ""criterion"": ""entropy"", ""max_depth"": 6, ""max_features"": 0.3, ""min_samples_leaf"": 2, ""min_samples_split"": 10, ""n_estimators"": 800}",0.24139414437142748,0.2526051495398013,0.24302745096735434,0.2773832345365703,0.2536024948537884,0.24781630025357781,0.014382225594772697,0.24139414437142748,0.2773832345365703,17.251331500000106
random_forest,176,"{""class_weight"": ""balanced_subsample"", ""criterion"": ""log_loss"", ""max_depth"": 20, ""max_features"": 1.0, ""min_samples_leaf"": 40, ""min_samples_split"": 10, ""n_estimators"": 800}",0.23221320497024975,0.25170867170804956,0.2630006008527343,0.26632921083903804,0.25331292209251793,0.2573546362803919,0.013332728288217473,0.23221320497024975,0.26632921083903804,50.52516190000006
random_forest,177,"{""class_weight"": null, ""criterion"": ""log_loss"", ""max_depth"": 10, ""max_features"": 1.0, ""min_samples_leaf"": 10, ""min_samples_split"": 10, ""n_estimators"": 200}",0.255154530197518,0.28286870637632444,0.2698167361787506,0.2525324349514453,0.2650931019260096,0.26248563318813434,0.012194572532237491,0.2525324349514453,0.28286870637632444,12.796647799999846
random_forest,178,"{""class_weight"": null, ""criterion"": ""gini"", ""max_depth"": 14, ""max_features"": 0.5, ""min_samples_leaf"": 10, ""min_samples_split"": 10, ""n_estimators"": 800}",0.24086664311357983,0.3026344889780827,0.263540165283998,0.25958433479123616,0.26665640804172414,0.2615622500376171,0.0224680855431513,0.24086664311357983,0.3026344889780827,27.98880299999996
random_forest,179,"{""class_weight"": null, ""criterion"": ""gini"", ""max_depth"": 20, ""max_features"": 0.8, ""min_samples_leaf"": 2, ""min_samples_split"": 2, ""n_estimators"": 400}",0.22795876307649102,0.284428768408634,0.2705215881605485,0.2592227492491509,0.2605329672237061,0.2648721687048497,0.020818124972333728,0.22795876307649102,0.284428768408634,24.7378255000001
random_forest,180,"{""class_weight"": ""balanced"", ""criterion"": ""gini"", ""max_depth"": 14, ""max_features"": 0.5, ""min_samples_leaf"": 2, ""min_samples_split"": 20, ""n_estimators"": 800}",0.2609660543374882,0.2602659869439298,0.26500484783905576,0.25538170184975223,0.2604046477425565,0.260616020640709,0.0034178293751948646,0.25538170184975223,0.26500484783905576,30.04339600000003
random_forest,181,"{""class_weight"": null, ""criterion"": ""entropy"", ""max_depth"": null, ""max_features"": 0.3, ""min_samples_leaf"": 20, ""min_samples_split"": 20, ""n_estimators"": 400}",0.23497701978732616,0.31291445876425034,0.2657548318695131,0.2872669062270006,0.27522830416202254,0.27651086904825684,0.02861418686365004,0.23497701978732616,0.31291445876425034,10.48818540000002
random_forest,182,"{""class_weight"": null, ""criterion"": ""entropy"", ""max_depth"": null, ""max_features"": 0.5, ""min_samples_leaf"": 40, ""min_samples_split"": 5, ""n_estimators"": 800}",0.2262013731541574,0.29658212508369186,0.2624149195771479,0.2788298515287059,0.2660070673359257,0.2706223855529269,0.025964662358420938,0.2262013731541574,0.29658212508369186,26.05160009999986
random_forest,183,"{""class_weight"": null, ""criterion"": ""entropy"", ""max_depth"": 10, ""max_features"": 1.0, ""min_samples_leaf"": 5, ""min_samples_split"": 2, ""n_estimators"": 800}",0.25522513369131056,0.2529664290750284,0.2737142522183387,0.25818427083832535,0.2600225214557507,0.25670470226481795,0.008118590174028847,0.2529664290750284,0.2737142522183387,53.509384199999886
random_forest,184,"{""class_weight"": null, ""criterion"": ""gini"", ""max_depth"": 20, ""max_features"": 0.5, ""min_samples_leaf"": 2, ""min_samples_split"": 2, ""n_estimators"": 400}",0.22942357006820435,0.28152964959529075,0.27567315218380084,0.2541621242784288,0.2601971240314312,0.2649176382311148,0.020481802532077303,0.22942357006820435,0.28152964959529075,16.867413899999974
random_forest,185,"{""class_weight"": ""balanced"", ""criterion"": ""gini"", ""max_depth"": null, ""max_features"": 0.5, ""min_samples_leaf"": 10, ""min_samples_split"": 2, ""n_estimators"": 400}",0.2506964716806684,0.29829177873455326,0.27746042963272105,0.24907640543524945,0.26888127137079804,0.2640784506566947,0.0203807479890448,0.24907640543524945,0.29829177873455326,14.462465199999997
random_forest,186,"{""class_weight"": ""balanced_subsample"", ""criterion"": ""entropy"", ""max_depth"": 10, ""max_features"": 1.0, ""min_samples_leaf"": 40, ""min_samples_split"": 2, ""n_estimators"": 200}",0.23223334167120496,0.2523595279742576,0.2592098640763012,0.26090747338857845,0.25117755177758555,0.2557846960252794,0.011395937650149252,0.23223334167120496,0.26090747338857845,12.566073799999913
random_forest,187,"{""class_weight"": ""balanced_subsample"", ""criterion"": ""log_loss"", ""max_depth"": 10, ""max_features"": ""sqrt"", ""min_samples_leaf"": 20, ""min_samples_split"": 10, ""n_estimators"": 800}",0.2311443826072853,0.26603238914972177,0.2611134292799313,0.2827216067250964,0.2602529519405087,0.26357290921482657,0.01861646832889462,0.2311443826072853,0.2827216067250964,17.110010500000044
random_forest,188,"{""class_weight"": ""balanced_subsample"", ""criterion"": ""log_loss"", ""max_depth"": 20, ""max_features"": 1.0, ""min_samples_leaf"": 5, ""min_samples_split"": 20, ""n_estimators"": 400}",0.2598478126722195,0.27388814295268193,0.27428268935491285,0.23104853885699386,0.25976679595920205,0.26686797781245075,0.017570347582519696,0.23104853885699386,0.27428268935491285,35.42876750000005
random_forest,189,"{""class_weight"": null, ""criterion"": ""entropy"", ""max_depth"": 20, ""max_features"": 0.5, ""min_samples_leaf"": 10, ""min_samples_split"": 20, ""n_estimators"": 800}",0.2522364077626355,0.31395353916489277,0.27652712330943513,0.2542655699349179,0.2742456600429703,0.2653963466221765,0.024827061473635732,0.2522364077626355,0.31395353916489277,34.153025899999875
random_forest,190,"{""class_weight"": ""balanced"", ""criterion"": ""gini"", ""max_depth"": null, ""max_features"": ""sqrt"", ""min_samples_leaf"": 40, ""min_samples_split"": 10, ""n_estimators"": 200}",0.2211539492212986,0.23820006431498242,0.2783588961626552,0.2821989876556827,0.2549779743386547,0.2582794802388188,0.02604426045814997,0.2211539492212986,0.2821989876556827,2.7422063999999864
random_forest,191,"{""class_weight"": null, ""criterion"": ""log_loss"", ""max_depth"": 20, ""max_features"": ""sqrt"", ""min_samples_leaf"": 10, ""min_samples_split"": 2, ""n_estimators"": 800}",0.23717438660724646,0.3049351284127864,0.2689310483615457,0.29693448783460513,0.2769937628040459,0.28293276809807544,0.026593902081629622,0.23717438660724646,0.3049351284127864,13.836449599999924
random_forest,192,"{""class_weight"": ""balanced"", ""criterion"": ""entropy"", ""max_depth"": 20, ""max_features"": ""sqrt"", ""min_samples_leaf"": 2, ""min_samples_split"": 20, ""n_estimators"": 400}",0.26320508836699164,0.2848463298727471,0.2617733787006619,0.267601250045685,0.2693565117465214,0.26540316920633833,0.009197273041605931,0.2617733787006619,0.2848463298727471,8.798606699999937
random_forest,193,"{""class_weight"": ""balanced_subsample"", ""criterion"": ""gini"", ""max_depth"": 20, ""max_features"": ""log2"", ""min_samples_leaf"": 20, ""min_samples_split"": 5, ""n_estimators"": 800}",0.22772300437341017,0.26072742203825566,0.2649350778117971,0.2878048606168189,0.26029759121007046,0.2628312499250264,0.021444373471359652,0.22772300437341017,0.2878048606168189,17.951975400000038
random_forest,194,"{""class_weight"": ""balanced_subsample"", ""criterion"": ""log_loss"", ""max_depth"": null, ""max_features"": 0.3, ""min_samples_leaf"": 5, ""min_samples_split"": 2, ""n_estimators"": 400}",0.272020421678955,0.30189281686291075,0.27517379449533197,0.2460098222828127,0.2737742138300026,0.2735971080871435,0.019789845170287344,0.2460098222828127,0.30189281686291075,17.79167129999996
random_forest,195,"{""class_weight"": ""balanced"", ""criterion"": ""log_loss"", ""max_depth"": 6, ""max_features"": ""log2"", ""min_samples_leaf"": 5, ""min_samples_split"": 2, ""n_estimators"": 400}",0.23277585317952681,0.229175961815947,0.2577986741266702,0.27340839001314354,0.2482897197838219,0.2452872636530985,0.018216638050516803,0.229175961815947,0.27340839001314354,6.055188799999996
random_forest,196,"{""class_weight"": ""balanced_subsample"", ""criterion"": ""log_loss"", ""max_depth"": 10, ""max_features"": 1.0, ""min_samples_leaf"": 40, ""min_samples_split"": 20, ""n_estimators"": 800}",0.23225526914416433,0.24912943582512626,0.2703332246012135,0.2668346654515823,0.2546381487555216,0.2579820506383543,0.015218653382981414,0.23225526914416433,0.2703332246012135,51.0999511
random_forest,197,"{""class_weight"": ""balanced_subsample"", ""criterion"": ""entropy"", ""max_depth"": 10, ""max_features"": 0.3, ""min_samples_leaf"": 10, ""min_samples_split"": 20, ""n_estimators"": 200}",0.25852859883795043,0.2831205453971047,0.2613315664654674,0.26380739207102355,0.2666970256928865,0.2625694792682455,0.009664281296984547,0.25852859883795043,0.2831205453971047,7.30913610000016
random_forest,198,"{""class_weight"": null, ""criterion"": ""entropy"", ""max_depth"": 6, ""max_features"": ""sqrt"", ""min_samples_leaf"": 10, ""min_samples_split"": 20, ""n_estimators"": 800}",0.2279581772511351,0.2795448165883114,0.256671859890165,0.29498164792479215,0.2647891254136009,0.2681083382392382,0.025257313692059687,0.2279581772511351,0.29498164792479215,11.370138300000008
random_forest,199,"{""class_weight"": null, ""criterion"": ""entropy"", ""max_depth"": 14, ""max_features"": 0.8, ""min_samples_leaf"": 5, ""min_samples_split"": 20, ""n_estimators"": 200}",0.24985285894311693,0.2758407064652739,0.2644484267533876,0.25532565836717114,0.26136691263223744,0.2598870425602794,0.009849576420476468,0.24985285894311693,0.2758407064652739,12.520586500000036
random_forest,200,"{""class_weight"": null, ""criterion"": ""entropy"", ""max_depth"": 6, ""max_features"": 0.5, ""min_samples_leaf"": 2, ""min_samples_split"": 5, ""n_estimators"": 200}",0.24062374605519732,0.28651157869172195,0.2523093598698645,0.2902097720981518,0.2674136141787339,0.26941046928079326,0.021390608901629415,0.24062374605519732,0.2902097720981518,6.116894300000013
random_forest,201,"{""class_weight"": null, ""criterion"": ""entropy"", ""max_depth"": 20, ""max_features"": ""sqrt"", ""min_samples_leaf"": 20, ""min_samples_split"": 2, ""n_estimators"": 800}",0.22422179057064878,0.30574462469525854,0.26587110510676476,0.2956305066294528,0.2728670067505312,0.28075080586810874,0.03167970322404342,0.22422179057064878,0.30574462469525854,13.476852000000008
random_forest,202,"{""class_weight"": ""balanced"", ""criterion"": ""entropy"", ""max_depth"": null, ""max_features"": 0.3, ""min_samples_leaf"": 10, ""min_samples_split"": 20, ""n_estimators"": 400}",0.25863508195943546,0.3050062951668662,0.27191445191764846,0.26203030182715614,0.2743965327177766,0.2669723768724023,0.01833347538476959,0.25863508195943546,0.3050062951668662,12.461905699999988
random_forest,203,"{""class_weight"": null, ""criterion"": ""entropy"", ""max_depth"": 10, ""max_features"": 0.5, ""min_samples_leaf"": 2, ""min_samples_split"": 5, ""n_estimators"": 800}",0.25005419602986206,0.29395549423240325,0.2719206165613418,0.27584891385577504,0.27294480516984554,0.2738847652085584,0.015611789225201391,0.25005419602986206,0.29395549423240325,32.32616759999996
random_forest,204,"{""class_weight"": ""balanced_subsample"", ""criterion"": ""log_loss"", ""max_depth"": 20, ""max_features"": ""sqrt"", ""min_samples_leaf"": 5, ""min_samples_split"": 20, ""n_estimators"": 200}",0.2602502811188694,0.27042152618990906,0.26856572166786674,0.27563490477835983,0.2687181084387512,0.26949362392888787,0.0055333313854734134,0.2602502811188694,0.27563490477835983,5.037224300000162
random_forest,205,"{""class_weight"": null, ""criterion"": ""gini"", ""max_depth"": 20, ""max_features"": 0.8, ""min_samples_leaf"": 2, ""min_samples_split"": 20, ""n_estimators"": 200}",0.220304701628657,0.2855968626654868,0.2782364127057929,0.2635791128062617,0.2619292724515496,0.2709077627560273,0.025305160141720382,0.220304701628657,0.2855968626654868,11.74489749999998
random_forest,206,"{""class_weight"": ""balanced_subsample"", ""criterion"": ""log_loss"", ""max_depth"": 20, ""max_features"": 1.0, ""min_samples_leaf"": 2, ""min_samples_split"": 2, ""n_estimators"": 400}",0.2609183253776655,0.23159029551438232,0.27486028046478594,0.2242544911925579,0.24790584813734792,0.24625431044602392,0.020745179733776997,0.2242544911925579,0.27486028046478594,37.97056840000005
random_forest,207,"{""class_weight"": null, ""criterion"": ""entropy"", ""max_depth"": 6, ""max_features"": ""log2"", ""min_samples_leaf"": 20, ""min_samples_split"": 10, ""n_estimators"": 800}",0.2183022632085652,0.276527702885058,0.2544263943757943,0.28796636718035296,0.25930568191244263,0.26547704863042615,0.026566523477292783,0.2183022632085652,0.28796636718035296,9.486924199999976
random_forest,208,"{""class_weight"": null, ""criterion"": ""gini"", ""max_depth"": 14, ""max_features"": 1.0, ""min_samples_leaf"": 2, ""min_samples_split"": 10, ""n_estimators"": 800}",0.22447584296774598,0.27223270844809855,0.273011261465209,0.26869948216421013,0.2596048237613159,0.27046609530615434,0.020346708251160587,0.22447584296774598,0.273011261465209,55.69331530000022
random_forest,209,"{""class_weight"": null, ""criterion"": ""log_loss"", ""max_depth"": 14, ""max_features"": ""sqrt"", ""min_samples_leaf"": 5, ""min_samples_split"": 10, ""n_estimators"": 400}",0.2418355512369703,0.30277787814353496,0.26852929160697486,0.30789962488285716,0.28026058646758434,0.28565358487525494,0.02685633761573446,0.2418355512369703,0.30789962488285716,7.58222980000005
random_forest,210,"{""class_weight"": ""balanced"", ""criterion"": ""log_loss"", ""max_depth"": 14, ""max_features"": 1.0, ""min_samples_leaf"": 20, ""min_samples_split"": 2, ""n_estimators"": 800}",0.24899259503471868,0.26162672422547195,0.27251856620688847,0.2471787051414223,0.25757914765212536,0.25530965963009533,0.010264833086093479,0.2471787051414223,0.27251856620688847,51.62857010000016
random_forest,211,"{""class_weight"": ""balanced_subsample"", ""criterion"": ""log_loss"", ""max_depth"": 14, ""max_features"": 0.5, ""min_samples_leaf"": 20, ""min_samples_split"": 20, ""n_estimators"": 800}",0.24752622672518979,0.29819920672626754,0.2663120117146906,0.2599774081154943,0.2680037133204105,0.2631447099150924,0.018697451088623418,0.24752622672518979,0.29819920672626754,34.18281520000005
random_forest,212,"{""class_weight"": ""balanced_subsample"", ""criterion"": ""gini"", ""max_depth"": 20, ""max_features"": 0.8, ""min_samples_leaf"": 40, ""min_samples_split"": 10, ""n_estimators"": 200}",0.2308721492558103,0.2503160991907854,0.2637789794037252,0.26062488578452925,0.2513980284087125,0.2554704924876573,0.012854037599201269,0.2308721492558103,0.2637789794037252,9.130711499999961
random_forest,213,"{""class_weight"": null, ""criterion"": ""entropy"", ""max_depth"": 20, ""max_features"": 0.8, ""min_samples_leaf"": 10, ""min_samples_split"": 2, ""n_estimators"": 800}",0.2508568698212477,0.287757980458841,0.2719918974345368,0.23981589820300653,0.262605661479408,0.2614243836278922,0.01856170783541867,0.23981589820300653,0.287757980458841,47.55320309999979
random_forest,214,"{""class_weight"": null, ""criterion"": ""gini"", ""max_depth"": null, ""max_features"": ""log2"", ""min_samples_leaf"": 10, ""min_samples_split"": 2, ""n_estimators"": 400}",0.2254838297237377,0.29056666234304823,0.27274237268240925,0.30720862414183764,0.2740003722227582,0.28165451751272874,0.03054777988157831,0.2254838297237377,0.30720862414183764,5.388346799999908
random_forest,215,"{""class_weight"": null, ""criterion"": ""gini"", ""max_depth"": 14, ""max_features"": 0.3, ""min_samples_leaf"": 5, ""min_samples_split"": 20, ""n_estimators"": 400}",0.24011992928037793,0.3077605167596092,0.2692039135313806,0.28646776856161277,0.27588803203324513,0.2778358410464967,0.024757931670116452,0.24011992928037793,0.3077605167596092,10.740211199999976
random_forest,216,"{""class_weight"": ""balanced"", ""criterion"": ""entropy"", ""max_depth"": 20, ""max_features"": ""sqrt"", ""min_samples_leaf"": 40, ""min_samples_split"": 10, ""n_estimators"": 200}",0.21794673469711492,0.2548930941380818,0.2712841062049753,0.27541471885343144,0.2548846634734009,0.2630886001715286,0.022665146972672554,0.21794673469711492,0.27541471885343144,3.2485144000002038
random_forest,217,"{""class_weight"": ""balanced"", ""criterion"": ""gini"", ""max_depth"": 10, ""max_features"": 0.5, ""min_samples_leaf"": 40, ""min_samples_split"": 10, ""n_estimators"": 800}",0.22937864479461714,0.2658610131506368,0.26453269199951623,0.269734898226978,0.25737681204293705,0.2651968525750765,0.016277345835439074,0.22937864479461714,0.269734898226978,23.788798099999894
random_forest,218,"{""class_weight"": null, ""criterion"": ""log_loss"", ""max_depth"": null, ""max_features"": 0.3, ""min_samples_leaf"": 5, ""min_samples_split"": 20, ""n_estimators"": 800}",0.2525878739519064,0.3083948342319916,0.2717316356707339,0.26767957750534666,0.2750984803399946,0.26970560658804027,0.020504574762461043,0.2525878739519064,0.3083948342319916,25.40484779999997
random_forest,219,"{""class_weight"": null, ""criterion"": ""log_loss"", ""max_depth"": 14, ""max_features"": 0.8, ""min_samples_leaf"": 2, ""min_samples_split"": 20, ""n_estimators"": 200}",0.24573519050730255,0.266300733790903,0.27628623588981954,0.2649979064738741,0.2633300166654748,0.26564932013238857,0.011057220952593122,0.24573519050730255,0.27628623588981954,12.67280959999971
random_forest,220,"{""class_weight"": ""balanced"", ""criterion"": ""log_loss"", ""max_depth"": 20, ""max_features"": 0.3, ""min_samples_leaf"": 10, ""min_samples_split"": 10, ""n_estimators"": 800}",0.2598906315542054,0.30329501723236596,0.26972015244616576,0.2604932637494689,0.2733497662455515,0.26510670809781733,0.017722373684608238,0.2598906315542054,0.30329501723236596,24.576738600000226
random_forest,221,"{""class_weight"": null, ""criterion"": ""entropy"", ""max_depth"": 10, ""max_features"": 1.0, ""min_samples_leaf"": 20, ""min_samples_split"": 5, ""n_estimators"": 800}",0.24247111153752038,0.30493439542783324,0.2770486005416269,0.2573811348643251,0.2704588105928264,0.267214867702976,0.023379094198424766,0.24247111153752038,0.30493439542783324,47.997827300000154
random_forest,222,"{""class_weight"": ""balanced_subsample"", ""criterion"": ""log_loss"", ""max_depth"": 20, ""max_features"": 1.0, ""min_samples_leaf"": 40, ""min_samples_split"": 2, ""n_estimators"": 400}",0.23295737720395213,0.256848689831945,0.26495246524267935,0.2665043034843226,0.25531570894072475,0.26090057753731216,0.01341917236967978,0.23295737720395213,0.2665043034843226,25.116439199999604
random_forest,223,"{""class_weight"": ""balanced_subsample"", ""criterion"": ""gini"", ""max_depth"": null, ""max_features"": ""sqrt"", ""min_samples_leaf"": 10, ""min_samples_split"": 5, ""n_estimators"": 400}",0.24354779986020256,0.28239849865912586,0.2809232340472566,0.2813947209420273,0.27206606337715306,0.2811589774946419,0.01647364483895727,0.24354779986020256,0.28239849865912586,9.113430599999901
random_forest,224,"{""class_weight"": ""balanced_subsample"", ""criterion"": ""entropy"", ""max_depth"": null, ""max_features"": 0.5, ""min_samples_leaf"": 2, ""min_samples_split"": 5, ""n_estimators"": 400}",0.26373841129121034,0.2857888931489556,0.2674289262651076,0.23504743484370239,0.263000916387244,0.265583668778159,0.018171682541176976,0.23504743484370239,0.2857888931489556,22.962897399999747
random_forest,225,"{""class_weight"": ""balanced"", ""criterion"": ""gini"", ""max_depth"": 10, ""max_features"": 0.8, ""min_samples_leaf"": 20, ""min_samples_split"": 20, ""n_estimators"": 200}",0.2409572137849151,0.26429323935641846,0.260620151942229,0.254443495525143,0.2550785251521764,0.257531823733686,0.00888024890845468,0.2409572137849151,0.26429323935641846,8.432711600000403
random_forest,226,"{""class_weight"": null, ""criterion"": ""log_loss"", ""max_depth"": null, ""max_features"": 1.0, ""min_samples_leaf"": 2, ""min_samples_split"": 10, ""n_estimators"": 200}",0.24496729112388488,0.2605037361776944,0.26975318671715814,0.22935056906944806,0.2511436957720463,0.2527355136507896,0.015386778866001285,0.22935056906944806,0.26975318671715814,16.99261639999986
random_forest,227,"{""class_weight"": ""balanced_subsample"", ""criterion"": ""entropy"", ""max_depth"": 14, ""max_features"": 0.3, ""min_samples_leaf"": 10, ""min_samples_split"": 5, ""n_estimators"": 800}",0.2605879445702418,0.2992664582792076,0.26815725388428213,0.26019228674493067,0.2720509858696656,0.264372599227262,0.0160302304101643,0.26019228674493067,0.2992664582792076,29.36584300000004
random_forest,228,"{""class_weight"": null, ""criterion"": ""gini"", ""max_depth"": 6, ""max_features"": 0.5, ""min_samples_leaf"": 2, ""min_samples_split"": 20, ""n_estimators"": 200}",0.22835264312459916,0.278173456349653,0.2611625012950009,0.30106071562812897,0.2671873290993455,0.26966797882232696,0.026516658404281843,0.22835264312459916,0.30106071562812897,5.342606600000181
random_forest,229,"{""class_weight"": ""balanced"", ""criterion"": ""entropy"", ""max_depth"": 6, ""max_features"": ""sqrt"", ""min_samples_leaf"": 2, ""min_samples_split"": 5, ""n_estimators"": 800}",0.23377856077566095,0.2589005843146746,0.2532089247133315,0.2758558987076203,0.25543599212782186,0.25605475451400306,0.015024814023733731,0.23377856077566095,0.2758558987076203,12.534636699999737
random_forest,230,"{""class_weight"": ""balanced_subsample"", ""criterion"": ""log_loss"", ""max_depth"": null, ""max_features"": ""sqrt"", ""min_samples_leaf"": 5, ""min_samples_split"": 2, ""n_estimators"": 400}",0.25735148133469055,0.28463163646002937,0.2728948014108473,0.2803104695165078,0.27379709718051876,0.2766026354636776,0.010381277363492035,0.25735148133469055,0.28463163646002937,11.965340300000207
random_forest,231,"{""class_weight"": null, ""criterion"": ""log_loss"", ""max_depth"": null, ""max_features"": 0.3, ""min_samples_leaf"": 2, ""min_samples_split"": 2, ""n_estimators"": 800}",0.25510692174290595,0.29078438951213575,0.2787335128570564,0.2527670117392461,0.26934795896283603,0.26692021729998117,0.016010497560406844,0.2527670117392461,0.29078438951213575,29.461070100000143
random_forest,232,"{""class_weight"": ""balanced"", ""criterion"": ""gini"", ""max_depth"": 6, ""max_features"": 0.5, ""min_samples_leaf"": 5, ""min_samples_split"": 10, ""n_estimators"": 200}",0.2403489168150565,0.2278486639394488,0.26963727395828035,0.26537915164163617,0.2508035015886054,0.25286403422834636,0.01734490898237582,0.2278486639394488,0.26963727395828035,5.8449312000002465
random_forest,233,"{""class_weight"": null, ""criterion"": ""log_loss"", ""max_depth"": 6, ""max_features"": 1.0, ""min_samples_leaf"": 40, ""min_samples_split"": 20, ""n_estimators"": 800}",0.22947131888352088,0.2845356614222597,0.25989975402683274,0.2856657219604569,0.26489311407326754,0.27221770772454623,0.02289633225982938,0.22947131888352088,0.2856657219604569,37.894031099999665
random_forest,234,"{""class_weight"": ""balanced_subsample"", ""criterion"": ""entropy"", ""max_depth"": 14, ""max_features"": 0.3, ""min_samples_leaf"": 40, ""min_samples_split"": 5, ""n_estimators"": 400}",0.22725771700930106,0.2815694479672638,0.2548924946494991,0.27689212527625073,0.2601529462255787,0.26589230996287494,0.02149787848903807,0.22725771700930106,0.2815694479672638,12.170520399999987
random_forest,235,"{""class_weight"": ""balanced"", ""criterion"": ""log_loss"", ""max_depth"": 14, ""max_features"": 0.8, ""min_samples_leaf"": 40, ""min_samples_split"": 2, ""n_estimators"": 200}",0.23076359924373563,0.26001778017640037,0.2592601117227756,0.25574221428812716,0.2514459263577597,0.25750116300545134,0.012049428571918767,0.23076359924373563,0.26001778017640037,9.52276780000011
random_forest,236,"{""class_weight"": null, ""criterion"": ""gini"", ""max_depth"": 14, ""max_features"": ""sqrt"", ""min_samples_leaf"": 40, ""min_samples_split"": 2, ""n_estimators"": 800}",0.21214676157147205,0.28872337980875595,0.2669928366179046,0.2951869575330303,0.2657624838827907,0.2778581082133303,0.032669411680247194,0.21214676157147205,0.2951869575330303,10.848661199999697
random_forest,237,"{""class_weight"": ""balanced_subsample"", ""criterion"": ""log_loss"", ""max_depth"": 10, ""max_features"": 1.0, ""min_samples_leaf"": 10, ""min_samples_split"": 20, ""n_estimators"": 400}",0.2546847799848228,0.25528498575656766,0.26612076776231375,0.24265952298216498,0.2546875141214673,0.2549848828706952,0.008302843481201432,0.24265952298216498,0.26612076776231375,29.200686099999984
random_forest,238,"{""class_weight"": ""balanced"", ""criterion"": ""gini"", ""max_depth"": 10, ""max_features"": ""sqrt"", ""min_samples_leaf"": 10, ""min_samples_split"": 5, ""n_estimators"": 200}",0.24132540902010385,0.2821159498589969,0.259300007314074,0.2768376365314091,0.26489475068114593,0.2680688219227415,0.01601575195888379,0.24132540902010385,0.2821159498589969,3.232467799999995
random_forest,239,"{""class_weight"": ""balanced_subsample"", ""criterion"": ""gini"", ""max_depth"": 14, ""max_features"": 0.3, ""min_samples_leaf"": 5, ""min_samples_split"": 5, ""n_estimators"": 800}",0.2647718798084283,0.27835945725375316,0.2661693936720103,0.2533844384363776,0.26567129229264236,0.2654706367402193,0.00884609172977616,0.2533844384363776,0.27835945725375316,26.84753150000006
random_forest,240,"{""class_weight"": null, ""criterion"": ""entropy"", ""max_depth"": 10, ""max_features"": 0.5, ""min_samples_leaf"": 20, ""min_samples_split"": 2, ""n_estimators"": 400}",0.23684551109362562,0.3022874846747997,0.26992822919311077,0.2707478577631538,0.26995227068117245,0.2703380434781323,0.023142261834139376,0.23684551109362562,0.3022874846747997,14.1514545
random_forest,241,"{""class_weight"": ""balanced_subsample"", ""criterion"": ""entropy"", ""max_depth"": 10, ""max_features"": ""sqrt"", ""min_samples_leaf"": 10, ""min_samples_split"": 10, ""n_estimators"": 200}",0.24318769127443973,0.288520604150761,0.2582616343865087,0.2837117121348421,0.26842041048663784,0.2709866732606754,0.01855890986915595,0.24318769127443973,0.288520604150761,4.820189300000038
random_forest,242,"{""class_weight"": null, ""criterion"": ""log_loss"", ""max_depth"": 20, ""max_features"": 0.8, ""min_samples_leaf"": 10, ""min_samples_split"": 10, ""n_estimators"": 400}",0.2511580188446876,0.28844397864029014,0.2686955269010732,0.23850926755964585,0.2617016979864242,0.25992677287288035,0.018795752288764334,0.23850926755964585,0.28844397864029014,24.160961099999895
random_forest,243,"{""class_weight"": null, ""criterion"": ""gini"", ""max_depth"": 6, ""max_features"": 0.5, ""min_samples_leaf"": 20, ""min_samples_split"": 2, ""n_estimators"": 800}",0.23274229521007805,0.29014997182150865,0.25878813489787567,0.28920524350413995,0.2677214113584006,0.27399668920100784,0.023811432983713965,0.23274229521007805,0.29014997182150865,21.718806400000176
random_forest,244,"{""class_weight"": ""balanced_subsample"", ""criterion"": ""entropy"", ""max_depth"": 20, ""max_features"": 0.5, ""min_samples_leaf"": 20, ""min_samples_split"": 2, ""n_estimators"": 400}",0.24612141689371114,0.28801386258786527,0.27104342946136195,0.2629337138885377,0.267028105707869,0.2669885716749498,0.015086239576298625,0.24612141689371114,0.28801386258786527,18.26845100000037
random_forest,245,"{""class_weight"": ""balanced_subsample"", ""criterion"": ""gini"", ""max_depth"": null, ""max_features"": 0.5, ""min_samples_leaf"": 40, ""min_samples_split"": 10, ""n_estimators"": 800}",0.23030592495803998,0.2664019286629077,0.26331372054069957,0.2655296567452533,0.2563878077267251,0.26442168864297644,0.015100404784874686,0.23030592495803998,0.2664019286629077,27.50198709999995
random_forest,246,"{""class_weight"": null, ""criterion"": ""gini"", ""max_depth"": null, ""max_features"": ""log2"", ""min_samples_leaf"": 2, ""min_samples_split"": 20, ""n_estimators"": 200}",0.22269704880212765,0.31173948821151226,0.2784482964570255,0.29878926367983927,0.2779185242876262,0.2886187800684324,0.034018882171764055,0.22269704880212765,0.31173948821151226,3.466345799999999
random_forest,247,"{""class_weight"": ""balanced"", ""criterion"": ""gini"", ""max_depth"": 20, ""max_features"": 0.5, ""min_samples_leaf"": 5, ""min_samples_split"": 20, ""n_estimators"": 200}",0.2565161314286579,0.26360127124094024,0.2571896729737969,0.2484178747550609,0.256431237599614,0.2568529022012274,0.005389939648902287,0.2484178747550609,0.26360127124094024,8.2826342999997
random_forest,248,"{""class_weight"": ""balanced_subsample"", ""criterion"": ""gini"", ""max_depth"": 20, ""max_features"": ""sqrt"", ""min_samples_leaf"": 2, ""min_samples_split"": 10, ""n_estimators"": 400}",0.2655051935808497,0.2848981820133995,0.2676187985535753,0.2594003949292303,0.2693556422692637,0.2665619960672125,0.009467313141727687,0.2594003949292303,0.2848981820133995,10.251044999999976
random_forest,249,"{""class_weight"": ""balanced"", ""criterion"": ""log_loss"", ""max_depth"": 10, ""max_features"": ""sqrt"", ""min_samples_leaf"": 10, ""min_samples_split"": 5, ""n_estimators"": 200}",0.2403012261866505,0.2780215863791291,0.2616420986779946,0.28620736336107094,0.2665430686512113,0.26983184252856185,0.017543479260679274,0.2403012261866505,0.28620736336107094,3.5720422999997936
random_forest,250,"{""class_weight"": ""balanced"", ""criterion"": ""gini"", ""max_depth"": 14, ""max_features"": ""sqrt"", ""min_samples_leaf"": 20, ""min_samples_split"": 20, ""n_estimators"": 400}",0.2319578671860637,0.279077009817221,0.27359214686935235,0.2845707680135105,0.2672994479715369,0.2763345783432867,0.02077038065886064,0.2319578671860637,0.2845707680135105,6.023690800000168
gradient_boosting,1,"{""l2_regularization"": 1, ""learning_rate"": 0.01, ""max_iter"": 100, ""max_leaf_nodes"": 31, ""min_samples_leaf"": 10}",0.23644653632869428,0.2832951536210371,0.2540531592410718,0.26072250355838456,0.25862933818729694,0.2573878313997282,0.016776485808475756,0.23644653632869428,0.2832951536210371,3.1706623999998556
gradient_boosting,2,"{""l2_regularization"": 1, ""learning_rate"": 0.01, ""max_iter"": 100, ""max_leaf_nodes"": 31, ""min_samples_leaf"": 20}",0.2429407599097088,0.28450334664380783,0.25468205537636657,0.25951414318058463,0.2604100762776169,0.2570980992784756,0.01515977911168196,0.2429407599097088,0.28450334664380783,3.0712225000002036
gradient_boosting,3,"{""l2_regularization"": 1, ""learning_rate"": 0.01, ""max_iter"": 100, ""max_leaf_nodes"": 15, ""min_samples_leaf"": 10}",0.23035282120974512,0.30046353517990276,0.2569288263694981,0.2630114339795539,0.262689154184675,0.25997013017452597,0.025029120692918128,0.23035282120974512,0.30046353517990276,2.112464600000294
gradient_boosting,4,"{""l2_regularization"": 10, ""learning_rate"": 0.01, ""max_iter"": 100, ""max_leaf_nodes"": 5, ""min_samples_leaf"": 10}",0.22651342749168335,0.2670470685075214,0.27441362729068414,0.2924677082441535,0.2651104578835106,0.2707303478991028,0.024127004186648073,0.22651342749168335,0.2924677082441535,1.1692041999999674
gradient_boosting,5,"{""l2_regularization"": 10, ""learning_rate"": 0.01, ""max_iter"": 100, ""max_leaf_nodes"": 7, ""min_samples_leaf"": 10}",0.22874062252162064,0.26734062757682064,0.2655052019963737,0.27134005542000816,0.2582316268787058,0.2664229147865972,0.017156842844202574,0.22874062252162064,0.27134005542000816,1.3498770999999579
gradient_boosting,6,"{""l2_regularization"": 5, ""learning_rate"": 0.01, ""max_iter"": 100, ""max_leaf_nodes"": 5, ""min_samples_leaf"": 80}",0.22781386582546898,0.26445555207380644,0.2569542106199598,0.30619603434310466,0.263854915715585,0.26070488134688313,0.028016549121292266,0.22781386582546898,0.30619603434310466,1.1083579999999529
gradient_boosting,7,"{""l2_regularization"": 1, ""learning_rate"": 0.01, ""max_iter"": 100, ""max_leaf_nodes"": 5, ""min_samples_leaf"": 10}",0.23062624513802008,0.263071901429423,0.2553739186789807,0.30386027942223814,0.26323308616716545,0.25922291005420184,0.02634182704280402,0.23062624513802008,0.30386027942223814,1.1278758000003108
gradient_boosting,8,"{""l2_regularization"": 5, ""learning_rate"": 0.01, ""max_iter"": 100, ""max_leaf_nodes"": 7, ""min_samples_leaf"": 80}",0.22115595336850857,0.26901970730847813,0.26471194650216395,0.2768425090660216,0.25793252906129305,0.266865826905321,0.02167365846937693,0.22115595336850857,0.2768425090660216,1.3132639000000381
gradient_boosting,9,"{""l2_regularization"": 0.1, ""learning_rate"": 0.01, ""max_iter"": 100, ""max_leaf_nodes"": 7, ""min_samples_leaf"": 80}",0.22250032411397808,0.27375274092747764,0.257141027135925,0.293664150472102,0.2617645606623707,0.26544688403170136,0.02609768969705992,0.22250032411397808,0.293664150472102,1.3258836999998493
gradient_boosting,10,"{""l2_regularization"": 5, ""learning_rate"": 0.01, ""max_iter"": 100, ""max_leaf_nodes"": 31, ""min_samples_leaf"": 20}",0.23072826393569362,0.26732069931547,0.26092633161895123,0.25300090206184245,0.2529940492329893,0.2569636168403968,0.013819725470346881,0.23072826393569362,0.26732069931547,3.1071570999997675
gradient_boosting,11,"{""l2_regularization"": 5, ""learning_rate"": 0.01, ""max_iter"": 200, ""max_leaf_nodes"": 15, ""min_samples_leaf"": 10}",0.24087122809554484,0.31701642113554773,0.25511885378538035,0.27546158587948244,0.2721170222239888,0.2652902198324314,0.028689630137252363,0.24087122809554484,0.31701642113554773,4.021690399999898
gradient_boosting,12,"{""l2_regularization"": 0.1, ""learning_rate"": 0.01, ""max_iter"": 200, ""max_leaf_nodes"": 31, ""min_samples_leaf"": 40}",0.24880295096679397,0.2840120678767019,0.27499598897894384,0.2627412121937508,0.26763805500404764,0.2688686005863473,0.013238086186602889,0.24880295096679397,0.2840120678767019,5.41186370000014
gradient_boosting,13,"{""l2_regularization"": 0, ""learning_rate"": 0.01, ""max_iter"": 200, ""max_leaf_nodes"": 31, ""min_samples_leaf"": 80}",0.23288191483760137,0.2934298128599197,0.26441843607926835,0.25779757558527516,0.2621319348405161,0.2611080058322718,0.021558847352981834,0.23288191483760137,0.2934298128599197,5.096050699999978
gradient_boosting,14,"{""l2_regularization"": 5, ""learning_rate"": 0.01, ""max_iter"": 200, ""max_leaf_nodes"": 31, ""min_samples_leaf"": 80}",0.22884817987295064,0.28249442749005144,0.25441045828285697,0.2709514954395912,0.2591761402713626,0.26268097686122405,0.02015501435681953,0.22884817987295064,0.28249442749005144,4.709006399999907
gradient_boosting,15,"{""l2_regularization"": 1, ""learning_rate"": 0.01, ""max_iter"": 200, ""max_leaf_nodes"": 5, ""min_samples_leaf"": 40}",0.22903562087800777,0.26845894030186357,0.25368472746286486,0.3127017449895463,0.26597025840807065,0.2610718338823642,0.03043487759038086,0.22903562087800777,0.3127017449895463,2.0908926000001884
gradient_boosting,16,"{""l2_regularization"": 5, ""learning_rate"": 0.01, ""max_iter"": 200, ""max_leaf_nodes"": 7, ""min_samples_leaf"": 80}",0.2268186018121293,0.27806470579319525,0.26116254409372075,0.29682878590691714,0.2657186594014906,0.269613624943458,0.025759646250691638,0.2268186018121293,0.29682878590691714,2.4105657000000065
gradient_boosting,17,"{""l2_regularization"": 1, ""learning_rate"": 0.01, ""max_iter"": 200, ""max_leaf_nodes"": 5, ""min_samples_leaf"": 80}",0.22778544546824428,0.26711525449160006,0.2530970886627009,0.3127017449895463,0.26517488340302287,0.2601061715771505,0.030848058314478843,0.22778544546824428,0.3127017449895463,2.0045091000001776
gradient_boosting,18,"{""l2_regularization"": 5, ""learning_rate"": 0.01, ""max_iter"": 200, ""max_leaf_nodes"": 5, ""min_samples_leaf"": 10}",0.23243029165265958,0.26538183691592276,0.2578033347413611,0.3052511400704351,0.2652166508450946,0.2615925858286419,0.026137569792929975,0.23243029165265958,0.3052511400704351,2.0236189000002014
gradient_boosting,19,"{""l2_regularization"": 5, ""learning_rate"": 0.01, ""max_iter"": 200, ""max_leaf_nodes"": 7, ""min_samples_leaf"": 20}",0.23829002309366656,0.27522549706688226,0.2590844669920638,0.30008596300136875,0.26817148753849535,0.267154982029473,0.022604029808176673,0.23829002309366656,0.30008596300136875,2.399210800000219
gradient_boosting,20,"{""l2_regularization"": 1, ""learning_rate"": 0.01, ""max_iter"": 200, ""max_leaf_nodes"": 7, ""min_samples_leaf"": 10}",0.25314762164683746,0.29956756386256067,0.25912232261123236,0.29079948797844646,0.27565924902476924,0.2749609052948394,0.019881383606070935,0.25314762164683746,0.29956756386256067,2.4605498000000807
gradient_boosting,21,"{""l2_regularization"": 0, ""learning_rate"": 0.01, ""max_iter"": 400, ""max_leaf_nodes"": 5, ""min_samples_leaf"": 20}",0.2662212421109025,0.2790068253449748,0.26743005418359933,0.2956847941077545,0.2770857289368078,0.27321843976428706,0.011841505030744746,0.2662212421109025,0.2956847941077545,3.906369000000268
gradient_boosting,22,"{""l2_regularization"": 0.1, ""learning_rate"": 0.01, ""max_iter"": 400, ""max_leaf_nodes"": 15, ""min_samples_leaf"": 80}",0.25442631604566157,0.2898693507064537,0.26790148821738535,0.2704519665836473,0.270662280388287,0.26917672740051635,0.012650931721115824,0.25442631604566157,0.2898693507064537,6.791226299999835
gradient_boosting,23,"{""l2_regularization"": 0.1, ""learning_rate"": 0.01, ""max_iter"": 400, ""max_leaf_nodes"": 31, ""min_samples_leaf"": 40}",0.2505168221890199,0.27218971615979415,0.2964534361957235,0.2648956480911245,0.27101390565891553,0.2685426821254593,0.016629159259451933,0.2505168221890199,0.2964534361957235,10.547863800000414
gradient_boosting,24,"{""l2_regularization"": 0.1, ""learning_rate"": 0.01, ""max_iter"": 400, ""max_leaf_nodes"": 15, ""min_samples_leaf"": 40}",0.25039230010000946,0.30194151859687857,0.2872151612165933,0.27992487860637194,0.2798684646299633,0.2835700199114826,0.018775257122713378,0.25039230010000946,0.30194151859687857,7.101245199999994
gradient_boosting,25,"{""l2_regularization"": 5, ""learning_rate"": 0.01, ""max_iter"": 400, ""max_leaf_nodes"": 5, ""min_samples_leaf"": 80}",0.2387131291962959,0.2802529782257731,0.2699120406748413,0.29763214774046,0.27162757395934256,0.2750825094503072,0.021429764259125787,0.2387131291962959,0.29763214774046,3.920853000000079
gradient_boosting,26,"{""l2_regularization"": 0, ""learning_rate"": 0.01, ""max_iter"": 400, ""max_leaf_nodes"": 31, ""min_samples_leaf"": 20}",0.2603461873658719,0.2760257459660982,0.2791717417502986,0.25206756809757824,0.2669028107949617,0.26818596666598504,0.011144823345445422,0.25206756809757824,0.2791717417502986,11.393650500000149
gradient_boosting,27,"{""l2_regularization"": 0.1, ""learning_rate"": 0.01, ""max_iter"": 400, ""max_leaf_nodes"": 31, ""min_samples_leaf"": 20}",0.2639095793804096,0.26864270765739406,0.27359405510562806,0.24828120408462806,0.2636068865570149,0.26627614351890183,0.009487771023311954,0.24828120408462806,0.27359405510562806,11.400771499999792
gradient_boosting,28,"{""l2_regularization"": 5, ""learning_rate"": 0.01, ""max_iter"": 400, ""max_leaf_nodes"": 15, ""min_samples_leaf"": 20}",0.24740845920740717,0.30621602734683157,0.27454699294442875,0.2723054543014161,0.27511923345002093,0.27342622362292246,0.02087547850995989,0.24740845920740717,0.30621602734683157,7.742950800000017
gradient_boosting,29,"{""l2_regularization"": 1, ""learning_rate"": 0.01, ""max_iter"": 400, ""max_leaf_nodes"": 31, ""min_samples_leaf"": 80}",0.24972312669534688,0.2965219681923504,0.274859906291822,0.2458792248166528,0.26674605649904304,0.26229151649358445,0.020479528065791626,0.2458792248166528,0.2965219681923504,9.883408300000156
gradient_boosting,30,"{""l2_regularization"": 1, ""learning_rate"": 0.01, ""max_iter"": 400, ""max_leaf_nodes"": 7, ""min_samples_leaf"": 80}",0.2412625327607018,0.31700724263611446,0.26436302795943845,0.2938153370100789,0.2791120350915834,0.27908918248475867,0.0287330466546318,0.2412625327607018,0.31700724263611446,4.742491200000131
gradient_boosting,31,"{""l2_regularization"": 1, ""learning_rate"": 0.01, ""max_iter"": 800, ""max_leaf_nodes"": 15, ""min_samples_leaf"": 80}",0.2541071964900918,0.29135300890506743,0.2695891093119,0.27000996106190367,0.27126481894224075,0.2697995351869018,0.013250491078240818,0.2541071964900918,0.29135300890506743,12.699146599999949
gradient_boosting,32,"{""l2_regularization"": 5, ""learning_rate"": 0.01, ""max_iter"": 800, ""max_leaf_nodes"": 7, ""min_samples_leaf"": 10}",0.2597073065057641,0.3059516882836207,0.2803291782504628,0.2850957773323996,0.2827709875930618,0.28271247779143116,0.016436585335765332,0.2597073065057641,0.3059516882836207,8.722397399999863
gradient_boosting,33,"{""l2_regularization"": 10, ""learning_rate"": 0.01, ""max_iter"": 800, ""max_leaf_nodes"": 7, ""min_samples_leaf"": 80}",0.24383484264860464,0.3098117912884653,0.2756553004442342,0.2896951954308137,0.27974928245302944,0.28267524793752397,0.02402750141814744,0.24383484264860464,0.3098117912884653,8.717285700000048
gradient_boosting,34,"{""l2_regularization"": 5, ""learning_rate"": 0.01, ""max_iter"": 800, ""max_leaf_nodes"": 7, ""min_samples_leaf"": 40}",0.2508661312366141,0.3169723485297258,0.28018030488654544,0.2945867109647781,0.28565137390441586,0.2873835079256618,0.023983272313832345,0.2508661312366141,0.3169723485297258,8.50962359999994
gradient_boosting,35,"{""l2_regularization"": 10, ""learning_rate"": 0.01, ""max_iter"": 800, ""max_leaf_nodes"": 7, ""min_samples_leaf"": 20}",0.2550882464917089,0.30982007198129485,0.2789555632088899,0.28414360418666956,0.2820018714671408,0.2815495836977797,0.019442623936920523,0.2550882464917089,0.30982007198129485,9.080890799999906
gradient_boosting,36,"{""l2_regularization"": 0, ""learning_rate"": 0.01, ""max_iter"": 800, ""max_leaf_nodes"": 15, ""min_samples_leaf"": 80}",0.24760513214272536,0.2957169651869938,0.26520623221317513,0.2636775093177867,0.26805145971517025,0.2644418707654809,0.017397264625711277,0.24760513214272536,0.2957169651869938,13.099944799999776
gradient_boosting,37,"{""l2_regularization"": 0, ""learning_rate"": 0.01, ""max_iter"": 800, ""max_leaf_nodes"": 15, ""min_samples_leaf"": 10}",0.2548327418030964,0.30417762838951723,0.28899082012965344,0.24935917032682092,0.274340090162272,0.2719117809663749,0.022964677070834858,0.24935917032682092,0.30417762838951723,13.097930800000086
gradient_boosting,38,"{""l2_regularization"": 10, ""learning_rate"": 0.01, ""max_iter"": 800, ""max_leaf_nodes"": 31, ""min_samples_leaf"": 80}",0.249003581009358,0.3009925366284482,0.2798508380574631,0.25432896245665765,0.2710439795379817,0.26708990025706036,0.020854542623326738,0.249003581009358,0.3009925366284482,19.137295900000026
gradient_boosting,39,"{""l2_regularization"": 10, ""learning_rate"": 0.01, ""max_iter"": 800, ""max_leaf_nodes"": 5, ""min_samples_leaf"": 20}",0.24687649659426786,0.288294604982314,0.27820945599659086,0.2940359761221434,0.27685413342382903,0.28325203048945247,0.018211230855926668,0.24687649659426786,0.2940359761221434,7.522226800000226
gradient_boosting,40,"{""l2_regularization"": 1, ""learning_rate"": 0.01, ""max_iter"": 800, ""max_leaf_nodes"": 15, ""min_samples_leaf"": 20}",0.2567125518738866,0.300352632931057,0.2690962252639746,0.2608276778470539,0.271747271978993,0.2649619515555143,0.017106833930685773,0.2567125518738866,0.300352632931057,13.69516429999976
gradient_boosting,41,"{""l2_regularization"": 1, ""learning_rate"": 0.03, ""max_iter"": 100, ""max_leaf_nodes"": 31, ""min_samples_leaf"": 10}",0.2518592567899746,0.29410769778568724,0.27608736399704475,0.26428107057244815,0.27158384728628865,0.27018421728474645,0.01557237555788142,0.2518592567899746,0.29410769778568724,3.160802800000056
gradient_boosting,42,"{""l2_regularization"": 10, ""learning_rate"": 0.03, ""max_iter"": 100, ""max_leaf_nodes"": 31, ""min_samples_leaf"": 20}",0.24403145578554875,0.32391672671261673,0.2669935314500279,0.26691698496780464,0.2754646747289995,0.2669552582089163,0.029497762047639136,0.24403145578554875,0.32391672671261673,3.1653331000002254
gradient_boosting,43,"{""l2_regularization"": 5, ""learning_rate"": 0.03, ""max_iter"": 100, ""max_leaf_nodes"": 31, ""min_samples_leaf"": 80}",0.23502130423966974,0.2781733125938773,0.27005797015442656,0.26871632378093324,0.26299222769222674,0.2693871469676799,0.01654937982338616,0.23502130423966974,0.2781733125938773,2.4794612000000598
gradient_boosting,44,"{""l2_regularization"": 1, ""learning_rate"": 0.03, ""max_iter"": 100, ""max_leaf_nodes"": 7, ""min_samples_leaf"": 10}",0.25919468931750955,0.30666303863956607,0.2656281241474885,0.285591384044274,0.2792693090372095,0.27560975409588123,0.018570523256010413,0.25919468931750955,0.30666303863956607,1.2867626999995991
gradient_boosting,45,"{""l2_regularization"": 0.1, ""learning_rate"": 0.03, ""max_iter"": 100, ""max_leaf_nodes"": 15, ""min_samples_leaf"": 40}",0.24867940252594872,0.29803109850408593,0.2713816588735451,0.2809824849116322,0.274768661203803,0.27618207189258864,0.017831669841652114,0.24867940252594872,0.29803109850408593,1.833230100000037
gradient_boosting,46,"{""l2_regularization"": 10, ""learning_rate"": 0.03, ""max_iter"": 100, ""max_leaf_nodes"": 7, ""min_samples_leaf"": 80}",0.2312903485292753,0.2804113440906922,0.26619957917044473,0.2979915242381991,0.2689731990071528,0.27330546163056846,0.02449788026188963,0.2312903485292753,0.2979915242381991,1.2643349999998463
gradient_boosting,47,"{""l2_regularization"": 10, ""learning_rate"": 0.03, ""max_iter"": 100, ""max_leaf_nodes"": 7, ""min_samples_leaf"": 40}",0.23488679786550337,0.2787499548857641,0.262552529249084,0.2944951959283899,0.26767111948218536,0.2706512420674241,0.022041343997881897,0.23488679786550337,0.2944951959283899,1.303635199999917
gradient_boosting,48,"{""l2_regularization"": 0.1, ""learning_rate"": 0.03, ""max_iter"": 100, ""max_leaf_nodes"": 31, ""min_samples_leaf"": 40}",0.24916166113674784,0.28138058394832005,0.27908160438474927,0.26077750927947785,0.2676003396873238,0.26992955683211356,0.013306487632079754,0.24916166113674784,0.28138058394832005,2.7825560000001133
gradient_boosting,49,"{""l2_regularization"": 5, ""learning_rate"": 0.03, ""max_iter"": 100, ""max_leaf_nodes"": 31, ""min_samples_leaf"": 20}",0.24457842276311959,0.31055175080717834,0.2655275584646482,0.27168708871194014,0.27308620518672155,0.2686073235882942,0.023850846077912376,0.24457842276311959,0.31055175080717834,3.140339099999892
gradient_boosting,50,"{""l2_regularization"": 5, ""learning_rate"": 0.03, ""max_iter"": 100, ""max_leaf_nodes"": 15, ""min_samples_leaf"": 20}",0.24004060843596908,0.31325837988808736,0.26944582641744663,0.266114949991819,0.2722149411833305,0.2677803882046328,0.026289871802522263,0.24004060843596908,0.31325837988808736,2.0138410999998086
gradient_boosting,51,"{""l2_regularization"": 0, ""learning_rate"": 0.03, ""max_iter"": 200, ""max_leaf_nodes"": 31, ""min_samples_leaf"": 40}",0.2518941692050851,0.30124427355973293,0.2980824292034752,0.2652673613726607,0.2791220583352385,0.281674895288068,0.021108047306114795,0.2518941692050851,0.30124427355973293,5.28010119999999
gradient_boosting,52,"{""l2_regularization"": 0.1, ""learning_rate"": 0.03, ""max_iter"": 200, ""max_leaf_nodes"": 15, ""min_samples_leaf"": 10}",0.2610029538223207,0.26676450595239565,0.2790068173938311,0.25987315979260317,0.2666618592402877,0.2638837298873582,0.007591412564219072,0.25987315979260317,0.2790068173938311,3.463584600000104
gradient_boosting,53,"{""l2_regularization"": 5, ""learning_rate"": 0.03, ""max_iter"": 200, ""max_leaf_nodes"": 5, ""min_samples_leaf"": 10}",0.2455650786233642,0.2955737029634905,0.27438513638883905,0.2965334921561469,0.27801435253296014,0.2849794196761648,0.02072085849455799,0.2455650786233642,0.2965334921561469,2.0024453999999423
gradient_boosting,54,"{""l2_regularization"": 1, ""learning_rate"": 0.03, ""max_iter"": 200, ""max_leaf_nodes"": 7, ""min_samples_leaf"": 40}",0.24702264147321207,0.321623667705198,0.28912461222745917,0.2894300840886914,0.2868002513736402,0.28927734815807526,0.026491731011202183,0.24702264147321207,0.321623667705198,2.3285774000000856
gradient_boosting,55,"{""l2_regularization"": 10, ""learning_rate"": 0.03, ""max_iter"": 200, ""max_leaf_nodes"": 15, ""min_samples_leaf"": 20}",0.24918348984009298,0.3064743927518436,0.2850786630550431,0.267230854084867,0.27699184993296166,0.2761547585699551,0.02123204422882927,0.24918348984009298,0.3064743927518436,3.7294059999999263
gradient_boosting,56,"{""l2_regularization"": 5, ""learning_rate"": 0.03, ""max_iter"": 200, ""max_leaf_nodes"": 15, ""min_samples_leaf"": 80}",0.2498665111409454,0.28813585195315844,0.2687070797216844,0.2700723807773936,0.26919545589829547,0.269389730249539,0.013540256798536187,0.2498665111409454,0.28813585195315844,3.4574266999998144
gradient_boosting,57,"{""l2_regularization"": 5, ""learning_rate"": 0.03, ""max_iter"": 200, ""max_leaf_nodes"": 7, ""min_samples_leaf"": 80}",0.2403699651546627,0.30926102425508145,0.2808401709044736,0.29129521124356644,0.2804415928894461,0.28606769107402,0.025269818308431655,0.2403699651546627,0.30926102425508145,2.3340643000001364
gradient_boosting,58,"{""l2_regularization"": 0, ""learning_rate"": 0.03, ""max_iter"": 200, ""max_leaf_nodes"": 31, ""min_samples_leaf"": 20}",0.2681064045194536,0.2697040594095761,0.30255997849379923,0.2453914872854251,0.27144048242706353,0.2689052319645149,0.02037832441422966,0.2453914872854251,0.30255997849379923,5.309764399999949
gradient_boosting,59,"{""l2_regularization"": 10, ""learning_rate"": 0.03, ""max_iter"": 200, ""max_leaf_nodes"": 31, ""min_samples_leaf"": 80}",0.24286791308567374,0.2786291159213862,0.270381569173032,0.26871029612410924,0.2651472235760503,0.26954593264857063,0.013399841015374047,0.24286791308567374,0.2786291159213862,4.978076699999747
gradient_boosting,60,"{""l2_regularization"": 1, ""learning_rate"": 0.03, ""max_iter"": 200, ""max_leaf_nodes"": 15, ""min_samples_leaf"": 80}",0.25474053001546215,0.2887976834342879,0.27122462680870973,0.26455074682726604,0.26982839677143144,0.2678876868179879,0.012422566230389504,0.25474053001546215,0.2887976834342879,3.4859394999998585
gradient_boosting,61,"{""l2_regularization"": 1, ""learning_rate"": 0.03, ""max_iter"": 400, ""max_leaf_nodes"": 5, ""min_samples_leaf"": 10}",0.2582095873750189,0.2714825078542875,0.2673935762256674,0.278861479906123,0.2689867878402742,0.26943804203997745,0.0074569520398903594,0.2582095873750189,0.278861479906123,3.676244800000404
gradient_boosting,62,"{""l2_regularization"": 10, ""learning_rate"": 0.03, ""max_iter"": 400, ""max_leaf_nodes"": 15, ""min_samples_leaf"": 80}",0.2520041513091585,0.3055647378060409,0.26858657277560394,0.2783141159032304,0.2761173944485084,0.2734503443394172,0.019430217354243242,0.2520041513091585,0.3055647378060409,7.024155999999948
gradient_boosting,63,"{""l2_regularization"": 5, ""learning_rate"": 0.03, ""max_iter"": 400, ""max_leaf_nodes"": 7, ""min_samples_leaf"": 10}",0.26445082317077906,0.3033785183608615,0.2798024390485417,0.2842345369720761,0.2829665793880646,0.28201848801030893,0.013884343533726948,0.26445082317077906,0.3033785183608615,4.54614649999985
gradient_boosting,64,"{""l2_regularization"": 0.1, ""learning_rate"": 0.03, ""max_iter"": 400, ""max_leaf_nodes"": 31, ""min_samples_leaf"": 20}",0.25793627179244427,0.2543011218352821,0.30268905373519334,0.23943695109331192,0.2635908496140579,0.2561186968138632,0.02361331018616889,0.23943695109331192,0.30268905373519334,10.638451699999678
gradient_boosting,65,"{""l2_regularization"": 0, ""learning_rate"": 0.03, ""max_iter"": 400, ""max_leaf_nodes"": 15, ""min_samples_leaf"": 20}",0.26071510390946734,0.25926185807969865,0.2850662596106717,0.2661214989062484,0.26779118012652153,0.2634183014078579,0.010296072015203401,0.25926185807969865,0.2850662596106717,6.566346399999929
gradient_boosting,66,"{""l2_regularization"": 0, ""learning_rate"": 0.03, ""max_iter"": 400, ""max_leaf_nodes"": 31, ""min_samples_leaf"": 80}",0.24288349410482804,0.30060427303150383,0.25090711864896137,0.2429763732769305,0.25934281476555593,0.24694174596294594,0.024043910615878156,0.24288349410482804,0.30060427303150383,9.896227400000043
gradient_boosting,67,"{""l2_regularization"": 1, ""learning_rate"": 0.03, ""max_iter"": 400, ""max_leaf_nodes"": 7, ""min_samples_leaf"": 20}",0.2682168820707976,0.2964896462248881,0.27233828620551703,0.27437386550815557,0.27785467000233954,0.2733560758568363,0.01098516937908678,0.2682168820707976,0.2964896462248881,4.3850422000000435
gradient_boosting,68,"{""l2_regularization"": 5, ""learning_rate"": 0.03, ""max_iter"": 400, ""max_leaf_nodes"": 15, ""min_samples_leaf"": 40}",0.25486337192475783,0.2935026969558663,0.2711462412551484,0.26116019281328384,0.2701681257372641,0.2661532170342161,0.014670014219034487,0.25486337192475783,0.2935026969558663,6.774321200000031
gradient_boosting,69,"{""l2_regularization"": 0.1, ""learning_rate"": 0.03, ""max_iter"": 400, ""max_leaf_nodes"": 7, ""min_samples_leaf"": 20}",0.2678199059375977,0.30580194918399956,0.27124871649500815,0.2748329547271634,0.2799258815859422,0.2730408356110858,0.01514394779063355,0.2678199059375977,0.30580194918399956,4.238149699999667
gradient_boosting,70,"{""l2_regularization"": 10, ""learning_rate"": 0.03, ""max_iter"": 400, ""max_leaf_nodes"": 7, ""min_samples_leaf"": 10}",0.2602221740524224,0.3038881403048141,0.2809945356235293,0.2767106146473426,0.28045386615702705,0.27885257513543593,0.015594797414409766,0.2602221740524224,0.3038881403048141,4.520993999999973
gradient_boosting,71,"{""l2_regularization"": 1, ""learning_rate"": 0.03, ""max_iter"": 800, ""max_leaf_nodes"": 15, ""min_samples_leaf"": 80}",0.23814753081606,0.28160488802817896,0.26609901824599247,0.25610862709443893,0.2604900160461676,0.2611038226702157,0.015777214106887462,0.23814753081606,0.28160488802817896,12.915068799999972
gradient_boosting,72,"{""l2_regularization"": 10, ""learning_rate"": 0.03, ""max_iter"": 800, ""max_leaf_nodes"": 7, ""min_samples_leaf"": 20}",0.26666181895813373,0.29427534112794707,0.2730730702260573,0.276720789761871,0.27768275501850226,0.27489692999396415,0.010234128156403162,0.26666181895813373,0.29427534112794707,8.654082499999731
gradient_boosting,73,"{""l2_regularization"": 10, ""learning_rate"": 0.03, ""max_iter"": 800, ""max_leaf_nodes"": 31, ""min_samples_leaf"": 40}",0.24804320012588382,0.2848424367316346,0.2637609670058358,0.23208836813878064,0.2571837430005337,0.2559020835658598,0.019503785389136535,0.23208836813878064,0.2848424367316346,21.23944920000031
gradient_boosting,74,"{""l2_regularization"": 0.1, ""learning_rate"": 0.03, ""max_iter"": 800, ""max_leaf_nodes"": 15, ""min_samples_leaf"": 40}",0.2521770276820743,0.2975132617870155,0.28489521409133617,0.24139333487466624,0.26899470960877303,0.2685361208867052,0.022971744457829853,0.24139333487466624,0.2975132617870155,12.592097499999909
gradient_boosting,75,"{""l2_regularization"": 5, ""learning_rate"": 0.03, ""max_iter"": 800, ""max_leaf_nodes"": 5, ""min_samples_leaf"": 80}",0.26429876921326145,0.29114137410117374,0.276341936609732,0.30508012474262136,0.2842155511666971,0.28374165535545287,0.015345760517136584,0.26429876921326145,0.30508012474262136,7.065280199999961
gradient_boosting,76,"{""l2_regularization"": 10, ""learning_rate"": 0.03, ""max_iter"": 800, ""max_leaf_nodes"": 7, ""min_samples_leaf"": 40}",0.26264349937102155,0.2956515945936973,0.2741377355182947,0.28494570510627437,0.279344633647322,0.2795417203122845,0.012281374628232635,0.26264349937102155,0.2956515945936973,8.26567440000008
gradient_boosting,77,"{""l2_regularization"": 10, ""learning_rate"": 0.03, ""max_iter"": 800, ""max_leaf_nodes"": 7, ""min_samples_leaf"": 80}",0.261558682372179,0.2920022963114479,0.27125927965996655,0.2933150737218402,0.27953383301635837,0.28163078798570723,0.013573498501235242,0.261558682372179,0.2933150737218402,8.391496400000051
gradient_boosting,78,"{""l2_regularization"": 10, ""learning_rate"": 0.03, ""max_iter"": 800, ""max_leaf_nodes"": 15, ""min_samples_leaf"": 20}",0.25937722637807675,0.28458072216676583,0.2577448790717376,0.24954771443069884,0.26281263551181977,0.25856105272490715,0.013108126478999645,0.24954771443069884,0.28458072216676583,13.552726300000359
gradient_boosting,79,"{""l2_regularization"": 0.1, ""learning_rate"": 0.03, ""max_iter"": 800, ""max_leaf_nodes"": 5, ""min_samples_leaf"": 80}",0.2513259420786813,0.28642565784208607,0.2791020249173622,0.30096306260718175,0.2794541718613278,0.2827638413797241,0.018045465608238654,0.2513259420786813,0.30096306260718175,7.062636000000111
gradient_boosting,80,"{""l2_regularization"": 1, ""learning_rate"": 0.03, ""max_iter"": 800, ""max_leaf_nodes"": 31, ""min_samples_leaf"": 20}",0.24773099146924538,0.23441026746754282,0.25622664558138636,0.21890863256850163,0.23931913427166907,0.24107062946839408,0.01411832880758456,0.21890863256850163,0.25622664558138636,21.01299730000028
gradient_boosting,81,"{""l2_regularization"": 0, ""learning_rate"": 0.05, ""max_iter"": 100, ""max_leaf_nodes"": 31, ""min_samples_leaf"": 10}",0.26347883974390585,0.25628070513965456,0.2821345026172284,0.2490318751029516,0.2627314806509351,0.2598797724417802,0.01231185916002923,0.2490318751029516,0.2821345026172284,2.9519790999997895
gradient_boosting,82,"{""l2_regularization"": 5, ""learning_rate"": 0.05, ""max_iter"": 100, ""max_leaf_nodes"": 5, ""min_samples_leaf"": 20}",0.2430492493931288,0.2716031773280822,0.27335175403665735,0.29517405828767573,0.270794559761386,0.27247746568236975,0.01851590735526438,0.2430492493931288,0.29517405828767573,1.030473400000119
gradient_boosting,83,"{""l2_regularization"": 1, ""learning_rate"": 0.05, ""max_iter"": 100, ""max_leaf_nodes"": 5, ""min_samples_leaf"": 80}",0.2406735505851027,0.2978317873158383,0.26576834351795153,0.3006845951470575,0.2762395691414875,0.28180006541689495,0.024689934305875856,0.2406735505851027,0.3006845951470575,1.0103611999998066
gradient_boosting,84,"{""l2_regularization"": 0.1, ""learning_rate"": 0.05, ""max_iter"": 100, ""max_leaf_nodes"": 7, ""min_samples_leaf"": 80}",0.24564698398821927,0.31132700340901753,0.2657024017979208,0.2904940335620377,0.2782926056892988,0.2780982176799792,0.024821342253767583,0.24564698398821927,0.31132700340901753,1.22448919999988
gradient_boosting,85,"{""l2_regularization"": 1, ""learning_rate"": 0.05, ""max_iter"": 100, ""max_leaf_nodes"": 31, ""min_samples_leaf"": 20}",0.2550780238486672,0.2974946437921503,0.28650150540022373,0.27513593704779005,0.2785525275222078,0.28081872122400686,0.015690087884379113,0.2550780238486672,0.2974946437921503,2.924569999999676
gradient_boosting,86,"{""l2_regularization"": 1, ""learning_rate"": 0.05, ""max_iter"": 100, ""max_leaf_nodes"": 15, ""min_samples_leaf"": 80}",0.25357539637191145,0.28912045275788645,0.27163929534408326,0.26760351034791857,0.27048466370544993,0.2696214028460009,0.012677245109393163,0.25357539637191145,0.28912045275788645,1.8555529000000206
gradient_boosting,87,"{""l2_regularization"": 10, ""learning_rate"": 0.05, ""max_iter"": 100, ""max_leaf_nodes"": 7, ""min_samples_leaf"": 20}",0.24360710471181765,0.2989718382098908,0.2691154280710326,0.28513573104183587,0.27420752550864425,0.27712557955643424,0.020585262137010733,0.24360710471181765,0.2989718382098908,1.2983529000002818
gradient_boosting,88,"{""l2_regularization"": 0, ""learning_rate"": 0.05, ""max_iter"": 100, ""max_leaf_nodes"": 5, ""min_samples_leaf"": 10}",0.2628602716762495,0.3068866458190623,0.26954612091382146,0.2881835114920243,0.2818691374752894,0.2788648162029229,0.017167853382805937,0.2628602716762495,0.3068866458190623,1.0531260999996448
gradient_boosting,89,"{""l2_regularization"": 5, ""learning_rate"": 0.05, ""max_iter"": 100, ""max_leaf_nodes"": 15, ""min_samples_leaf"": 10}",0.2552102121270077,0.2986596338437394,0.27564246148930743,0.2696983266165852,0.27480265851915997,0.27267039405294635,0.015650708454150435,0.2552102121270077,0.2986596338437394,2.0237857000001895
gradient_boosting,90,"{""l2_regularization"": 0, ""learning_rate"": 0.05, ""max_iter"": 100, ""max_leaf_nodes"": 5, ""min_samples_leaf"": 20}",0.26525223952993815,0.3036959448377869,0.2688164304854415,0.2934134738568029,0.28279452217749235,0.2811149521711222,0.01622305713968446,0.26525223952993815,0.3036959448377869,1.0676509999998416
gradient_boosting,91,"{""l2_regularization"": 0.1, ""learning_rate"": 0.05, ""max_iter"": 200, ""max_leaf_nodes"": 31, ""min_samples_leaf"": 80}",0.2470411252775961,0.29488696252979146,0.24092752881763962,0.24771662483627727,0.2576430603653261,0.24737887505693668,0.021664789367051164,0.24092752881763962,0.29488696252979146,5.157643900000039
gradient_boosting,92,"{""l2_regularization"": 5, ""learning_rate"": 0.05, ""max_iter"": 200, ""max_leaf_nodes"": 31, ""min_samples_leaf"": 40}",0.24703522337198922,0.30030805804205923,0.2694980999238777,0.24920198958794224,0.2665108427314671,0.25935004475590995,0.02138966815347723,0.24703522337198922,0.30030805804205923,5.571102200000041
gradient_boosting,93,"{""l2_regularization"": 1, ""learning_rate"": 0.05, ""max_iter"": 200, ""max_leaf_nodes"": 15, ""min_samples_leaf"": 80}",0.25007471840949164,0.2806345526545004,0.26195122521291003,0.26843924029799704,0.26527493414372477,0.26519523275545354,0.011045636170661836,0.25007471840949164,0.2806345526545004,3.4713990000000194
gradient_boosting,94,"{""l2_regularization"": 1, ""learning_rate"": 0.05, ""max_iter"": 200, ""max_leaf_nodes"": 7, ""min_samples_leaf"": 10}",0.2715795128593354,0.2851965876509932,0.2761718750305327,0.26935611709508755,0.2755760231589872,0.27387569394493405,0.006073911972868671,0.26935611709508755,0.2851965876509932,2.268137999999908
gradient_boosting,95,"{""l2_regularization"": 0, ""learning_rate"": 0.05, ""max_iter"": 200, ""max_leaf_nodes"": 15, ""min_samples_leaf"": 80}",0.247195393613074,0.2858589155895402,0.26205995860684345,0.27512544284199236,0.2675599276628625,0.2685927007244179,0.014465941774980489,0.247195393613074,0.2858589155895402,3.3437409000002845
gradient_boosting,96,"{""l2_regularization"": 1, ""learning_rate"": 0.05, ""max_iter"": 200, ""max_leaf_nodes"": 5, ""min_samples_leaf"": 10}",0.2615132424876448,0.26596545923088954,0.27242259290169507,0.28010175271230386,0.27000076183313326,0.2691940260662923,0.0070038727536530605,0.2615132424876448,0.28010175271230386,1.8624186000001828
gradient_boosting,97,"{""l2_regularization"": 1, ""learning_rate"": 0.05, ""max_iter"": 200, ""max_leaf_nodes"": 5, ""min_samples_leaf"": 80}",0.2510094706376742,0.29296194701701084,0.2724523530797632,0.309345894662941,0.2814424163493473,0.282707150048387,0.021899138744943838,0.2510094706376742,0.309345894662941,1.898320700000113
gradient_boosting,98,"{""l2_regularization"": 0, ""learning_rate"": 0.05, ""max_iter"": 200, ""max_leaf_nodes"": 7, ""min_samples_leaf"": 80}",0.25775724151061735,0.27931571018723694,0.26828344362341316,0.30366586222040015,0.2772555643854169,0.2737995769053251,0.017047225422009205,0.25775724151061735,0.30366586222040015,2.207710899999711
gradient_boosting,99,"{""l2_regularization"": 5, ""learning_rate"": 0.05, ""max_iter"": 200, ""max_leaf_nodes"": 15, ""min_samples_leaf"": 80}",0.2521546014348432,0.319159801884143,0.26584587922767694,0.2648090904447905,0.2754923432478634,0.2653274848362337,0.025781210673809996,0.2521546014348432,0.319159801884143,3.5084076000002824
gradient_boosting,100,"{""l2_regularization"": 0, ""learning_rate"": 0.05, ""max_iter"": 200, ""max_leaf_nodes"": 7, ""min_samples_leaf"": 10}",0.2616674177383354,0.2991275807613666,0.2776592783675276,0.2729467010248233,0.2778502444730132,0.27530298969617545,0.013589427205129108,0.2616674177383354,0.2991275807613666,2.1987427999997635
gradient_boosting,101,"{""l2_regularization"": 10, ""learning_rate"": 0.05, ""max_iter"": 400, ""max_leaf_nodes"": 15, ""min_samples_leaf"": 80}",0.24846204066984828,0.29842232610512015,0.25911389529721784,0.2536805566676893,0.2649197046849689,0.25639722598245357,0.019706003004527527,0.24846204066984828,0.29842232610512015,6.836768399999983
gradient_boosting,102,"{""l2_regularization"": 0.1, ""learning_rate"": 0.05, ""max_iter"": 400, ""max_leaf_nodes"": 5, ""min_samples_leaf"": 20}",0.26032957959698333,0.2990154276413878,0.2626311017127467,0.2841164666406864,0.276523143897951,0.27337378417671654,0.01595918026650871,0.26032957959698333,0.2990154276413878,3.5796994000002087
gradient_boosting,103,"{""l2_regularization"": 1, ""learning_rate"": 0.05, ""max_iter"": 400, ""max_leaf_nodes"": 15, ""min_samples_leaf"": 40}",0.25406789306489697,0.2774003479839927,0.27307922384714844,0.2511297343654476,0.26391929981537143,0.2635735584560227,0.011470244846490769,0.2511297343654476,0.2774003479839927,6.488759200000004
gradient_boosting,104,"{""l2_regularization"": 10, ""learning_rate"": 0.05, ""max_iter"": 400, ""max_leaf_nodes"": 31, ""min_samples_leaf"": 10}",0.24872572665040688,0.2671416585746129,0.25842658334474433,0.2439262663070696,0.2545550587192084,0.2535761549975756,0.008949351084783988,0.2439262663070696,0.2671416585746129,11.973899999999958
gradient_boosting,105,"{""l2_regularization"": 5, ""learning_rate"": 0.05, ""max_iter"": 400, ""max_leaf_nodes"": 7, ""min_samples_leaf"": 80}",0.2583884040327058,0.29390290511613343,0.2726053420451407,0.291590071576481,0.2791216806926152,0.2820977068108108,0.014545418497899887,0.2583884040327058,0.29390290511613343,4.381016599999839
gradient_boosting,106,"{""l2_regularization"": 0, ""learning_rate"": 0.05, ""max_iter"": 400, ""max_leaf_nodes"": 15, ""min_samples_leaf"": 20}",0.2542459050404158,0.24770615098142496,0.2670493224408708,0.2558583810833106,0.2562149398865055,0.2550521430618632,0.006960380132773078,0.24770615098142496,0.2670493224408708,6.407404099999894
gradient_boosting,107,"{""l2_regularization"": 10, ""learning_rate"": 0.05, ""max_iter"": 400, ""max_leaf_nodes"": 5, ""min_samples_leaf"": 40}",0.2591086782361327,0.31980907786524215,0.28492768899348164,0.28641767804400464,0.2875657807847153,0.28567268351874314,0.021550606489643506,0.2591086782361327,0.31980907786524215,3.6120687999996335
gradient_boosting,108,"{""l2_regularization"": 1, ""learning_rate"": 0.05, ""max_iter"": 400, ""max_leaf_nodes"": 7, ""min_samples_leaf"": 20}",0.2582940312991111,0.2870272669452366,0.2745810070972567,0.2752390987827682,0.27378535103109314,0.2749100529400125,0.010223450679893572,0.2582940312991111,0.2870272669452366,4.2007816000000275
gradient_boosting,109,"{""l2_regularization"": 0, ""learning_rate"": 0.05, ""max_iter"": 400, ""max_leaf_nodes"": 31, ""min_samples_leaf"": 20}",0.2598707367539588,0.2410290067384153,0.2781960290891084,0.22282845716070088,0.25048105743554583,0.25044987174618705,0.020677846211597385,0.22282845716070088,0.2781960290891084,10.650027600000158
gradient_boosting,110,"{""l2_regularization"": 0.1, ""learning_rate"": 0.05, ""max_iter"": 400, ""max_leaf_nodes"": 15, ""min_samples_leaf"": 40}",0.253643304271603,0.2826434502724116,0.28924383068869325,0.2615785096817738,0.2717772737286204,0.2721109799770927,0.01462882463726665,0.253643304271603,0.28924383068869325,6.495955599999888
gradient_boosting,111,"{""l2_regularization"": 0, ""learning_rate"": 0.05, ""max_iter"": 800, ""max_leaf_nodes"": 5, ""min_samples_leaf"": 80}",0.251937395209629,0.28671636450562077,0.268008620437469,0.2871137172528744,0.27344402435139825,0.2773624924715449,0.014620997143998173,0.251937395209629,0.2871137172528744,7.091488600000048
gradient_boosting,112,"{""l2_regularization"": 1, ""learning_rate"": 0.05, ""max_iter"": 800, ""max_leaf_nodes"": 15, ""min_samples_leaf"": 20}",0.2508981078372779,0.2647593405731718,0.25255281133519514,0.2454094500178075,0.25340492744086307,0.2517254595862365,0.007068603171493533,0.2454094500178075,0.2647593405731718,12.82695240000021
gradient_boosting,113,"{""l2_regularization"": 10, ""learning_rate"": 0.05, ""max_iter"": 800, ""max_leaf_nodes"": 31, ""min_samples_leaf"": 40}",0.24223024639662394,0.26159872362634495,0.25210961279294103,0.21924718337635848,0.24379644154806712,0.24716992959478248,0.015741260332123808,0.21924718337635848,0.26159872362634495,22.568163200000072
gradient_boosting,114,"{""l2_regularization"": 10, ""learning_rate"": 0.05, ""max_iter"": 800, ""max_leaf_nodes"": 5, ""min_samples_leaf"": 40}",0.26286475760873435,0.3091587703430523,0.27594869684730694,0.2892769887939941,0.28431230339827196,0.2826128428206505,0.017116820350536893,0.26286475760873435,0.3091587703430523,7.232058099999904
gradient_boosting,115,"{""l2_regularization"": 0, ""learning_rate"": 0.05, ""max_iter"": 800, ""max_leaf_nodes"": 15, ""min_samples_leaf"": 40}",0.2504534591778705,0.2642980425814579,0.27500691062008786,0.23283053897419972,0.255647237838404,0.2573757508796642,0.015789319465628567,0.23283053897419972,0.27500691062008786,12.714200499999606
gradient_boosting,116,"{""l2_regularization"": 0, ""learning_rate"": 0.05, ""max_iter"": 800, ""max_leaf_nodes"": 31, ""min_samples_leaf"": 40}",0.23596841398483823,0.2398255428134969,0.26554129925814657,0.20380284224378942,0.23628452457506777,0.23789697839916757,0.021929758822184207,0.20380284224378942,0.26554129925814657,20.502840900000137
gradient_boosting,117,"{""l2_regularization"": 5, ""learning_rate"": 0.05, ""max_iter"": 800, ""max_leaf_nodes"": 15, ""min_samples_leaf"": 40}",0.2473394578333365,0.2757930172114085,0.25837649471356056,0.2330834734831625,0.253648110810367,0.2528579762734485,0.015616160736804968,0.2330834734831625,0.2757930172114085,13.5085696000001
gradient_boosting,118,"{""l2_regularization"": 5, ""learning_rate"": 0.05, ""max_iter"": 800, ""max_leaf_nodes"": 15, ""min_samples_leaf"": 80}",0.23543420513726457,0.27588673837141353,0.2490727982773593,0.24405610836119368,0.25111246253680775,0.24656445331927648,0.015112286911305318,0.23543420513726457,0.27588673837141353,13.152073299999756
gradient_boosting,119,"{""l2_regularization"": 0.1, ""learning_rate"": 0.05, ""max_iter"": 800, ""max_leaf_nodes"": 7, ""min_samples_leaf"": 20}",0.25529249960139944,0.2948611880900618,0.2421921693944547,0.2866767333702854,0.2697556476140503,0.2709846164858424,0.021711398433544533,0.2421921693944547,0.2948611880900618,7.969038000000182
gradient_boosting,120,"{""l2_regularization"": 0.1, ""learning_rate"": 0.05, ""max_iter"": 800, ""max_leaf_nodes"": 5, ""min_samples_leaf"": 40}",0.24929350347264012,0.3121668991835326,0.27235646346956377,0.290358814434491,0.28104392014005686,0.28135763895202737,0.023124488871180376,0.24929350347264012,0.3121668991835326,6.7863092000002325
gradient_boosting,121,"{""l2_regularization"": 0.1, ""learning_rate"": 0.1, ""max_iter"": 100, ""max_leaf_nodes"": 15, ""min_samples_leaf"": 80}",0.24805937868006983,0.2807632017111318,0.26530590027402157,0.2752031653254303,0.26733291149766336,0.27025453279972594,0.012428711038389004,0.24805937868006983,0.2807632017111318,1.657063300000118
gradient_boosting,122,"{""l2_regularization"": 0.1, ""learning_rate"": 0.1, ""max_iter"": 100, ""max_leaf_nodes"": 15, ""min_samples_leaf"": 40}",0.25765738889857676,0.2605910242407802,0.2966402685669537,0.26739507461719914,0.2705709390808775,0.26399304942898966,0.015460065762082408,0.25765738889857676,0.2966402685669537,1.6636257000000114
gradient_boosting,123,"{""l2_regularization"": 0.1, ""learning_rate"": 0.1, ""max_iter"": 100, ""max_leaf_nodes"": 5, ""min_samples_leaf"": 20}",0.2627543141844984,0.3093213388472162,0.2731624050914421,0.2765998632249211,0.28045948033701945,0.2748811341581816,0.017425726215445178,0.2627543141844984,0.3093213388472162,1.0105631999999787
gradient_boosting,124,"{""l2_regularization"": 0, ""learning_rate"": 0.1, ""max_iter"": 100, ""max_leaf_nodes"": 31, ""min_samples_leaf"": 80}",0.25258541619230307,0.2868934379549334,0.249215175053172,0.24670737491615136,0.25885035102913995,0.2509002956227375,0.01632446490551758,0.24670737491615136,0.2868934379549334,2.682219100000111
gradient_boosting,125,"{""l2_regularization"": 0, ""learning_rate"": 0.1, ""max_iter"": 100, ""max_leaf_nodes"": 7, ""min_samples_leaf"": 40}",0.2480957540372125,0.302399585463869,0.2789990671047015,0.28511678604477786,0.2786527981626402,0.2820579265747397,0.01961852373608802,0.2480957540372125,0.302399585463869,1.208411800000249
gradient_boosting,126,"{""l2_regularization"": 5, ""learning_rate"": 0.1, ""max_iter"": 100, ""max_leaf_nodes"": 15, ""min_samples_leaf"": 80}",0.25113459243812614,0.2983665890489544,0.2675191470409302,0.27863229799470757,0.27391315663067956,0.27307572251781886,0.0171754694081188,0.25113459243812614,0.2983665890489544,1.863733200000297
gradient_boosting,127,"{""l2_regularization"": 1, ""learning_rate"": 0.1, ""max_iter"": 100, ""max_leaf_nodes"": 31, ""min_samples_leaf"": 40}",0.24453856164671794,0.2798614057664652,0.2571055313216325,0.258227218033537,0.25993317919208814,0.25766637467758474,0.012698763322876214,0.24453856164671794,0.2798614057664652,2.797798900000089
gradient_boosting,128,"{""l2_regularization"": 10, ""learning_rate"": 0.1, ""max_iter"": 100, ""max_leaf_nodes"": 31, ""min_samples_leaf"": 40}",0.2485315819058822,0.2847326592387995,0.3145843225555135,0.261686771367241,0.27738383376685904,0.27320971530302024,0.02508351952656659,0.2485315819058822,0.3145843225555135,2.9266404999998485
gradient_boosting,129,"{""l2_regularization"": 10, ""learning_rate"": 0.1, ""max_iter"": 100, ""max_leaf_nodes"": 7, ""min_samples_leaf"": 40}",0.2560143433350939,0.3066507830405678,0.2795094261483387,0.28629674745313116,0.28211782499428284,0.28290308680073495,0.01807985704236197,0.2560143433350939,0.3066507830405678,1.2617027999999664
gradient_boosting,130,"{""l2_regularization"": 0, ""learning_rate"": 0.1, ""max_iter"": 100, ""max_leaf_nodes"": 15, ""min_samples_leaf"": 10}",0.24517368898874464,0.2607641275018242,0.2557760217255654,0.24232806031843948,0.2510104746336434,0.250474855357155,0.0075381789638421974,0.24232806031843948,0.2607641275018242,1.7713153999998212
gradient_boosting,131,"{""l2_regularization"": 0.1, ""learning_rate"": 0.1, ""max_iter"": 200, ""max_leaf_nodes"": 7, ""min_samples_leaf"": 20}",0.25939126788627753,0.24726169187014854,0.290453481256806,0.2633705016851998,0.26511923567460793,0.2613808847857387,0.015784355827029885,0.24726169187014854,0.290453481256806,2.1952743000001647
gradient_boosting,132,"{""l2_regularization"": 10, ""learning_rate"": 0.1, ""max_iter"": 200, ""max_leaf_nodes"": 15, ""min_samples_leaf"": 80}",0.25095210210194846,0.2944967627184165,0.26980362058200535,0.2623038051417138,0.2693890726360211,0.2660537128618596,0.015974126339281337,0.25095210210194846,0.2944967627184165,3.524982099999761
gradient_boosting,133,"{""l2_regularization"": 0.1, ""learning_rate"": 0.1, ""max_iter"": 200, ""max_leaf_nodes"": 31, ""min_samples_leaf"": 20}",0.24709500027404366,0.23191382810386788,0.24779278150199568,0.24818030238790298,0.24374547806695257,0.24744389088801966,0.006842067884012908,0.23191382810386788,0.24818030238790298,5.283613399999922
gradient_boosting,134,"{""l2_regularization"": 0.1, ""learning_rate"": 0.1, ""max_iter"": 200, ""max_leaf_nodes"": 31, ""min_samples_leaf"": 80}",0.23405941960702578,0.28167675040952955,0.24037434383775733,0.23579636042894714,0.24797671857081496,0.23808535213335225,0.01959298715372329,0.23405941960702578,0.28167675040952955,5.073969899999611
gradient_boosting,135,"{""l2_regularization"": 10, ""learning_rate"": 0.1, ""max_iter"": 200, ""max_leaf_nodes"": 5, ""min_samples_leaf"": 10}",0.262248988876289,0.28913565892206594,0.281773772668969,0.2697471624506251,0.27572639572948726,0.27576046755979705,0.010413582876533293,0.262248988876289,0.28913565892206594,1.9143607000000884
gradient_boosting,136,"{""l2_regularization"": 0.1, ""learning_rate"": 0.1, ""max_iter"": 200, ""max_leaf_nodes"": 15, ""min_samples_leaf"": 80}",0.2421971671986486,0.2686152712608486,0.25591826554364194,0.27425369858798854,0.2602461006477819,0.2622667684022453,0.012356678074476267,0.2421971671986486,0.27425369858798854,3.350341500000013
gradient_boosting,137,"{""l2_regularization"": 5, ""learning_rate"": 0.1, ""max_iter"": 200, ""max_leaf_nodes"": 5, ""min_samples_leaf"": 80}",0.2597731241742206,0.28868572208372734,0.27375823517622944,0.3136125101428783,0.2839573978942639,0.2812219786299784,0.01994169468496537,0.2597731241742206,0.3136125101428783,1.8820052999999461
gradient_boosting,138,"{""l2_regularization"": 0.1, ""learning_rate"": 0.1, ""max_iter"": 200, ""max_leaf_nodes"": 15, ""min_samples_leaf"": 20}",0.2531283069751181,0.2217097853696458,0.2822653626208578,0.27502148507811175,0.2580312350109334,0.26407489602661494,0.023554447275028166,0.2217097853696458,0.2822653626208578,3.3275637000001552
gradient_boosting,139,"{""l2_regularization"": 0, ""learning_rate"": 0.1, ""max_iter"": 200, ""max_leaf_nodes"": 7, ""min_samples_leaf"": 20}",0.2625673788277107,0.26714222343599414,0.2614134608245401,0.2800269205202589,0.26778749590212597,0.26485480113185245,0.007384067933385423,0.2614134608245401,0.2800269205202589,2.1960251999998945
gradient_boosting,140,"{""l2_regularization"": 0, ""learning_rate"": 0.1, ""max_iter"": 200, ""max_leaf_nodes"": 15, ""min_samples_leaf"": 10}",0.24641939905016233,0.2427694267383764,0.2646669631356061,0.23546457603967494,0.24733009124095495,0.24459441289426936,0.010758561695863476,0.23546457603967494,0.2646669631356061,3.306061199999931
gradient_boosting,141,"{""l2_regularization"": 1, ""learning_rate"": 0.1, ""max_iter"": 400, ""max_leaf_nodes"": 5, ""min_samples_leaf"": 10}",0.25526435303197126,0.266263964587907,0.2591505898416333,0.2846789733442938,0.2663394702014513,0.26270727721477016,0.011299129366565104,0.25526435303197126,0.2846789733442938,3.5425021000000925
gradient_boosting,142,"{""l2_regularization"": 1, ""learning_rate"": 0.1, ""max_iter"": 400, ""max_leaf_nodes"": 31, ""min_samples_leaf"": 20}",0.24138012734932296,0.23325536020218074,0.25414592340708153,0.21716846662533928,0.23648746939598114,0.23731774377575185,0.013411091471271673,0.21716846662533928,0.25414592340708153,10.704223400000046
gradient_boosting,143,"{""l2_regularization"": 10, ""learning_rate"": 0.1, ""max_iter"": 400, ""max_leaf_nodes"": 7, ""min_samples_leaf"": 20}",0.2664267623158153,0.27504703952454623,0.26023430116210194,0.2750615923654618,0.26919242384198133,0.27073690092018077,0.006257405803778295,0.26023430116210194,0.2750615923654618,4.262202299999899
gradient_boosting,144,"{""l2_regularization"": 10, ""learning_rate"": 0.1, ""max_iter"": 400, ""max_leaf_nodes"": 5, ""min_samples_leaf"": 40}",0.2641647984487966,0.3072081988241447,0.271213719179105,0.2808339281416196,0.28085516114841647,0.27602382366036227,0.016324893995608304,0.2641647984487966,0.3072081988241447,3.5483533000001444
gradient_boosting,145,"{""l2_regularization"": 0, ""learning_rate"": 0.1, ""max_iter"": 400, ""max_leaf_nodes"": 7, ""min_samples_leaf"": 40}",0.24949168741142824,0.27299160962327296,0.2782424249654837,0.26281894061775446,0.26588616565448486,0.2679052751205137,0.010969859438960861,0.24949168741142824,0.2782424249654837,4.090889799999786
gradient_boosting,146,"{""l2_regularization"": 1, ""learning_rate"": 0.1, ""max_iter"": 400, ""max_leaf_nodes"": 15, ""min_samples_leaf"": 40}",0.2473500724122989,0.28377416068550987,0.26450128815631974,0.2591932356067461,0.26370468921521867,0.26184726188153296,0.013145768895366502,0.2473500724122989,0.28377416068550987,6.579342199999701
gradient_boosting,147,"{""l2_regularization"": 0, ""learning_rate"": 0.1, ""max_iter"": 400, ""max_leaf_nodes"": 31, ""min_samples_leaf"": 20}",0.24686506557141172,0.1922532259155991,0.23932518520673485,0.21519754448644235,0.22341025529504702,0.2272613648465886,0.021457063043271742,0.1922532259155991,0.24686506557141172,10.408162600000196
gradient_boosting,148,"{""l2_regularization"": 5, ""learning_rate"": 0.1, ""max_iter"": 400, ""max_leaf_nodes"": 5, ""min_samples_leaf"": 40}",0.2610860911107853,0.29148008953772675,0.2707069302397681,0.2781356595189159,0.275352192601799,0.27442129487934197,0.011101315933467037,0.2610860911107853,0.29148008953772675,3.569119799999953
gradient_boosting,149,"{""l2_regularization"": 10, ""learning_rate"": 0.1, ""max_iter"": 400, ""max_leaf_nodes"": 7, ""min_samples_leaf"": 80}",0.2530650156413472,0.29542792175450905,0.2655495412693447,0.27978447139643425,0.2734567375154088,0.2726670063328895,0.015820234088031196,0.2530650156413472,0.29542792175450905,4.3505771999998615
gradient_boosting,150,"{""l2_regularization"": 0.1, ""learning_rate"": 0.1, ""max_iter"": 400, ""max_leaf_nodes"": 5, ""min_samples_leaf"": 20}",0.25470259726243827,0.2934533595803291,0.25766336110388655,0.2877507824343212,0.2733925250952438,0.27270707176910386,0.01735883518784919,0.25470259726243827,0.2934533595803291,3.444939799999702
gradient_boosting,151,"{""l2_regularization"": 10, ""learning_rate"": 0.1, ""max_iter"": 800, ""max_leaf_nodes"": 7, ""min_samples_leaf"": 10}",0.2582495114390294,0.2772019915216507,0.24711550613607425,0.26035175675322675,0.26072969146249525,0.2593006340961281,0.010758448295807561,0.24711550613607425,0.2772019915216507,8.562797799999771
gradient_boosting,152,"{""l2_regularization"": 0, ""learning_rate"": 0.1, ""max_iter"": 800, ""max_leaf_nodes"": 31, ""min_samples_leaf"": 40}",0.22926055457057326,0.30317535234656273,0.24854037784524563,0.1978706850813874,0.24471174246094227,0.23890046620790945,0.03829319780790773,0.1978706850813874,0.30317535234656273,20.400904800000262
gradient_boosting,153,"{""l2_regularization"": 1, ""learning_rate"": 0.1, ""max_iter"": 800, ""max_leaf_nodes"": 5, ""min_samples_leaf"": 20}",0.25317801168541637,0.2722865732165952,0.2448791553601269,0.29863881437567524,0.26724563865945344,0.2627322924510058,0.020670632589610514,0.2448791553601269,0.29863881437567524,6.988428699999986
gradient_boosting,154,"{""l2_regularization"": 10, ""learning_rate"": 0.1, ""max_iter"": 800, ""max_leaf_nodes"": 31, ""min_samples_leaf"": 10}",0.23792375872831403,0.24339985342649367,0.2438379927271889,0.23495363859575605,0.24002881086943814,0.24066180607740384,0.0037437418604686023,0.23495363859575605,0.2438379927271889,24.347705199999837
gradient_boosting,155,"{""l2_regularization"": 1, ""learning_rate"": 0.1, ""max_iter"": 800, ""max_leaf_nodes"": 5, ""min_samples_leaf"": 10}",0.2547405847599244,0.22146324574279908,0.24183693587988125,0.28501252544091815,0.2507633229558807,0.24828876031990282,0.023059712667562206,0.22146324574279908,0.28501252544091815,6.886059299999943
gradient_boosting,156,"{""l2_regularization"": 10, ""learning_rate"": 0.1, ""max_iter"": 800, ""max_leaf_nodes"": 31, ""min_samples_leaf"": 40}",0.2389097412600182,0.2630344943227628,0.24302227151945283,0.2266844059665446,0.2429127282671946,0.24096600638973553,0.013079371339943389,0.2266844059665446,0.2630344943227628,22.663062999999966
gradient_boosting,157,"{""l2_regularization"": 0, ""learning_rate"": 0.1, ""max_iter"": 800, ""max_leaf_nodes"": 5, ""min_samples_leaf"": 20}",0.25108733191182764,0.2493164552699359,0.2426707321936415,0.2735335576567005,0.25415201925802633,0.25020189359088174,0.011621520672516997,0.2426707321936415,0.2735335576567005,6.82486020000033
gradient_boosting,158,"{""l2_regularization"": 0.1, ""learning_rate"": 0.1, ""max_iter"": 800, ""max_leaf_nodes"": 5, ""min_samples_leaf"": 20}",0.24429782901373753,0.24396494583889344,0.2472181352213459,0.27204054828199403,0.2518803645889927,0.2457579821175417,0.011708096439553468,0.24396494583889344,0.27204054828199403,6.946107300000222
gradient_boosting,159,"{""l2_regularization"": 0.1, ""learning_rate"": 0.1, ""max_iter"": 800, ""max_leaf_nodes"": 31, ""min_samples_leaf"": 20}",0.2368981591947031,0.2005833496977866,0.23459659496054105,0.2122072010282271,0.22107132622031447,0.2234018979943841,0.015262301873433092,0.2005833496977866,0.2368981591947031,21.15218210000012
gradient_boosting,160,"{""l2_regularization"": 5, ""learning_rate"": 0.1, ""max_iter"": 800, ""max_leaf_nodes"": 15, ""min_samples_leaf"": 20}",0.24683120499885558,0.24909485045019303,0.2641703318662899,0.21848477057649657,0.24464528947295877,0.2479630277245243,0.01650891311511767,0.21848477057649657,0.2641703318662899,13.6852801
gradient_boosting,161,"{""l2_regularization"": 5, ""learning_rate"": 0.2, ""max_iter"": 100, ""max_leaf_nodes"": 15, ""min_samples_leaf"": 40}",0.2500499427548206,0.2860453999672916,0.2658216253209527,0.25137029449094295,0.263321815633502,0.25859595990594786,0.014505100833648447,0.2500499427548206,0.2860453999672916,1.9654034999998657
gradient_boosting,162,"{""l2_regularization"": 1, ""learning_rate"": 0.2, ""max_iter"": 100, ""max_leaf_nodes"": 5, ""min_samples_leaf"": 10}",0.2615487678148745,0.2911767411262436,0.26467437540084215,0.2734146597840128,0.2727036360314933,0.2690445175924275,0.011518043212970164,0.2615487678148745,0.2911767411262436,0.9726836999998341
gradient_boosting,163,"{""l2_regularization"": 10, ""learning_rate"": 0.2, ""max_iter"": 100, ""max_leaf_nodes"": 5, ""min_samples_leaf"": 80}",0.26097701941925217,0.3185039001440972,0.2710072914196766,0.29273476397752096,0.28580574374013673,0.2818710276985988,0.022094345974430635,0.26097701941925217,0.3185039001440972,1.0362110999999459
gradient_boosting,164,"{""l2_regularization"": 0.1, ""learning_rate"": 0.2, ""max_iter"": 100, ""max_leaf_nodes"": 15, ""min_samples_leaf"": 20}",0.2438591087678274,0.22290076010511695,0.30105662311316306,0.2569804505640375,0.2561992356375362,0.25041977966593243,0.028608839157870186,0.22290076010511695,0.30105662311316306,1.7440225000000282
gradient_boosting,165,"{""l2_regularization"": 10, ""learning_rate"": 0.2, ""max_iter"": 100, ""max_leaf_nodes"": 31, ""min_samples_leaf"": 80}",0.2539073442501131,0.28333077193381695,0.25818898631783493,0.25655705866114376,0.2629960402907272,0.25737302248948934,0.011839277417135334,0.2539073442501131,0.28333077193381695,2.6972968000000037
gradient_boosting,166,"{""l2_regularization"": 0, ""learning_rate"": 0.2, ""max_iter"": 100, ""max_leaf_nodes"": 7, ""min_samples_leaf"": 80}",0.25363926020370675,0.31876785134736296,0.260492743198811,0.28960579214463467,0.28062641172362884,0.27504926767172283,0.025831519722727177,0.25363926020370675,0.31876785134736296,1.1660117000001264
gradient_boosting,167,"{""l2_regularization"": 1, ""learning_rate"": 0.2, ""max_iter"": 100, ""max_leaf_nodes"": 15, ""min_samples_leaf"": 40}",0.2501043510811996,0.2780400284616634,0.2411244282220714,0.23962764232338946,0.252224112522081,0.2456143896516355,0.015433963824891496,0.23962764232338946,0.2780400284616634,1.7745418000004065
gradient_boosting,168,"{""l2_regularization"": 10, ""learning_rate"": 0.2, ""max_iter"": 100, ""max_leaf_nodes"": 31, ""min_samples_leaf"": 10}",0.255694480777853,0.2846772489022515,0.26436141344466,0.2658383830331592,0.2676428815394809,0.2650998982389096,0.010570692975473965,0.255694480777853,0.2846772489022515,3.158474500000011
gradient_boosting,169,"{""l2_regularization"": 0, ""learning_rate"": 0.2, ""max_iter"": 100, ""max_leaf_nodes"": 5, ""min_samples_leaf"": 10}",0.23944015285629308,0.30485816118963266,0.2549366691290504,0.26991020769944846,0.2672862977186061,0.2624234384142494,0.024220089483040302,0.23944015285629308,0.30485816118963266,0.9749120999999832
gradient_boosting,170,"{""l2_regularization"": 0.1, ""learning_rate"": 0.2, ""max_iter"": 100, ""max_leaf_nodes"": 5, ""min_samples_leaf"": 10}",0.24663188563202162,0.2996403799729106,0.25622173888938427,0.2557092190406681,0.26455080588374613,0.2559654789650262,0.020615000167638148,0.24663188563202162,0.2996403799729106,0.9745874000000185
gradient_boosting,171,"{""l2_regularization"": 0.1, ""learning_rate"": 0.2, ""max_iter"": 200, ""max_leaf_nodes"": 31, ""min_samples_leaf"": 80}",0.22835598345723807,0.24385182344326795,0.24133365339266785,0.21708493018219144,0.23265659761884133,0.23484481842495297,0.010742398324939012,0.21708493018219144,0.24385182344326795,5.190049499999986
gradient_boosting,172,"{""l2_regularization"": 1, ""learning_rate"": 0.2, ""max_iter"": 200, ""max_leaf_nodes"": 15, ""min_samples_leaf"": 20}",0.24225659347475045,0.21004996757110495,0.2476862432158663,0.2463851719407873,0.23659449405062727,0.24432088270776886,0.01545603061109293,0.21004996757110495,0.2476862432158663,3.371335199999976
gradient_boosting,173,"{""l2_regularization"": 10, ""learning_rate"": 0.2, ""max_iter"": 200, ""max_leaf_nodes"": 31, ""min_samples_leaf"": 20}",0.2494317246712226,0.25321301592371975,0.24997823060332044,0.23129654776586261,0.24597987974103136,0.2497049776372715,0.008599717146080791,0.23129654776586261,0.25321301592371975,5.8185889000001225
gradient_boosting,174,"{""l2_regularization"": 1, ""learning_rate"": 0.2, ""max_iter"": 200, ""max_leaf_nodes"": 5, ""min_samples_leaf"": 10}",0.2562975898953438,0.2617834453113327,0.25782057336094744,0.29608850212437615,0.267997527673,0.25980200933614006,0.016341485614044433,0.2562975898953438,0.29608850212437615,1.8428407999999763
gradient_boosting,175,"{""l2_regularization"": 10, ""learning_rate"": 0.2, ""max_iter"": 200, ""max_leaf_nodes"": 5, ""min_samples_leaf"": 10}",0.2679898648997807,0.2824052256499084,0.2620771410127135,0.27025541894658067,0.27068191262724584,0.2691226419231807,0.007397756088710076,0.2620771410127135,0.2824052256499084,1.8229661999998825
gradient_boosting,176,"{""l2_regularization"": 10, ""learning_rate"": 0.2, ""max_iter"": 200, ""max_leaf_nodes"": 5, ""min_samples_leaf"": 40}",0.26461227476113564,0.30125821787442125,0.2550656692677618,0.2702362323026477,0.2727930985514916,0.2674242535318917,0.017305983141543815,0.2550656692677618,0.30125821787442125,1.8004830999998376
gradient_boosting,177,"{""l2_regularization"": 0, ""learning_rate"": 0.2, ""max_iter"": 200, ""max_leaf_nodes"": 5, ""min_samples_leaf"": 80}",0.24572506918517883,0.2967246600415979,0.2549791060528528,0.2969883744178087,0.2736043024243595,0.27585188304722535,0.023481457286684913,0.24572506918517883,0.2969883744178087,1.7943658999997751
gradient_boosting,178,"{""l2_regularization"": 0.1, ""learning_rate"": 0.2, ""max_iter"": 200, ""max_leaf_nodes"": 7, ""min_samples_leaf"": 40}",0.2544772057472465,0.2953800485727191,0.2678451745091708,0.2663185148327808,0.2710052359154793,0.2670818446709758,0.014993820526438563,0.2544772057472465,0.2953800485727191,2.0823315000002367
gradient_boosting,179,"{""l2_regularization"": 0, ""learning_rate"": 0.2, ""max_iter"": 200, ""max_leaf_nodes"": 7, ""min_samples_leaf"": 80}",0.2477518117287784,0.2960148765469095,0.2696167326067644,0.2784717406188112,0.2729637903753158,0.27404423661278776,0.01738200759804904,0.2477518117287784,0.2960148765469095,2.1400392000000465
gradient_boosting,180,"{""l2_regularization"": 5, ""learning_rate"": 0.2, ""max_iter"": 200, ""max_leaf_nodes"": 15, ""min_samples_leaf"": 20}",0.2458056525189666,0.2734549238650967,0.23996994729069115,0.2315094105715254,0.24768498356156998,0.2428877999048289,0.015722536807336925,0.2315094105715254,0.2734549238650967,3.4516395999999077
gradient_boosting,181,"{""l2_regularization"": 0.1, ""learning_rate"": 0.2, ""max_iter"": 400, ""max_leaf_nodes"": 5, ""min_samples_leaf"": 80}",0.2435445319176804,0.28345749290777256,0.2598900510154051,0.24684876877484635,0.2584352111539261,0.2533694098951257,0.015686053664895446,0.2435445319176804,0.28345749290777256,3.6065598000000136
gradient_boosting,182,"{""l2_regularization"": 5, ""learning_rate"": 0.2, ""max_iter"": 400, ""max_leaf_nodes"": 31, ""min_samples_leaf"": 10}",0.24214151287768995,0.23258848807085292,0.2475753569871892,0.2249297194149811,0.2368087693376783,0.23736500047427145,0.008707470417911074,0.2249297194149811,0.2475753569871892,12.141730499999994
gradient_boosting,183,"{""l2_regularization"": 1, ""learning_rate"": 0.2, ""max_iter"": 400, ""max_leaf_nodes"": 15, ""min_samples_leaf"": 20}",0.24232580322054878,0.21022108481414484,0.25675614090106663,0.22079943346182107,0.23252561559939533,0.2315626183411849,0.018153219238460812,0.21022108481414484,0.25675614090106663,6.610259099999894
gradient_boosting,184,"{""l2_regularization"": 0.1, ""learning_rate"": 0.2, ""max_iter"": 400, ""max_leaf_nodes"": 31, ""min_samples_leaf"": 80}",0.21688829059658227,0.23752944787408928,0.23707023276694733,0.22069152672347975,0.22804487449027466,0.22888087974521354,0.009353546277371123,0.21688829059658227,0.23752944787408928,10.194939900000008
gradient_boosting,185,"{""l2_regularization"": 0, ""learning_rate"": 0.2, ""max_iter"": 400, ""max_leaf_nodes"": 31, ""min_samples_leaf"": 80}",0.21148665498278418,0.25453460615468876,0.2343764013311667,0.21479376965907915,0.2287978580319297,0.2245850854951229,0.017243060861105525,0.21148665498278418,0.25453460615468876,10.486510199999884
gradient_boosting,186,"{""l2_regularization"": 0, ""learning_rate"": 0.2, ""max_iter"": 400, ""max_leaf_nodes"": 15, ""min_samples_leaf"": 40}",0.24272057322717908,0.2296670965291997,0.24535702658420505,0.2069131128254711,0.23116445229151372,0.2361938348781894,0.015209722518092316,0.2069131128254711,0.24535702658420505,6.4908424000000196
gradient_boosting,187,"{""l2_regularization"": 0.1, ""learning_rate"": 0.2, ""max_iter"": 400, ""max_leaf_nodes"": 31, ""min_samples_leaf"": 40}",0.22813189369669062,0.22200141781464466,0.23452361441561495,0.20723599104165125,0.22297322924215038,0.22506665575566764,0.010107278321088807,0.20723599104165125,0.23452361441561495,10.593129200000021
gradient_boosting,188,"{""l2_regularization"": 10, ""learning_rate"": 0.2, ""max_iter"": 400, ""max_leaf_nodes"": 31, ""min_samples_leaf"": 20}",0.24437352273225027,0.23590112194715257,0.24508755959347572,0.2114447533878348,0.23420173941517836,0.24013732233970142,0.013626578540139647,0.2114447533878348,0.24508755959347572,11.985804499999631
gradient_boosting,189,"{""l2_regularization"": 1, ""learning_rate"": 0.2, ""max_iter"": 400, ""max_leaf_nodes"": 7, ""min_samples_leaf"": 40}",0.2537162509146036,0.2482923305630933,0.26165518655843284,0.23791396378899865,0.2503944329562821,0.25100429073884845,0.008631627762820013,0.23791396378899865,0.26165518655843284,4.195188600000165
gradient_boosting,190,"{""l2_regularization"": 10, ""learning_rate"": 0.2, ""max_iter"": 400, ""max_leaf_nodes"": 15, ""min_samples_leaf"": 40}",0.24337141213941552,0.2631403972189943,0.23938770031905737,0.21260720953946421,0.23962667980423286,0.24137955622923646,0.018007129223632994,0.21260720953946421,0.2631403972189943,6.865533899999718
gradient_boosting,191,"{""l2_regularization"": 5, ""learning_rate"": 0.2, ""max_iter"": 800, ""max_leaf_nodes"": 7, ""min_samples_leaf"": 10}",0.2547074218460756,0.21864144334769678,0.24126779620786837,0.21738866164211326,0.23300133076093849,0.2299546197777826,0.015727767202597852,0.21738866164211326,0.2547074218460756,8.245896299999913
gradient_boosting,192,"{""l2_regularization"": 1, ""learning_rate"": 0.2, ""max_iter"": 800, ""max_leaf_nodes"": 7, ""min_samples_leaf"": 20}",0.2506609661351075,0.23535535075364675,0.23768756338824565,0.22880358357342664,0.23812686596260665,0.23652145707094618,0.007935703260392502,0.22880358357342664,0.2506609661351075,7.899935100000221
gradient_boosting,193,"{""l2_regularization"": 5, ""learning_rate"": 0.2, ""max_iter"": 800, ""max_leaf_nodes"": 5, ""min_samples_leaf"": 10}",0.2629987866389607,0.2255633940707003,0.24699020506560598,0.26812231254080443,0.25091867457901784,0.25499449585228334,0.01658476250112038,0.2255633940707003,0.26812231254080443,6.720682699999998
gradient_boosting,194,"{""l2_regularization"": 1, ""learning_rate"": 0.2, ""max_iter"": 800, ""max_leaf_nodes"": 7, ""min_samples_leaf"": 10}",0.24759209683583105,0.19579106747889663,0.2826056007747093,0.23344909996609664,0.2398594662638834,0.24052059840096385,0.031105233316615168,0.19579106747889663,0.2826056007747093,7.879812399999992
gradient_boosting,195,"{""l2_regularization"": 1, ""learning_rate"": 0.2, ""max_iter"": 800, ""max_leaf_nodes"": 15, ""min_samples_leaf"": 20}",0.23939009846259265,0.2007808083021814,0.25196674702629185,0.20928212548471475,0.2253549448189452,0.22433611197365372,0.021020212067312062,0.2007808083021814,0.25196674702629185,12.408322699999644
gradient_boosting,196,"{""l2_regularization"": 1, ""learning_rate"": 0.2, ""max_iter"": 800, ""max_leaf_nodes"": 7, ""min_samples_leaf"": 40}",0.24569619163438355,0.20608963873424502,0.2466424354853083,0.21788688859422858,0.22907878861204137,0.23179154011430608,0.017595307704103016,0.20608963873424502,0.2466424354853083,7.865614800000003
gradient_boosting,197,"{""l2_regularization"": 0, ""learning_rate"": 0.2, ""max_iter"": 800, ""max_leaf_nodes"": 7, ""min_samples_leaf"": 40}",0.24932514376508388,0.2593691379073349,0.2333173465445791,0.21267786543958775,0.23867237341414643,0.2413212451548315,0.017650979677127712,0.21267786543958775,0.2593691379073349,7.8206506000001355
gradient_boosting,198,"{""l2_regularization"": 1, ""learning_rate"": 0.2, ""max_iter"": 800, ""max_leaf_nodes"": 15, ""min_samples_leaf"": 40}",0.2383019621898362,0.21242038500250443,0.23437974356053634,0.20145309883555287,0.22163879739710746,0.22340006428152037,0.015267893793381799,0.20145309883555287,0.2383019621898362,11.438663899999938
gradient_boosting,199,"{""l2_regularization"": 0, ""learning_rate"": 0.2, ""max_iter"": 800, ""max_leaf_nodes"": 15, ""min_samples_leaf"": 10}",0.23412777613668465,0.23193178447779594,0.2302584215337432,0.22620875828765663,0.2306316851089701,0.23109510300576958,0.0028989014387424735,0.22620875828765663,0.23412777613668465,10.322350100000222
gradient_boosting,200,"{""l2_regularization"": 10, ""learning_rate"": 0.2, ""max_iter"": 800, ""max_leaf_nodes"": 31, ""min_samples_leaf"": 40}",0.2330530547959278,0.269079579692339,0.2397292711354031,0.2146459454604158,0.23912696277102144,0.23639116296566545,0.019581461912055245,0.2146459454604158,0.269079579692339,14.583111200000076
xgboost,1,"{""colsample_bytree"": 0.5, ""learning_rate"": 0.05, ""max_depth"": 6, ""min_child_weight"": 3, ""n_estimators"": 800, ""reg_alpha"": 0, ""reg_lambda"": 3, ""scale_pos_weight"": ""train_ratio"", ""subsample"": 1.0}",0.24418044230636582,0.23728681467403587,0.2571618694780436,0.24682642880512917,0.2463638888158936,0.2455034355557475,0.007140921566201356,0.23728681467403587,0.2571618694780436,3.0583435999997164
xgboost,2,"{""colsample_bytree"": 1.0, ""learning_rate"": 0.1, ""max_depth"": 3, ""min_child_weight"": 5, ""n_estimators"": 200, ""reg_alpha"": 0, ""reg_lambda"": 1, ""scale_pos_weight"": ""sqrt_train_ratio"", ""subsample"": 1.0}",0.2553434736586852,0.25168217828162526,0.30198403188554795,0.2809175822220358,0.27248181651197356,0.2681305279403605,0.020419908186216567,0.25168217828162526,0.30198403188554795,0.6111212000000705
xgboost,3,"{""colsample_bytree"": 0.5, ""learning_rate"": 0.1, ""max_depth"": 5, ""min_child_weight"": 10, ""n_estimators"": 100, ""reg_alpha"": 0.1, ""reg_lambda"": 10, ""scale_pos_weight"": ""sqrt_train_ratio"", ""subsample"": 1.0}",0.26034988520493024,0.28500735039209607,0.28707662286684577,0.2812703392160417,0.27842604941997845,0.2831388448040689,0.010641706167464656,0.26034988520493024,0.28707662286684577,0.45546490000015183
xgboost,4,"{""colsample_bytree"": 1.0, ""learning_rate"": 0.1, ""max_depth"": 6, ""min_child_weight"": 3, ""n_estimators"": 200, ""reg_alpha"": 1, ""reg_lambda"": 3, ""scale_pos_weight"": ""one"", ""subsample"": 0.8}",0.2547930885237522,0.2476249251974218,0.24943029454248605,0.23277875103083473,0.2461567648236237,0.24852760986995392,0.00816132390909893,0.23277875103083473,0.2547930885237522,1.2700999999997293
xgboost,5,"{""colsample_bytree"": 0.7, ""learning_rate"": 0.1, ""max_depth"": 3, ""min_child_weight"": 10, ""n_estimators"": 400, ""reg_alpha"": 0, ""reg_lambda"": 3, ""scale_pos_weight"": ""sqrt_train_ratio"", ""subsample"": 1.0}",0.26683069079163596,0.2513298971928071,0.27070186778961747,0.2823188754381418,0.26779533280305057,0.2687662792906267,0.011084023867110621,0.2513298971928071,0.2823188754381418,1.031970999999885
xgboost,6,"{""colsample_bytree"": 0.7, ""learning_rate"": 0.05, ""max_depth"": 6, ""min_child_weight"": 1, ""n_estimators"": 400, ""reg_alpha"": 0.1, ""reg_lambda"": 3, ""scale_pos_weight"": ""sqrt_train_ratio"", ""subsample"": 1.0}",0.2546378432236475,0.2304657897462891,0.2528411873657117,0.2603207297253869,0.2495663875152588,0.25373951529467964,0.011368076888453784,0.2304657897462891,0.2603207297253869,1.8020716999999422
xgboost,7,"{""colsample_bytree"": 0.7, ""learning_rate"": 0.05, ""max_depth"": 3, ""min_child_weight"": 5, ""n_estimators"": 800, ""reg_alpha"": 0, ""reg_lambda"": 1, ""scale_pos_weight"": ""train_ratio"", ""subsample"": 1.0}",0.26364827978313066,0.25558580143890336,0.258287679213059,0.29776739284064796,0.26882228831893523,0.2609679794980948,0.016961515365971278,0.25558580143890336,0.29776739284064796,1.9673607000004267
xgboost,8,"{""colsample_bytree"": 1.0, ""learning_rate"": 0.01, ""max_depth"": 6, ""min_child_weight"": 1, ""n_estimators"": 400, ""reg_alpha"": 0.1, ""reg_lambda"": 10, ""scale_pos_weight"": ""train_ratio"", ""subsample"": 0.8}",0.25780984249856365,0.281970252556113,0.2813982975886175,0.2801271334903068,0.2753263815334003,0.2807627155394622,0.010135155966470672,0.25780984249856365,0.281970252556113,2.6827668000000813
xgboost,9,"{""colsample_bytree"": 1.0, ""learning_rate"": 0.05, ""max_depth"": 6, ""min_child_weight"": 1, ""n_estimators"": 100, ""reg_alpha"": 0.1, ""reg_lambda"": 1, ""scale_pos_weight"": ""one"", ""subsample"": 1.0}",0.24998180218527544,0.2640581160693433,0.2774909694048281,0.25839816244297736,0.262482262525606,0.26122813925616034,0.010008571061630408,0.24998180218527544,0.2774909694048281,0.6214856000001419
xgboost,10,"{""colsample_bytree"": 1.0, ""learning_rate"": 0.03, ""max_depth"": 5, ""min_child_weight"": 5, ""n_estimators"": 800, ""reg_alpha"": 0.1, ""reg_lambda"": 3, ""scale_pos_weight"": ""train_ratio"", ""subsample"": 0.8}",0.2698469271570823,0.23280212337435713,0.27569966184875516,0.2553919244061864,0.2584351591965952,0.26261942578163433,0.016542409915608826,0.23280212337435713,0.27569966184875516,3.83712370000012
xgboost,11,"{""colsample_bytree"": 1.0, ""learning_rate"": 0.01, ""max_depth"": 4, ""min_child_weight"": 3, ""n_estimators"": 200, ""reg_alpha"": 1, ""reg_lambda"": 1, ""scale_pos_weight"": ""one"", ""subsample"": 1.0}",0.23218555690179385,0.27761971338871716,0.2684243995861093,0.290380090960574,0.26715244020929857,0.27302205648741323,0.021641328379588383,0.23218555690179385,0.290380090960574,0.8262539000002107
xgboost,12,"{""colsample_bytree"": 0.7, ""learning_rate"": 0.05, ""max_depth"": 6, ""min_child_weight"": 5, ""n_estimators"": 400, ""reg_alpha"": 0, ""reg_lambda"": 1, ""scale_pos_weight"": ""train_ratio"", ""subsample"": 1.0}",0.25164957792134696,0.22602365656447201,0.27158553369213934,0.23338382706514876,0.24566064881077676,0.24251670249324786,0.017637309493363024,0.22602365656447201,0.27158553369213934,1.6962155999999595
xgboost,13,"{""colsample_bytree"": 1.0, ""learning_rate"": 0.01, ""max_depth"": 5, ""min_child_weight"": 5, ""n_estimators"": 400, ""reg_alpha"": 0.1, ""reg_lambda"": 1, ""scale_pos_weight"": ""train_ratio"", ""subsample"": 1.0}",0.24691659105339553,0.2917345449479324,0.27835711565137017,0.299385343932031,0.27909839889618226,0.28504583029965125,0.020046512058259636,0.24691659105339553,0.299385343932031,1.7379667000000154
xgboost,14,"{""colsample_bytree"": 1.0, ""learning_rate"": 0.01, ""max_depth"": 3, ""min_child_weight"": 10, ""n_estimators"": 800, ""reg_alpha"": 0.1, ""reg_lambda"": 3, ""scale_pos_weight"": ""sqrt_train_ratio"", ""subsample"": 1.0}",0.25109714693492496,0.24897839975029237,0.2914456583884782,0.3035180399049443,0.27375981124466,0.2712714026617016,0.024114601756307228,0.24897839975029237,0.3035180399049443,2.119176499999867
xgboost,15,"{""colsample_bytree"": 0.5, ""learning_rate"": 0.05, ""max_depth"": 6, ""min_child_weight"": 1, ""n_estimators"": 200, ""reg_alpha"": 0.1, ""reg_lambda"": 10, ""scale_pos_weight"": ""train_ratio"", ""subsample"": 1.0}",0.2569281483293108,0.2663287517572865,0.29147736834272187,0.28714909713353226,0.2754708413907129,0.2767389244454094,0.014317819588672138,0.2569281483293108,0.29147736834272187,1.0017210999999406
xgboost,16,"{""colsample_bytree"": 1.0, ""learning_rate"": 0.1, ""max_depth"": 2, ""min_child_weight"": 1, ""n_estimators"": 200, ""reg_alpha"": 1, ""reg_lambda"": 1, ""scale_pos_weight"": ""sqrt_train_ratio"", ""subsample"": 0.8}",0.2755950280004713,0.2581396793085846,0.28987505190499174,0.29292223482188073,0.2791329985089821,0.2827350399527315,0.013772903067477771,0.2581396793085846,0.29292223482188073,0.667432799999915
xgboost,17,"{""colsample_bytree"": 1.0, ""learning_rate"": 0.03, ""max_depth"": 3, ""min_child_weight"": 10, ""n_estimators"": 800, ""reg_alpha"": 0, ""reg_lambda"": 10, ""scale_pos_weight"": ""sqrt_train_ratio"", ""subsample"": 0.8}",0.27340227227617614,0.29340949219145174,0.284918473119726,0.2869785028773077,0.2846771851161654,0.28594848799851685,0.007223765114967086,0.27340227227617614,0.29340949219145174,2.6766163000002052
xgboost,18,"{""colsample_bytree"": 0.7, ""learning_rate"": 0.01, ""max_depth"": 4, ""min_child_weight"": 5, ""n_estimators"": 400, ""reg_alpha"": 1, ""reg_lambda"": 3, ""scale_pos_weight"": ""train_ratio"", ""subsample"": 1.0}",0.2474074591590311,0.30869663606720116,0.27867211207756676,0.30140620564873516,0.28404560323813355,0.29003915886315096,0.023876201249426778,0.2474074591590311,0.30869663606720116,1.4026868000000832
xgboost,19,"{""colsample_bytree"": 0.7, ""learning_rate"": 0.01, ""max_depth"": 5, ""min_child_weight"": 3, ""n_estimators"": 200, ""reg_alpha"": 0.1, ""reg_lambda"": 10, ""scale_pos_weight"": ""sqrt_train_ratio"", ""subsample"": 0.6}",0.24231856049716216,0.237052179463708,0.27103209952797075,0.28391678445351176,0.25857990598558817,0.2566753300125665,0.01952491293713048,0.237052179463708,0.28391678445351176,1.0591216999996504
xgboost,20,"{""colsample_bytree"": 1.0, ""learning_rate"": 0.01, ""max_depth"": 6, ""min_child_weight"": 10, ""n_estimators"": 200, ""reg_alpha"": 0, ""reg_lambda"": 3, ""scale_pos_weight"": ""train_ratio"", ""subsample"": 1.0}",0.2440073176326446,0.25215085276498106,0.2739733763191579,0.25717679158845175,0.2568270845763088,0.2546638221767164,0.01095822960117619,0.2440073176326446,0.2739733763191579,1.2066608999998607
xgboost,21,"{""colsample_bytree"": 0.7, ""learning_rate"": 0.1, ""max_depth"": 2, ""min_child_weight"": 3, ""n_estimators"": 200, ""reg_alpha"": 0.1, ""reg_lambda"": 3, ""scale_pos_weight"": ""sqrt_train_ratio"", ""subsample"": 0.6}",0.25927325391597955,0.24047500758419604,0.2542704645276474,0.2852740925905764,0.25982320465459985,0.25677185922181345,0.016226797245122004,0.24047500758419604,0.2852740925905764,0.658067200000005
xgboost,22,"{""colsample_bytree"": 0.5, ""learning_rate"": 0.1, ""max_depth"": 2, ""min_child_weight"": 3, ""n_estimators"": 100, ""reg_alpha"": 0, ""reg_lambda"": 10, ""scale_pos_weight"": ""train_ratio"", ""subsample"": 0.6}",0.2550599255473548,0.20701634416806328,0.24893803971854245,0.2736405059857889,0.24616370385493735,0.2519989826329486,0.024363549236904012,0.20701634416806328,0.2736405059857889,0.3815740000000005
xgboost,23,"{""colsample_bytree"": 0.5, ""learning_rate"": 0.05, ""max_depth"": 2, ""min_child_weight"": 3, ""n_estimators"": 800, ""reg_alpha"": 0.1, ""reg_lambda"": 1, ""scale_pos_weight"": ""sqrt_train_ratio"", ""subsample"": 0.8}",0.26710174439878115,0.27133194887665324,0.27643393116212134,0.2901494222126331,0.2762542616625472,0.2738829400193873,0.008676195930064226,0.26710174439878115,0.2901494222126331,2.1593251999997847
xgboost,24,"{""colsample_bytree"": 0.5, ""learning_rate"": 0.03, ""max_depth"": 2, ""min_child_weight"": 1, ""n_estimators"": 100, ""reg_alpha"": 0.1, ""reg_lambda"": 10, ""scale_pos_weight"": ""sqrt_train_ratio"", ""subsample"": 0.8}",0.2298772006509885,0.18019004791711352,0.23923667226426787,0.27472338665997675,0.23100682687308666,0.23455693645762818,0.033773099626867864,0.18019004791711352,0.27472338665997675,0.3855699000000641
xgboost,25,"{""colsample_bytree"": 1.0, ""learning_rate"": 0.05, ""max_depth"": 5, ""min_child_weight"": 10, ""n_estimators"": 200, ""reg_alpha"": 0, ""reg_lambda"": 3, ""scale_pos_weight"": ""sqrt_train_ratio"", ""subsample"": 1.0}",0.27111705168895095,0.296151816855302,0.28049433992266753,0.2638054549751675,0.277892165860522,0.27580569580580927,0.012088463094064743,0.2638054549751675,0.296151816855302,0.8226744000003237
xgboost,26,"{""colsample_bytree"": 0.5, ""learning_rate"": 0.03, ""max_depth"": 2, ""min_child_weight"": 10, ""n_estimators"": 100, ""reg_alpha"": 0.1, ""reg_lambda"": 10, ""scale_pos_weight"": ""one"", ""subsample"": 0.6}",0.22014596228905003,0.16541192286419587,0.23186511900452728,0.28870777458294616,0.22653269468517984,0.22600554064678866,0.043791307379740775,0.16541192286419587,0.28870777458294616,0.3977861000003031
xgboost,27,"{""colsample_bytree"": 0.7, ""learning_rate"": 0.03, ""max_depth"": 5, ""min_child_weight"": 1, ""n_estimators"": 100, ""reg_alpha"": 0, ""reg_lambda"": 3, ""scale_pos_weight"": ""sqrt_train_ratio"", ""subsample"": 0.8}",0.2504508422738351,0.2771540961981044,0.2831890077013649,0.2827747219181613,0.2733921670228664,0.2799644090581328,0.013457961547009347,0.2504508422738351,0.2831890077013649,0.6185592000001634
xgboost,28,"{""colsample_bytree"": 0.5, ""learning_rate"": 0.01, ""max_depth"": 6, ""min_child_weight"": 10, ""n_estimators"": 200, ""reg_alpha"": 0.1, ""reg_lambda"": 10, ""scale_pos_weight"": ""train_ratio"", ""subsample"": 1.0}",0.2350884130242468,0.2685464386304932,0.28398726415738423,0.2871042245647419,0.2686815850942165,0.2762668513939387,0.02062872348774216,0.2350884130242468,0.2871042245647419,1.003038999999717
xgboost,29,"{""colsample_bytree"": 0.5, ""learning_rate"": 0.01, ""max_depth"": 3, ""min_child_weight"": 10, ""n_estimators"": 100, ""reg_alpha"": 1, ""reg_lambda"": 3, ""scale_pos_weight"": ""one"", ""subsample"": 0.6}",0.2166893693436407,0.20968558082329647,0.24566300645620484,0.2984783167779224,0.2426290683502661,0.23117618789992278,0.03495169768894876,0.20968558082329647,0.2984783167779224,0.4378673000001072
xgboost,30,"{""colsample_bytree"": 0.7, ""learning_rate"": 0.05, ""max_depth"": 2, ""min_child_weight"": 5, ""n_estimators"": 200, ""reg_alpha"": 1, ""reg_lambda"": 10, ""scale_pos_weight"": ""one"", ""subsample"": 1.0}",0.23005930603605187,0.18413089711751926,0.2539706472052681,0.3029203220577028,0.2427702931041355,0.24201497662065996,0.042847467454407144,0.18413089711751926,0.3029203220577028,0.5268348999998125
xgboost,31,"{""colsample_bytree"": 1.0, ""learning_rate"": 0.03, ""max_depth"": 6, ""min_child_weight"": 1, ""n_estimators"": 800, ""reg_alpha"": 0.1, ""reg_lambda"": 1, ""scale_pos_weight"": ""train_ratio"", ""subsample"": 1.0}",0.2475686684734254,0.23711017273678264,0.24578965214650644,0.21867256298659138,0.23728526408582645,0.24144991244164454,0.011451378970188506,0.21867256298659138,0.2475686684734254,4.062896599999931
xgboost,32,"{""colsample_bytree"": 0.5, ""learning_rate"": 0.01, ""max_depth"": 5, ""min_child_weight"": 1, ""n_estimators"": 100, ""reg_alpha"": 1, ""reg_lambda"": 3, ""scale_pos_weight"": ""sqrt_train_ratio"", ""subsample"": 0.8}",0.23214025501168334,0.29531411203518093,0.2541345540828787,0.2954839987206113,0.2692682299625886,0.2747243330590298,0.027263387418388914,0.23214025501168334,0.2954839987206113,0.5801664000000528
xgboost,33,"{""colsample_bytree"": 1.0, ""learning_rate"": 0.05, ""max_depth"": 5, ""min_child_weight"": 1, ""n_estimators"": 400, ""reg_alpha"": 0, ""reg_lambda"": 3, ""scale_pos_weight"": ""one"", ""subsample"": 1.0}",0.2604650257355708,0.25771117744463545,0.27773388425889556,0.2582086817779744,0.26352969230426904,0.2593368537567726,0.008266188941312202,0.25771117744463545,0.27773388425889556,1.5954961000002186
xgboost,34,"{""colsample_bytree"": 0.5, ""learning_rate"": 0.05, ""max_depth"": 4, ""min_child_weight"": 10, ""n_estimators"": 100, ""reg_alpha"": 1, ""reg_lambda"": 10, ""scale_pos_weight"": ""one"", ""subsample"": 1.0}",0.23580293789891466,0.28444614035478916,0.2676319861299471,0.29370041773727085,0.27039537053023044,0.27603906324236815,0.022050068291736436,0.23580293789891466,0.29370041773727085,0.39541449999978795
xgboost,35,"{""colsample_bytree"": 0.5, ""learning_rate"": 0.1, ""max_depth"": 5, ""min_child_weight"": 1, ""n_estimators"": 400, ""reg_alpha"": 0.1, ""reg_lambda"": 10, ""scale_pos_weight"": ""one"", ""subsample"": 0.6}",0.2609871624294574,0.22694909008185551,0.24962591800120718,0.24579321353599332,0.24583884601212835,0.24770956576860026,0.012253962277138594,0.22694909008185551,0.2609871624294574,1.9537592000001496
xgboost,36,"{""colsample_bytree"": 0.7, ""learning_rate"": 0.1, ""max_depth"": 6, ""min_child_weight"": 3, ""n_estimators"": 400, ""reg_alpha"": 0.1, ""reg_lambda"": 1, ""scale_pos_weight"": ""one"", ""subsample"": 1.0}",0.2503336614549912,0.22496908715855474,0.24813005494514653,0.21293946676667647,0.23409306758134224,0.23654957105185065,0.015744171539033448,0.21293946676667647,0.2503336614549912,1.5744678000000931
xgboost,37,"{""colsample_bytree"": 1.0, ""learning_rate"": 0.1, ""max_depth"": 6, ""min_child_weight"": 5, ""n_estimators"": 200, ""reg_alpha"": 0.1, ""reg_lambda"": 10, ""scale_pos_weight"": ""train_ratio"", ""subsample"": 0.8}",0.2556081678990066,0.2767086256645661,0.26597001890977956,0.2599212953590105,0.26455202695809066,0.262945657134395,0.007925116454930095,0.2556081678990066,0.2767086256645661,1.2799473000000035
xgboost,38,"{""colsample_bytree"": 0.7, ""learning_rate"": 0.1, ""max_depth"": 2, ""min_child_weight"": 3, ""n_estimators"": 400, ""reg_alpha"": 0, ""reg_lambda"": 1, ""scale_pos_weight"": ""sqrt_train_ratio"", ""subsample"": 1.0}",0.2518229186331574,0.26064625505685285,0.2506256457803459,0.2993467335791321,0.26561038826237204,0.2562345868450051,0.019858376317331256,0.2506256457803459,0.2993467335791321,0.9002713999998377
xgboost,39,"{""colsample_bytree"": 0.5, ""learning_rate"": 0.03, ""max_depth"": 4, ""min_child_weight"": 3, ""n_estimators"": 800, ""reg_alpha"": 1, ""reg_lambda"": 10, ""scale_pos_weight"": ""train_ratio"", ""subsample"": 0.6}",0.26805561686161516,0.2739540083377477,0.2734458161987537,0.2908378601443593,0.27657332538561896,0.2736999122682507,0.008553806841026898,0.26805561686161516,0.2908378601443593,3.1141701000001376
xgboost,40,"{""colsample_bytree"": 0.5, ""learning_rate"": 0.1, ""max_depth"": 6, ""min_child_weight"": 10, ""n_estimators"": 400, ""reg_alpha"": 1, ""reg_lambda"": 1, ""scale_pos_weight"": ""one"", ""subsample"": 1.0}",0.2515439170977669,0.26446999721707554,0.23595901442990577,0.23710633086414704,0.2472698149022238,0.24432512398095696,0.011676309737658081,0.23595901442990577,0.26446999721707554,1.5240726000001814
xgboost,41,"{""colsample_bytree"": 0.5, ""learning_rate"": 0.03, ""max_depth"": 2, ""min_child_weight"": 5, ""n_estimators"": 400, ""reg_alpha"": 0.1, ""reg_lambda"": 1, ""scale_pos_weight"": ""sqrt_train_ratio"", ""subsample"": 1.0}",0.2479567603111667,0.1987959126595916,0.27281831575265786,0.28450592499564903,0.25101922842976626,0.2603875380319123,0.03291357043840493,0.1987959126595916,0.28450592499564903,0.9161626000000069
xgboost,42,"{""colsample_bytree"": 1.0, ""learning_rate"": 0.1, ""max_depth"": 4, ""min_child_weight"": 10, ""n_estimators"": 100, ""reg_alpha"": 0, ""reg_lambda"": 1, ""scale_pos_weight"": ""one"", ""subsample"": 0.8}",0.25634464853158834,0.27864212180535436,0.2644922342736329,0.27730933936551083,0.2691970859940216,0.27090078681957186,0.009251190932485387,0.25634464853158834,0.27864212180535436,0.4706560999998146
xgboost,43,"{""colsample_bytree"": 0.7, ""learning_rate"": 0.05, ""max_depth"": 4, ""min_child_weight"": 10, ""n_estimators"": 100, ""reg_alpha"": 0.1, ""reg_lambda"": 10, ""scale_pos_weight"": ""train_ratio"", ""subsample"": 0.6}",0.2529940886414108,0.22648236222142243,0.2693469705310796,0.2837139114651034,0.2581343332147541,0.2611705295862452,0.021262099150187945,0.22648236222142243,0.2837139114651034,0.4943623999997726
xgboost,44,"{""colsample_bytree"": 0.5, ""learning_rate"": 0.1, ""max_depth"": 2, ""min_child_weight"": 5, ""n_estimators"": 400, ""reg_alpha"": 1, ""reg_lambda"": 3, ""scale_pos_weight"": ""one"", ""subsample"": 0.8}",0.26071745273108976,0.31980170769289,0.26726282280086516,0.29183512810719636,0.2849042778330103,0.2795489754540308,0.02324914375041854,0.26071745273108976,0.31980170769289,1.148091800000202
xgboost,45,"{""colsample_bytree"": 1.0, ""learning_rate"": 0.01, ""max_depth"": 2, ""min_child_weight"": 1, ""n_estimators"": 200, ""reg_alpha"": 0.1, ""reg_lambda"": 1, ""scale_pos_weight"": ""sqrt_train_ratio"", ""subsample"": 0.6}",0.22898418425001132,0.1660323617526747,0.23541551544317413,0.2715061455999175,0.22548455176144439,0.23219984984659273,0.03795860068375515,0.1660323617526747,0.2715061455999175,0.7140168999999332
xgboost,46,"{""colsample_bytree"": 0.5, ""learning_rate"": 0.1, ""max_depth"": 4, ""min_child_weight"": 3, ""n_estimators"": 400, ""reg_alpha"": 1, ""reg_lambda"": 1, ""scale_pos_weight"": ""train_ratio"", ""subsample"": 0.6}",0.2512443892482088,0.21355614592847755,0.27078417810304456,0.24060164565886988,0.24404658973465018,0.24592301745353934,0.020665440672640565,0.21355614592847755,0.27078417810304456,1.5487507000002552
xgboost,47,"{""colsample_bytree"": 0.7, ""learning_rate"": 0.01, ""max_depth"": 2, ""min_child_weight"": 5, ""n_estimators"": 800, ""reg_alpha"": 0.1, ""reg_lambda"": 10, ""scale_pos_weight"": ""sqrt_train_ratio"", ""subsample"": 0.8}",0.24347674195561483,0.19507809640282525,0.2553583161605282,0.2791498038812103,0.24326573960004466,0.24941752905807152,0.030643065920786083,0.19507809640282525,0.2791498038812103,2.2476040000001376
xgboost,48,"{""colsample_bytree"": 1.0, ""learning_rate"": 0.01, ""max_depth"": 3, ""min_child_weight"": 3, ""n_estimators"": 800, ""reg_alpha"": 0.1, ""reg_lambda"": 3, ""scale_pos_weight"": ""sqrt_train_ratio"", ""subsample"": 0.6}",0.2678107805959396,0.27713137374884816,0.28200825851500755,0.2881436106375186,0.2787735058743285,0.2795698161319279,0.007435395607607224,0.2678107805959396,0.2881436106375186,2.7498243
xgboost,49,"{""colsample_bytree"": 0.7, ""learning_rate"": 0.01, ""max_depth"": 3, ""min_child_weight"": 5, ""n_estimators"": 400, ""reg_alpha"": 0.1, ""reg_lambda"": 3, ""scale_pos_weight"": ""train_ratio"", ""subsample"": 1.0}",0.2471415828408773,0.22644673721176753,0.2723124051359773,0.2874501801108505,0.2583377263248682,0.2597269939884273,0.02337314393080568,0.22644673721176753,0.2874501801108505,1.1087432999997873
xgboost,50,"{""colsample_bytree"": 0.5, ""learning_rate"": 0.01, ""max_depth"": 2, ""min_child_weight"": 1, ""n_estimators"": 400, ""reg_alpha"": 0.1, ""reg_lambda"": 3, ""scale_pos_weight"": ""train_ratio"", ""subsample"": 0.8}",0.23869431494650234,0.2002313027904863,0.24236835003926185,0.26500713193097225,0.2365752749268057,0.2405313324928821,0.023277160765515257,0.2002313027904863,0.26500713193097225,1.1873406999998224
xgboost,51,"{""colsample_bytree"": 0.7, ""learning_rate"": 0.05, ""max_depth"": 4, ""min_child_weight"": 5, ""n_estimators"": 800, ""reg_alpha"": 0, ""reg_lambda"": 1, ""scale_pos_weight"": ""one"", ""subsample"": 0.8}",0.2541573679985206,0.23713290166595058,0.23800495527654783,0.23767360374986118,0.24174220717272005,0.2378392795132045,0.007174651579226169,0.23713290166595058,0.2541573679985206,2.9261019000000488
xgboost,52,"{""colsample_bytree"": 1.0, ""learning_rate"": 0.03, ""max_depth"": 6, ""min_child_weight"": 1, ""n_estimators"": 200, ""reg_alpha"": 0, ""reg_lambda"": 3, ""scale_pos_weight"": ""sqrt_train_ratio"", ""subsample"": 0.6}",0.2636583662007382,0.24934159855114152,0.2894416564841282,0.2688142306060219,0.26781396296050747,0.26623629840338003,0.014381019555446536,0.24934159855114152,0.2894416564841282,1.356162300000051
xgboost,53,"{""colsample_bytree"": 0.7, ""learning_rate"": 0.01, ""max_depth"": 2, ""min_child_weight"": 5, ""n_estimators"": 800, ""reg_alpha"": 0.1, ""reg_lambda"": 1, ""scale_pos_weight"": ""train_ratio"", ""subsample"": 1.0}",0.24872034650499378,0.20324962411703867,0.2602467816749382,0.26767506314318135,0.244972953860038,0.254483564089966,0.02501776757877051,0.20324962411703867,0.26767506314318135,1.6932061999996222
xgboost,54,"{""colsample_bytree"": 0.7, ""learning_rate"": 0.03, ""max_depth"": 4, ""min_child_weight"": 10, ""n_estimators"": 200, ""reg_alpha"": 0, ""reg_lambda"": 3, ""scale_pos_weight"": ""one"", ""subsample"": 0.8}",0.24526555407531622,0.2889640233661519,0.2692379653774608,0.28433938455896446,0.27195173184447335,0.27678867496821263,0.017046910386914346,0.24526555407531622,0.2889640233661519,0.8201057999999648
xgboost,55,"{""colsample_bytree"": 0.5, ""learning_rate"": 0.05, ""max_depth"": 5, ""min_child_weight"": 3, ""n_estimators"": 800, ""reg_alpha"": 0, ""reg_lambda"": 1, ""scale_pos_weight"": ""sqrt_train_ratio"", ""subsample"": 1.0}",0.2464569345884702,0.21097913929728576,0.2729068214261708,0.252230949208754,0.2456434611301702,0.2493439418986121,0.022298894372906542,0.21097913929728576,0.2729068214261708,2.5647101999998085
xgboost,56,"{""colsample_bytree"": 1.0, ""learning_rate"": 0.1, ""max_depth"": 2, ""min_child_weight"": 5, ""n_estimators"": 400, ""reg_alpha"": 0.1, ""reg_lambda"": 10, ""scale_pos_weight"": ""train_ratio"", ""subsample"": 1.0}",0.2646612848235202,0.2728871437741264,0.25602189532208425,0.30427714346030965,0.27446186684501017,0.2687742142988233,0.01821753571509515,0.25602189532208425,0.30427714346030965,0.9087475999999697
xgboost,57,"{""colsample_bytree"": 1.0, ""learning_rate"": 0.03, ""max_depth"": 3, ""min_child_weight"": 10, ""n_estimators"": 100, ""reg_alpha"": 1, ""reg_lambda"": 1, ""scale_pos_weight"": ""one"", ""subsample"": 0.6}",0.2277884812876196,0.22131511874683535,0.25859235668018915,0.27417121529798316,0.24546679300315682,0.24319041898390437,0.02174885258820977,0.22131511874683535,0.27417121529798316,0.45556029999988823
xgboost,58,"{""colsample_bytree"": 0.7, ""learning_rate"": 0.01, ""max_depth"": 6, ""min_child_weight"": 3, ""n_estimators"": 800, ""reg_alpha"": 1, ""reg_lambda"": 10, ""scale_pos_weight"": ""one"", ""subsample"": 0.6}",0.256843624191061,0.28227737932371283,0.27504170414988316,0.27366937627921883,0.27195802098596894,0.274355540214551,0.009318958978499561,0.256843624191061,0.28227737932371283,4.142816099999891
xgboost,59,"{""colsample_bytree"": 0.7, ""learning_rate"": 0.05, ""max_depth"": 6, ""min_child_weight"": 10, ""n_estimators"": 200, ""reg_alpha"": 0, ""reg_lambda"": 3, ""scale_pos_weight"": ""one"", ""subsample"": 0.6}",0.25465914931703393,0.27436323000458257,0.26839895515456497,0.2635909384587134,0.2652530682337237,0.26599494680663915,0.007209116544562027,0.25465914931703393,0.27436323000458257,1.0140814999999748
xgboost,60,"{""colsample_bytree"": 0.7, ""learning_rate"": 0.05, ""max_depth"": 4, ""min_child_weight"": 10, ""n_estimators"": 200, ""reg_alpha"": 1, ""reg_lambda"": 3, ""scale_pos_weight"": ""train_ratio"", ""subsample"": 1.0}",0.270596012423215,0.30787319759498744,0.2929678184607141,0.3004024964643931,0.2929598812358274,0.29668515746255364,0.013945807770940915,0.270596012423215,0.30787319759498744,0.7052345000001878
xgboost,61,"{""colsample_bytree"": 0.7, ""learning_rate"": 0.03, ""max_depth"": 2, ""min_child_weight"": 10, ""n_estimators"": 800, ""reg_alpha"": 0.1, ""reg_lambda"": 3, ""scale_pos_weight"": ""train_ratio"", ""subsample"": 0.8}",0.2727954544900608,0.2918527000229094,0.2714926608055022,0.2981534746442011,0.2835735724906684,0.2823240772564851,0.011653687766985018,0.2714926608055022,0.2981534746442011,2.2216248999998243
xgboost,62,"{""colsample_bytree"": 1.0, ""learning_rate"": 0.05, ""max_depth"": 6, ""min_child_weight"": 10, ""n_estimators"": 400, ""reg_alpha"": 0, ""reg_lambda"": 10, ""scale_pos_weight"": ""one"", ""subsample"": 1.0}",0.24968960345312405,0.27288661381138757,0.27036901364824445,0.2673707023093192,0.2650789833055188,0.2688698579787818,0.009097094362718296,0.24968960345312405,0.27288661381138757,1.6122995999999148
xgboost,63,"{""colsample_bytree"": 0.5, ""learning_rate"": 0.1, ""max_depth"": 4, ""min_child_weight"": 5, ""n_estimators"": 800, ""reg_alpha"": 0.1, ""reg_lambda"": 3, ""scale_pos_weight"": ""sqrt_train_ratio"", ""subsample"": 0.6}",0.25272690954912025,0.2270628730916007,0.2306761479830313,0.2307442909862063,0.23530255540248962,0.23071021948461878,0.01016958580905773,0.2270628730916007,0.25272690954912025,3.012650399999984
xgboost,64,"{""colsample_bytree"": 1.0, ""learning_rate"": 0.1, ""max_depth"": 6, ""min_child_weight"": 10, ""n_estimators"": 800, ""reg_alpha"": 0, ""reg_lambda"": 1, ""scale_pos_weight"": ""sqrt_train_ratio"", ""subsample"": 0.8}",0.2423208126305802,0.2248112425432754,0.21425328050395792,0.2130701389256797,0.2236138686508733,0.21953226152361666,0.01172789734215177,0.2130701389256797,0.2423208126305802,4.058698199999981
xgboost,65,"{""colsample_bytree"": 1.0, ""learning_rate"": 0.1, ""max_depth"": 3, ""min_child_weight"": 10, ""n_estimators"": 400, ""reg_alpha"": 0.1, ""reg_lambda"": 3, ""scale_pos_weight"": ""one"", ""subsample"": 0.8}",0.2564264073170442,0.2787960441793289,0.2491743349914068,0.26300113469732544,0.2618494802962763,0.25971377100718485,0.010938251280934628,0.2491743349914068,0.2787960441793289,1.4041744999999537
xgboost,66,"{""colsample_bytree"": 0.5, ""learning_rate"": 0.1, ""max_depth"": 4, ""min_child_weight"": 1, ""n_estimators"": 100, ""reg_alpha"": 0, ""reg_lambda"": 10, ""scale_pos_weight"": ""train_ratio"", ""subsample"": 0.6}",0.2592983234366596,0.24343572161924196,0.2933525165574077,0.28661969886734157,0.2706765651201627,0.2729590111520006,0.02024790251924005,0.24343572161924196,0.2933525165574077,0.48845570000003136
xgboost,67,"{""colsample_bytree"": 1.0, ""learning_rate"": 0.1, ""max_depth"": 2, ""min_child_weight"": 10, ""n_estimators"": 200, ""reg_alpha"": 0, ""reg_lambda"": 10, ""scale_pos_weight"": ""one"", ""subsample"": 0.8}",0.2513932419661382,0.21934439389272575,0.27227274467673485,0.28668550430635303,0.25742397121048793,0.2618329933214365,0.025313767481799355,0.21934439389272575,0.28668550430635303,0.6548619999998664
xgboost,68,"{""colsample_bytree"": 0.5, ""learning_rate"": 0.1, ""max_depth"": 2, ""min_child_weight"": 5, ""n_estimators"": 400, ""reg_alpha"": 0, ""reg_lambda"": 10, ""scale_pos_weight"": ""train_ratio"", ""subsample"": 0.6}",0.27217501181872106,0.2804480899460663,0.2672047362659177,0.2739995309169255,0.27345684223690764,0.2730872713678233,0.004740885303076642,0.2672047362659177,0.2804480899460663,1.1743787999998858
xgboost,69,"{""colsample_bytree"": 1.0, ""learning_rate"": 0.03, ""max_depth"": 6, ""min_child_weight"": 3, ""n_estimators"": 100, ""reg_alpha"": 1, ""reg_lambda"": 1, ""scale_pos_weight"": ""train_ratio"", ""subsample"": 0.8}",0.25021908559303296,0.3076163811087544,0.29413863438722876,0.2894985224926871,0.2853681558954258,0.29181857843995795,0.021356625959339258,0.25021908559303296,0.3076163811087544,0.7258096000000478
xgboost,70,"{""colsample_bytree"": 0.5, ""learning_rate"": 0.01, ""max_depth"": 2, ""min_child_weight"": 5, ""n_estimators"": 100, ""reg_alpha"": 0, ""reg_lambda"": 1, ""scale_pos_weight"": ""train_ratio"", ""subsample"": 0.8}",0.2166433939726829,0.17813792811046145,0.22326841714674311,0.26301880960783774,0.22026713720943128,0.219955905559713,0.030102802811670968,0.17813792811046145,0.26301880960783774,0.3859186999998201
xgboost,71,"{""colsample_bytree"": 0.7, ""learning_rate"": 0.03, ""max_depth"": 2, ""min_child_weight"": 3, ""n_estimators"": 100, ""reg_alpha"": 0, ""reg_lambda"": 10, ""scale_pos_weight"": ""one"", ""subsample"": 1.0}",0.22503407189829747,0.17740404945986327,0.2370483440266431,0.27784310263318385,0.2293323920044969,0.2310412079624703,0.035804515345401716,0.17740404945986327,0.27784310263318385,0.3196632000003774
xgboost,72,"{""colsample_bytree"": 0.5, ""learning_rate"": 0.05, ""max_depth"": 4, ""min_child_weight"": 1, ""n_estimators"": 200, ""reg_alpha"": 0.1, ""reg_lambda"": 10, ""scale_pos_weight"": ""train_ratio"", ""subsample"": 0.6}",0.26785637807687485,0.2637012937534068,0.28505443309724815,0.2895955969982771,0.27655192548145174,0.2764554055870615,0.010990692458514572,0.2637012937534068,0.2895955969982771,0.8794487999998637
xgboost,73,"{""colsample_bytree"": 0.7, ""learning_rate"": 0.1, ""max_depth"": 3, ""min_child_weight"": 1, ""n_estimators"": 400, ""reg_alpha"": 0, ""reg_lambda"": 3, ""scale_pos_weight"": ""sqrt_train_ratio"", ""subsample"": 0.6}",0.26826477148550537,0.2096425291549469,0.26529314353654215,0.2616100648428527,0.2512026272549618,0.26345160418969743,0.024110246400929097,0.2096425291549469,0.26826477148550537,1.4060668000001897
xgboost,74,"{""colsample_bytree"": 0.7, ""learning_rate"": 0.03, ""max_depth"": 6, ""min_child_weight"": 1, ""n_estimators"": 200, ""reg_alpha"": 0.1, ""reg_lambda"": 10, ""scale_pos_weight"": ""train_ratio"", ""subsample"": 0.8}",0.266775438824623,0.2735330658946624,0.29965218083858725,0.28657174559772225,0.2816331077888987,0.28005240574619233,0.012603949209643951,0.266775438824623,0.29965218083858725,1.2454396999996789
xgboost,75,"{""colsample_bytree"": 1.0, ""learning_rate"": 0.05, ""max_depth"": 4, ""min_child_weight"": 3, ""n_estimators"": 400, ""reg_alpha"": 0, ""reg_lambda"": 1, ""scale_pos_weight"": ""sqrt_train_ratio"", ""subsample"": 0.6}",0.2636162037536216,0.22677486934759528,0.26406225184454274,0.259116785388158,0.2533925275834794,0.2613664945708898,0.015488975334216037,0.22677486934759528,0.26406225184454274,1.6908088999998654
xgboost,76,"{""colsample_bytree"": 0.5, ""learning_rate"": 0.1, ""max_depth"": 5, ""min_child_weight"": 5, ""n_estimators"": 800, ""reg_alpha"": 0.1, ""reg_lambda"": 1, ""scale_pos_weight"": ""one"", ""subsample"": 0.6}",0.23870682011603755,0.2312918014739436,0.20836855808650945,0.21018288716316336,0.2221375167099135,0.22073734431855346,0.013141918943577,0.20836855808650945,0.23870682011603755,3.3584405999999944
xgboost,77,"{""colsample_bytree"": 0.5, ""learning_rate"": 0.05, ""max_depth"": 5, ""min_child_weight"": 5, ""n_estimators"": 800, ""reg_alpha"": 1, ""reg_lambda"": 3, ""scale_pos_weight"": ""sqrt_train_ratio"", ""subsample"": 0.8}",0.25938724353816955,0.2565522236940244,0.2415403208002053,0.23390510378399235,0.2478462229540979,0.24904627224711484,0.010525074948606288,0.23390510378399235,0.25938724353816955,3.4640715000000455
xgboost,78,"{""colsample_bytree"": 0.7, ""learning_rate"": 0.01, ""max_depth"": 2, ""min_child_weight"": 5, ""n_estimators"": 100, ""reg_alpha"": 0.1, ""reg_lambda"": 3, ""scale_pos_weight"": ""sqrt_train_ratio"", ""subsample"": 0.6}",0.21914760336618597,0.1692246498916305,0.21990573279631245,0.26582151143151794,0.21852487437141171,0.2195266680812492,0.03416788906393979,0.1692246498916305,0.26582151143151794,0.4090291000002253
xgboost,79,"{""colsample_bytree"": 0.5, ""learning_rate"": 0.1, ""max_depth"": 6, ""min_child_weight"": 3, ""n_estimators"": 800, ""reg_alpha"": 1, ""reg_lambda"": 10, ""scale_pos_weight"": ""train_ratio"", ""subsample"": 0.6}",0.2530058415908357,0.2620730337955243,0.24058297309016277,0.2199828970080048,0.24391118637113188,0.24679440734049923,0.01578136156135899,0.2199828970080048,0.2620730337955243,4.393795999999838
xgboost,80,"{""colsample_bytree"": 1.0, ""learning_rate"": 0.05, ""max_depth"": 4, ""min_child_weight"": 10, ""n_estimators"": 400, ""reg_alpha"": 0, ""reg_lambda"": 1, ""scale_pos_weight"": ""sqrt_train_ratio"", ""subsample"": 1.0}",0.2637446916115006,0.28064874040553733,0.26215264066042604,0.2686142019274891,0.2687900686512383,0.26617944676949484,0.007248625812646532,0.26215264066042604,0.28064874040553733,1.2962479999996503
xgboost,81,"{""colsample_bytree"": 0.5, ""learning_rate"": 0.03, ""max_depth"": 6, ""min_child_weight"": 3, ""n_estimators"": 800, ""reg_alpha"": 1, ""reg_lambda"": 3, ""scale_pos_weight"": ""train_ratio"", ""subsample"": 0.6}",0.26385450007021727,0.2520975997767249,0.24946772442804332,0.2633779770703846,0.2571994503363425,0.25773778842355477,0.006485991524380721,0.24946772442804332,0.26385450007021727,4.216848100000334
xgboost,82,"{""colsample_bytree"": 0.5, ""learning_rate"": 0.05, ""max_depth"": 3, ""min_child_weight"": 1, ""n_estimators"": 100, ""reg_alpha"": 0, ""reg_lambda"": 3, ""scale_pos_weight"": ""train_ratio"", ""subsample"": 0.8}",0.2526285645356715,0.25747659208909335,0.25748029182213833,0.2749388747888091,0.26063108080892805,0.25747844195561587,0.00849457923615548,0.2526285645356715,0.2749388747888091,0.4327180000000226
xgboost,83,"{""colsample_bytree"": 1.0, ""learning_rate"": 0.03, ""max_depth"": 2, ""min_child_weight"": 3, ""n_estimators"": 100, ""reg_alpha"": 0, ""reg_lambda"": 10, ""scale_pos_weight"": ""one"", ""subsample"": 0.6}",0.22301290570148763,0.17410692850548204,0.2343532720031391,0.277460219223417,0.22723333135838145,0.22868308885231337,0.03678879072559214,0.17410692850548204,0.277460219223417,0.4050265999999283
xgboost,84,"{""colsample_bytree"": 1.0, ""learning_rate"": 0.01, ""max_depth"": 4, ""min_child_weight"": 3, ""n_estimators"": 400, ""reg_alpha"": 0.1, ""reg_lambda"": 1, ""scale_pos_weight"": ""train_ratio"", ""subsample"": 0.8}",0.25466294031743375,0.28637319913324455,0.28810886084826937,0.2854545584352707,0.2786498896835546,0.2859138787842576,0.013881632658516814,0.25466294031743375,0.28810886084826937,1.7476271999998971
xgboost,85,"{""colsample_bytree"": 0.5, ""learning_rate"": 0.01, ""max_depth"": 2, ""min_child_weight"": 10, ""n_estimators"": 400, ""reg_alpha"": 0.1, ""reg_lambda"": 1, ""scale_pos_weight"": ""sqrt_train_ratio"", ""subsample"": 0.6}",0.22807164185651654,0.19951441821342564,0.24185671625421554,0.27711905606914866,0.2366404580983266,0.23496417905536604,0.02791726030681325,0.19951441821342564,0.27711905606914866,1.214780399999654
xgboost,86,"{""colsample_bytree"": 0.5, ""learning_rate"": 0.03, ""max_depth"": 6, ""min_child_weight"": 5, ""n_estimators"": 800, ""reg_alpha"": 0.1, ""reg_lambda"": 1, ""scale_pos_weight"": ""one"", ""subsample"": 0.8}",0.2564366067168044,0.2561380014239464,0.24687491053327096,0.2289483743789182,0.24709947326323498,0.25150645597860866,0.011162323588411965,0.2289483743789182,0.2564366067168044,3.5759798000003684
xgboost,87,"{""colsample_bytree"": 0.7, ""learning_rate"": 0.1, ""max_depth"": 3, ""min_child_weight"": 5, ""n_estimators"": 400, ""reg_alpha"": 1, ""reg_lambda"": 3, ""scale_pos_weight"": ""train_ratio"", ""subsample"": 1.0}",0.25205030846131454,0.2356871008412429,0.2744687812709007,0.28762169691381023,0.26245697187181705,0.2632595448661076,0.02001544147534659,0.2356871008412429,0.28762169691381023,1.0670350000000326
xgboost,88,"{""colsample_bytree"": 0.7, ""learning_rate"": 0.03, ""max_depth"": 4, ""min_child_weight"": 3, ""n_estimators"": 100, ""reg_alpha"": 1, ""reg_lambda"": 10, ""scale_pos_weight"": ""one"", ""subsample"": 0.6}",0.2343824553405115,0.22261121067956302,0.26494448652268443,0.2816428223188171,0.250895243715394,0.24966347093159796,0.023534302189131915,0.22261121067956302,0.2816428223188171,0.5081258999998681
xgboost,89,"{""colsample_bytree"": 1.0, ""learning_rate"": 0.01, ""max_depth"": 4, ""min_child_weight"": 10, ""n_estimators"": 800, ""reg_alpha"": 1, ""reg_lambda"": 3, ""scale_pos_weight"": ""train_ratio"", ""subsample"": 0.6}",0.2759213532113637,0.27252677094196115,0.282310462978389,0.28916153557637125,0.27998003067702126,0.27911590809487635,0.0063591448005323615,0.27252677094196115,0.28916153557637125,3.3042491000001064
xgboost,90,"{""colsample_bytree"": 0.7, ""learning_rate"": 0.03, ""max_depth"": 4, ""min_child_weight"": 1, ""n_estimators"": 100, ""reg_alpha"": 0, ""reg_lambda"": 1, ""scale_pos_weight"": ""sqrt_train_ratio"", ""subsample"": 1.0}",0.25373095750384156,0.29607222722981985,0.281095140808153,0.2970667107909013,0.2819912590831789,0.28858368401898643,0.01749993272456011,0.25373095750384156,0.2970667107909013,0.44545730000027106
xgboost,91,"{""colsample_bytree"": 1.0, ""learning_rate"": 0.01, ""max_depth"": 2, ""min_child_weight"": 5, ""n_estimators"": 100, ""reg_alpha"": 0.1, ""reg_lambda"": 1, ""scale_pos_weight"": ""sqrt_train_ratio"", ""subsample"": 0.8}",0.21986586789484963,0.15602359548102115,0.23702847860341236,0.27745347413936033,0.2225928540296609,0.228447173249131,0.043752078615621665,0.15602359548102115,0.27745347413936033,0.4077604000003703
xgboost,92,"{""colsample_bytree"": 1.0, ""learning_rate"": 0.05, ""max_depth"": 4, ""min_child_weight"": 5, ""n_estimators"": 200, ""reg_alpha"": 0.1, ""reg_lambda"": 3, ""scale_pos_weight"": ""sqrt_train_ratio"", ""subsample"": 0.6}",0.2668286408911882,0.23315090402345826,0.28104541961024204,0.27568861746574813,0.2641783954976592,0.27125862917846816,0.018619282612366287,0.23315090402345826,0.28104541961024204,0.917482100000143
xgboost,93,"{""colsample_bytree"": 0.7, ""learning_rate"": 0.1, ""max_depth"": 3, ""min_child_weight"": 10, ""n_estimators"": 200, ""reg_alpha"": 0.1, ""reg_lambda"": 10, ""scale_pos_weight"": ""sqrt_train_ratio"", ""subsample"": 0.8}",0.2658185768604575,0.2443689573156753,0.2816324928714013,0.28821119737143264,0.27000780610474173,0.27372553486592943,0.016892283777815306,0.2443689573156753,0.28821119737143264,0.7310055000002649
xgboost,94,"{""colsample_bytree"": 0.5, ""learning_rate"": 0.01, ""max_depth"": 5, ""min_child_weight"": 5, ""n_estimators"": 800, ""reg_alpha"": 0, ""reg_lambda"": 3, ""scale_pos_weight"": ""sqrt_train_ratio"", ""subsample"": 1.0}",0.2622805276201275,0.27529540022722665,0.2861815950376006,0.28575812643048465,0.27737891232885986,0.2805267633288556,0.009746803262123516,0.2622805276201275,0.2861815950376006,2.833808599999884
xgboost,95,"{""colsample_bytree"": 0.7, ""learning_rate"": 0.05, ""max_depth"": 6, ""min_child_weight"": 3, ""n_estimators"": 800, ""reg_alpha"": 0, ""reg_lambda"": 10, ""scale_pos_weight"": ""sqrt_train_ratio"", ""subsample"": 0.6}",0.26064211743403815,0.23052605285922007,0.24223513993330142,0.24216253646311406,0.2438914616724184,0.24219883819820776,0.010781363611239582,0.23052605285922007,0.26064211743403815,4.511597300000176
xgboost,96,"{""colsample_bytree"": 0.5, ""learning_rate"": 0.05, ""max_depth"": 5, ""min_child_weight"": 10, ""n_estimators"": 800, ""reg_alpha"": 0, ""reg_lambda"": 10, ""scale_pos_weight"": ""sqrt_train_ratio"", ""subsample"": 1.0}",0.25992044851780094,0.25637527971785806,0.2686896109291885,0.25444326003382434,0.259857149799668,0.25814786411782953,0.005464659138398254,0.25444326003382434,0.2686896109291885,2.5295399000001453
xgboost,97,"{""colsample_bytree"": 1.0, ""learning_rate"": 0.01, ""max_depth"": 2, ""min_child_weight"": 10, ""n_estimators"": 100, ""reg_alpha"": 0, ""reg_lambda"": 3, ""scale_pos_weight"": ""sqrt_train_ratio"", ""subsample"": 1.0}",0.2228107022146943,0.15797275170128006,0.24041078976694608,0.271885749396138,0.22326999826976462,0.23161074599082018,0.04159699313959783,0.15797275170128006,0.271885749396138,0.34710060000043086
xgboost,98,"{""colsample_bytree"": 1.0, ""learning_rate"": 0.05, ""max_depth"": 4, ""min_child_weight"": 5, ""n_estimators"": 400, ""reg_alpha"": 0, ""reg_lambda"": 3, ""scale_pos_weight"": ""train_ratio"", ""subsample"": 0.8}",0.2756982750391417,0.2744526213569164,0.25721507862668086,0.2691629186267745,0.26913222341237836,0.2718077699918454,0.007304774984437059,0.25721507862668086,0.2756982750391417,1.6957852999998977
xgboost,99,"{""colsample_bytree"": 1.0, ""learning_rate"": 0.05, ""max_depth"": 6, ""min_child_weight"": 5, ""n_estimators"": 400, ""reg_alpha"": 1, ""reg_lambda"": 1, ""scale_pos_weight"": ""train_ratio"", ""subsample"": 0.6}",0.26464613812982696,0.2915907475178334,0.25986413856528634,0.23439591560241935,0.2626242349538415,0.26225513834755665,0.02029533867697797,0.23439591560241935,0.2915907475178334,2.398047900000165
xgboost,100,"{""colsample_bytree"": 0.5, ""learning_rate"": 0.1, ""max_depth"": 5, ""min_child_weight"": 1, ""n_estimators"": 100, ""reg_alpha"": 0.1, ""reg_lambda"": 3, ""scale_pos_weight"": ""train_ratio"", ""subsample"": 0.8}",0.2676186635493259,0.2811338713367024,0.27683915388402724,0.2767886379117275,0.2755950816704458,0.27681389589787736,0.004931372252823472,0.2676186635493259,0.2811338713367024,0.5432498000000123
xgboost,101,"{""colsample_bytree"": 0.5, ""learning_rate"": 0.05, ""max_depth"": 5, ""min_child_weight"": 3, ""n_estimators"": 100, ""reg_alpha"": 0.1, ""reg_lambda"": 1, ""scale_pos_weight"": ""one"", ""subsample"": 0.6}",0.25275842697062334,0.2994782384975974,0.27294887913279825,0.28314357722424704,0.2770822804563165,0.27804622817852265,0.016934086261077612,0.25275842697062334,0.2994782384975974,0.5377658000002157
xgboost,102,"{""colsample_bytree"": 0.7, ""learning_rate"": 0.1, ""max_depth"": 2, ""min_child_weight"": 5, ""n_estimators"": 400, ""reg_alpha"": 0.1, ""reg_lambda"": 10, ""scale_pos_weight"": ""sqrt_train_ratio"", ""subsample"": 1.0}",0.2673639315960997,0.2540430059604443,0.2756753368143884,0.2845581829928696,0.2704101143409505,0.27151963420524405,0.01123667967337854,0.2540430059604443,0.2845581829928696,0.8758354999999938
xgboost,103,"{""colsample_bytree"": 0.5, ""learning_rate"": 0.01, ""max_depth"": 3, ""min_child_weight"": 5, ""n_estimators"": 100, ""reg_alpha"": 0, ""reg_lambda"": 10, ""scale_pos_weight"": ""train_ratio"", ""subsample"": 0.8}",0.2213493184780801,0.2363961888317399,0.25191228942029625,0.2799462125334334,0.2474010023158874,0.24415423912601808,0.02167566936710727,0.2213493184780801,0.2799462125334334,0.4254561000002468
xgboost,104,"{""colsample_bytree"": 1.0, ""learning_rate"": 0.03, ""max_depth"": 6, ""min_child_weight"": 1, ""n_estimators"": 200, ""reg_alpha"": 0.1, ""reg_lambda"": 10, ""scale_pos_weight"": ""train_ratio"", ""subsample"": 1.0}",0.2536714466863565,0.29692275763549986,0.2831212329068336,0.28152343565764665,0.2788097182215841,0.28232233428224013,0.015700066192478393,0.2536714466863565,0.29692275763549986,1.1945630000000165
xgboost,105,"{""colsample_bytree"": 0.7, ""learning_rate"": 0.01, ""max_depth"": 6, ""min_child_weight"": 1, ""n_estimators"": 100, ""reg_alpha"": 0.1, ""reg_lambda"": 3, ""scale_pos_weight"": ""sqrt_train_ratio"", ""subsample"": 0.8}",0.23945868436199474,0.2971552811194888,0.2634520510561409,0.27275122082184,0.2682043093398661,0.26810163593899045,0.020662333394204733,0.23945868436199474,0.2971552811194888,0.7333479000003535
xgboost,106,"{""colsample_bytree"": 0.5, ""learning_rate"": 0.03, ""max_depth"": 3, ""min_child_weight"": 10, ""n_estimators"": 100, ""reg_alpha"": 1, ""reg_lambda"": 1, ""scale_pos_weight"": ""one"", ""subsample"": 1.0}",0.22219517949617776,0.23116994973864463,0.2711314183495756,0.29119770861338157,0.25392356404944494,0.2511506840441101,0.028327943153150178,0.22219517949617776,0.29119770861338157,0.3618514999998297
xgboost,107,"{""colsample_bytree"": 0.7, ""learning_rate"": 0.03, ""max_depth"": 4, ""min_child_weight"": 5, ""n_estimators"": 200, ""reg_alpha"": 0.1, ""reg_lambda"": 1, ""scale_pos_weight"": ""one"", ""subsample"": 0.8}",0.25229791100681265,0.30345422563836055,0.2698766499907512,0.29626222832471294,0.28047275374015934,0.2830694391577321,0.020515571744294112,0.25229791100681265,0.30345422563836055,0.8449129000000539
xgboost,108,"{""colsample_bytree"": 0.5, ""learning_rate"": 0.01, ""max_depth"": 6, ""min_child_weight"": 3, ""n_estimators"": 100, ""reg_alpha"": 0, ""reg_lambda"": 3, ""scale_pos_weight"": ""train_ratio"", ""subsample"": 1.0}",0.2302993780801601,0.282829368672403,0.28186232658971233,0.2863980573404302,0.2703472826706764,0.28234584763105763,0.02318329537081675,0.2302993780801601,0.2863980573404302,0.6082271999998738
xgboost,109,"{""colsample_bytree"": 0.5, ""learning_rate"": 0.03, ""max_depth"": 2, ""min_child_weight"": 5, ""n_estimators"": 800, ""reg_alpha"": 0.1, ""reg_lambda"": 1, ""scale_pos_weight"": ""sqrt_train_ratio"", ""subsample"": 0.8}",0.26600097674218787,0.2573804261733015,0.27085586588317107,0.2950109475842366,0.27231205409572423,0.26842842131267947,0.013965524153153037,0.2573804261733015,0.2950109475842366,2.1727489999998397
xgboost,110,"{""colsample_bytree"": 1.0, ""learning_rate"": 0.05, ""max_depth"": 6, ""min_child_weight"": 1, ""n_estimators"": 200, ""reg_alpha"": 0.1, ""reg_lambda"": 1, ""scale_pos_weight"": ""train_ratio"", ""subsample"": 0.6}",0.26758443835199697,0.2433770238726967,0.25045294856847256,0.248283820361005,0.2524245577885428,0.24936838446473877,0.00912020830377601,0.2433770238726967,0.26758443835199697,1.390230199999678
xgboost,111,"{""colsample_bytree"": 0.7, ""learning_rate"": 0.05, ""max_depth"": 2, ""min_child_weight"": 1, ""n_estimators"": 800, ""reg_alpha"": 0, ""reg_lambda"": 10, ""scale_pos_weight"": ""one"", ""subsample"": 1.0}",0.25865541373297796,0.2500062833376905,0.2548724680330984,0.28589879211513874,0.2623582393047264,0.25676394088303817,0.013932660653813869,0.2500062833376905,0.28589879211513874,1.663412100000187
xgboost,112,"{""colsample_bytree"": 0.5, ""learning_rate"": 0.1, ""max_depth"": 3, ""min_child_weight"": 5, ""n_estimators"": 100, ""reg_alpha"": 0, ""reg_lambda"": 10, ""scale_pos_weight"": ""one"", ""subsample"": 1.0}",0.2395210324288191,0.2393757275342157,0.2699240765828761,0.28893469654857323,0.259438883273621,0.2547225545058476,0.02109024229343219,0.2393757275342157,0.28893469654857323,0.35867670000016005
xgboost,113,"{""colsample_bytree"": 0.7, ""learning_rate"": 0.05, ""max_depth"": 5, ""min_child_weight"": 3, ""n_estimators"": 200, ""reg_alpha"": 0, ""reg_lambda"": 1, ""scale_pos_weight"": ""train_ratio"", ""subsample"": 1.0}",0.25481022844324047,0.2862365771509582,0.2847965592867959,0.2934005113512914,0.27981096905807146,0.28551656821887705,0.014797442687179075,0.25481022844324047,0.2934005113512914,0.83608409999988
xgboost,114,"{""colsample_bytree"": 0.7, ""learning_rate"": 0.01, ""max_depth"": 6, ""min_child_weight"": 1, ""n_estimators"": 800, ""reg_alpha"": 1, ""reg_lambda"": 3, ""scale_pos_weight"": ""sqrt_train_ratio"", ""subsample"": 0.6}",0.26411932900639906,0.29434730220286975,0.27028451455277075,0.2673497923514684,0.274025234528377,0.26881715345211954,0.011933858480916455,0.26411932900639906,0.29434730220286975,4.7583175999998275
xgboost,115,"{""colsample_bytree"": 0.7, ""learning_rate"": 0.05, ""max_depth"": 4, ""min_child_weight"": 1, ""n_estimators"": 100, ""reg_alpha"": 0.1, ""reg_lambda"": 10, ""scale_pos_weight"": ""sqrt_train_ratio"", ""subsample"": 1.0}",0.24846413006127546,0.31157694682606385,0.2750045241934038,0.29679540596633924,0.2829602517617706,0.28589996507987153,0.023788667164137117,0.24846413006127546,0.31157694682606385,0.4345929999999498
xgboost,116,"{""colsample_bytree"": 0.7, ""learning_rate"": 0.03, ""max_depth"": 4, ""min_child_weight"": 1, ""n_estimators"": 400, ""reg_alpha"": 1, ""reg_lambda"": 1, ""scale_pos_weight"": ""sqrt_train_ratio"", ""subsample"": 0.8}",0.26986068497926785,0.2804864838955883,0.2878197383409109,0.284754254929494,0.28073029053631526,0.28262036941254115,0.00679448905833829,0.26986068497926785,0.2878197383409109,1.658495099999982
xgboost,117,"{""colsample_bytree"": 1.0, ""learning_rate"": 0.01, ""max_depth"": 3, ""min_child_weight"": 10, ""n_estimators"": 100, ""reg_alpha"": 0, ""reg_lambda"": 1, ""scale_pos_weight"": ""train_ratio"", ""subsample"": 0.6}",0.22832015868190458,0.1949592880807664,0.23830179109687505,0.2800419719718246,0.23540580245784265,0.23331097488938982,0.03035992939736876,0.1949592880807664,0.2800419719718246,0.476944800000183
xgboost,118,"{""colsample_bytree"": 1.0, ""learning_rate"": 0.01, ""max_depth"": 3, ""min_child_weight"": 1, ""n_estimators"": 800, ""reg_alpha"": 0.1, ""reg_lambda"": 3, ""scale_pos_weight"": ""one"", ""subsample"": 1.0}",0.24630071200569764,0.20827387887520366,0.29514807622001016,0.29615161077542046,0.261468569469083,0.27072439411285387,0.03673200762499577,0.20827387887520366,0.29615161077542046,2.1864220000002206
xgboost,119,"{""colsample_bytree"": 0.7, ""learning_rate"": 0.05, ""max_depth"": 4, ""min_child_weight"": 10, ""n_estimators"": 400, ""reg_alpha"": 0, ""reg_lambda"": 3, ""scale_pos_weight"": ""one"", ""subsample"": 0.8}",0.2597274116074713,0.2921830817174258,0.2668117647638784,0.27640692519986176,0.2737822958221593,0.27160934498187006,0.012161472715675529,0.2597274116074713,0.2921830817174258,1.5472053000003143
xgboost,120,"{""colsample_bytree"": 1.0, ""learning_rate"": 0.03, ""max_depth"": 6, ""min_child_weight"": 1, ""n_estimators"": 800, ""reg_alpha"": 0, ""reg_lambda"": 3, ""scale_pos_weight"": ""sqrt_train_ratio"", ""subsample"": 1.0}",0.24376535328639665,0.25046781772754473,0.2529829098378981,0.22885692156472515,0.24401825060414117,0.2471165855069707,0.00937939079246933,0.22885692156472515,0.2529829098378981,4.006529299999784
xgboost,121,"{""colsample_bytree"": 1.0, ""learning_rate"": 0.03, ""max_depth"": 2, ""min_child_weight"": 5, ""n_estimators"": 800, ""reg_alpha"": 0.1, ""reg_lambda"": 3, ""scale_pos_weight"": ""train_ratio"", ""subsample"": 1.0}",0.26074022823922266,0.2498670283595187,0.2645566203981073,0.3060321905589101,0.2702990168889397,0.262648424318665,0.021322941950529143,0.2498670283595187,0.3060321905589101,1.7356935999996495
xgboost,122,"{""colsample_bytree"": 0.7, ""learning_rate"": 0.1, ""max_depth"": 4, ""min_child_weight"": 5, ""n_estimators"": 200, ""reg_alpha"": 1, ""reg_lambda"": 10, ""scale_pos_weight"": ""sqrt_train_ratio"", ""subsample"": 0.6}",0.2708336774112048,0.2852019644721792,0.28348452811616454,0.27374499416079745,0.2783162910400865,0.278614761138481,0.006144294812378782,0.2708336774112048,0.2852019644721792,0.9016997999997329
xgboost,123,"{""colsample_bytree"": 0.5, ""learning_rate"": 0.01, ""max_depth"": 2, ""min_child_weight"": 10, ""n_estimators"": 200, ""reg_alpha"": 1, ""reg_lambda"": 10, ""scale_pos_weight"": ""one"", ""subsample"": 0.6}",0.21545821504052431,0.1684740505561702,0.23186994058326804,0.2733104058906255,0.22227815301764703,0.22366407781189618,0.03754226357617678,0.1684740505561702,0.2733104058906255,0.6680424999999559
xgboost,124,"{""colsample_bytree"": 0.5, ""learning_rate"": 0.05, ""max_depth"": 2, ""min_child_weight"": 1, ""n_estimators"": 100, ""reg_alpha"": 0.1, ""reg_lambda"": 1, ""scale_pos_weight"": ""sqrt_train_ratio"", ""subsample"": 0.6}",0.24268287147958392,0.17901744721434157,0.24812665544510326,0.27356951743107294,0.23584912289252544,0.24540476346234358,0.03482134923385613,0.17901744721434157,0.27356951743107294,0.392944499999885
xgboost,125,"{""colsample_bytree"": 0.7, ""learning_rate"": 0.01, ""max_depth"": 6, ""min_child_weight"": 3, ""n_estimators"": 100, ""reg_alpha"": 0.1, ""reg_lambda"": 3, ""scale_pos_weight"": ""one"", ""subsample"": 0.8}",0.23173374841588829,0.29435412317183884,0.268721304281034,0.2749501417888862,0.2674398294144118,0.2718357230349601,0.022679012316071917,0.23173374841588829,0.29435412317183884,0.6443662000001495
xgboost,126,"{""colsample_bytree"": 1.0, ""learning_rate"": 0.05, ""max_depth"": 2, ""min_child_weight"": 10, ""n_estimators"": 100, ""reg_alpha"": 1, ""reg_lambda"": 1, ""scale_pos_weight"": ""sqrt_train_ratio"", ""subsample"": 0.8}",0.23993208824768086,0.19325220981713126,0.2574102396896357,0.2753835075651634,0.2414945113299028,0.2486711639686583,0.030543146924438436,0.19325220981713126,0.2753835075651634,0.3972527999999329
xgboost,127,"{""colsample_bytree"": 1.0, ""learning_rate"": 0.01, ""max_depth"": 3, ""min_child_weight"": 5, ""n_estimators"": 200, ""reg_alpha"": 1, ""reg_lambda"": 1, ""scale_pos_weight"": ""sqrt_train_ratio"", ""subsample"": 0.8}",0.23470023328106887,0.21083166755894467,0.26734304946904297,0.2805414834110812,0.24835410843003444,0.2510216413750559,0.02734487550466003,0.21083166755894467,0.2805414834110812,0.8344300999997358
xgboost,128,"{""colsample_bytree"": 0.5, ""learning_rate"": 0.05, ""max_depth"": 4, ""min_child_weight"": 3, ""n_estimators"": 800, ""reg_alpha"": 0, ""reg_lambda"": 10, ""scale_pos_weight"": ""train_ratio"", ""subsample"": 1.0}",0.2585453657000233,0.2692442536940167,0.260254394807696,0.2694562364503007,0.26437506266300914,0.2647493242508564,0.005012300335354038,0.2585453657000233,0.2694562364503007,2.2740036999998665
xgboost,129,"{""colsample_bytree"": 1.0, ""learning_rate"": 0.1, ""max_depth"": 3, ""min_child_weight"": 1, ""n_estimators"": 100, ""reg_alpha"": 0.1, ""reg_lambda"": 1, ""scale_pos_weight"": ""one"", ""subsample"": 0.8}",0.25396876164814713,0.23241606427824985,0.2859819661418545,0.28534940147926574,0.2644290483868793,0.26965908156370644,0.022563456004448357,0.23241606427824985,0.2859819661418545,0.43349179999995613
xgboost,130,"{""colsample_bytree"": 0.5, ""learning_rate"": 0.1, ""max_depth"": 3, ""min_child_weight"": 5, ""n_estimators"": 800, ""reg_alpha"": 0, ""reg_lambda"": 3, ""scale_pos_weight"": ""one"", ""subsample"": 1.0}",0.2507886422618392,0.24114184556852467,0.2495100670807739,0.24613932649904047,0.24689497035254457,0.24782469678990718,0.003730578180693596,0.24114184556852467,0.2507886422618392,1.9410785000000033
xgboost,131,"{""colsample_bytree"": 0.5, ""learning_rate"": 0.05, ""max_depth"": 6, ""min_child_weight"": 5, ""n_estimators"": 800, ""reg_alpha"": 1, ""reg_lambda"": 1, ""scale_pos_weight"": ""one"", ""subsample"": 1.0}",0.2520028314364334,0.2405605976496583,0.2604193743429273,0.22171557868945138,0.2436745955296176,0.24628171454304587,0.01450553803043286,0.22171557868945138,0.2604193743429273,3.063471500000105
xgboost,132,"{""colsample_bytree"": 1.0, ""learning_rate"": 0.05, ""max_depth"": 3, ""min_child_weight"": 5, ""n_estimators"": 400, ""reg_alpha"": 0, ""reg_lambda"": 10, ""scale_pos_weight"": ""train_ratio"", ""subsample"": 1.0}",0.25982556440862314,0.27462369122389385,0.2812596121200715,0.29046129492014217,0.2765425406681827,0.2779416516719827,0.011170516566627407,0.25982556440862314,0.29046129492014217,1.1267769000000953
xgboost,133,"{""colsample_bytree"": 1.0, ""learning_rate"": 0.1, ""max_depth"": 6, ""min_child_weight"": 3, ""n_estimators"": 800, ""reg_alpha"": 0.1, ""reg_lambda"": 3, ""scale_pos_weight"": ""train_ratio"", ""subsample"": 1.0}",0.24046127411963145,0.18683974243835674,0.24487811084707378,0.21302023695658104,0.22129984109041073,0.22674075553810624,0.023340659610289,0.18683974243835674,0.24487811084707378,3.670710300000337
xgboost,134,"{""colsample_bytree"": 1.0, ""learning_rate"": 0.1, ""max_depth"": 4, ""min_child_weight"": 10, ""n_estimators"": 800, ""reg_alpha"": 0.1, ""reg_lambda"": 3, ""scale_pos_weight"": ""train_ratio"", ""subsample"": 0.6}",0.2425233601454306,0.2603430183231068,0.2326126726013414,0.2305311602484463,0.2415025528295813,0.237568016373386,0.011783533141959705,0.2305311602484463,0.2603430183231068,3.2870010000001457
xgboost,135,"{""colsample_bytree"": 0.5, ""learning_rate"": 0.05, ""max_depth"": 4, ""min_child_weight"": 1, ""n_estimators"": 400, ""reg_alpha"": 0.1, ""reg_lambda"": 3, ""scale_pos_weight"": ""one"", ""subsample"": 0.6}",0.26478856766454284,0.27152945774207227,0.2730608040485511,0.2574810763868022,0.26671497646049214,0.26815901270330755,0.006173020314401572,0.2574810763868022,0.2730608040485511,1.6096631000000343
xgboost,136,"{""colsample_bytree"": 1.0, ""learning_rate"": 0.01, ""max_depth"": 2, ""min_child_weight"": 3, ""n_estimators"": 200, ""reg_alpha"": 1, ""reg_lambda"": 3, ""scale_pos_weight"": ""train_ratio"", ""subsample"": 0.8}",0.22810998638603827,0.16322574205907942,0.23943698687538512,0.27536389415288104,0.22653415236834595,0.23377348663071168,0.04050081755285371,0.16322574205907942,0.27536389415288104,0.6962186999999176
xgboost,137,"{""colsample_bytree"": 1.0, ""learning_rate"": 0.03, ""max_depth"": 6, ""min_child_weight"": 3, ""n_estimators"": 800, ""reg_alpha"": 1, ""reg_lambda"": 10, ""scale_pos_weight"": ""train_ratio"", ""subsample"": 1.0}",0.2574100296426123,0.258043172881589,0.2616742222954755,0.23936361923294652,0.25412276101315584,0.2577266012621007,0.008675145500898719,0.23936361923294652,0.2616742222954755,4.076016700000309
xgboost,138,"{""colsample_bytree"": 1.0, ""learning_rate"": 0.01, ""max_depth"": 5, ""min_child_weight"": 5, ""n_estimators"": 200, ""reg_alpha"": 1, ""reg_lambda"": 10, ""scale_pos_weight"": ""train_ratio"", ""subsample"": 0.8}",0.24072804424211516,0.25163407541913707,0.2778097493682191,0.27426559970616204,0.2611093671839083,0.26294983756264956,0.015469071547501307,0.24072804424211516,0.2778097493682191,1.196171399999912
xgboost,139,"{""colsample_bytree"": 0.5, ""learning_rate"": 0.01, ""max_depth"": 2, ""min_child_weight"": 1, ""n_estimators"": 400, ""reg_alpha"": 0.1, ""reg_lambda"": 10, ""scale_pos_weight"": ""sqrt_train_ratio"", ""subsample"": 0.8}",0.2317133133523223,0.19075519938752344,0.2400300537605896,0.2689528884429896,0.23286286373585624,0.23587168355645594,0.02796531494176435,0.19075519938752344,0.2689528884429896,1.2220422000000326
xgboost,140,"{""colsample_bytree"": 0.7, ""learning_rate"": 0.01, ""max_depth"": 6, ""min_child_weight"": 1, ""n_estimators"": 200, ""reg_alpha"": 0.1, ""reg_lambda"": 3, ""scale_pos_weight"": ""one"", ""subsample"": 0.6}",0.24381740975797728,0.28371015833871593,0.27461371872532575,0.2726145448183176,0.2686889579100842,0.2736141317718217,0.014956130792183641,0.24381740975797728,0.28371015833871593,1.2163170000003447
xgboost,141,"{""colsample_bytree"": 0.7, ""learning_rate"": 0.05, ""max_depth"": 2, ""min_child_weight"": 10, ""n_estimators"": 200, ""reg_alpha"": 0.1, ""reg_lambda"": 3, ""scale_pos_weight"": ""one"", ""subsample"": 0.8}",0.24458615709237352,0.1957344434907637,0.26065630279584495,0.28964581938402095,0.24765568069075078,0.25262122994410924,0.03404932000091135,0.1957344434907637,0.28964581938402095,0.6485572000001412
xgboost,142,"{""colsample_bytree"": 1.0, ""learning_rate"": 0.03, ""max_depth"": 2, ""min_child_weight"": 1, ""n_estimators"": 200, ""reg_alpha"": 0, ""reg_lambda"": 10, ""scale_pos_weight"": ""train_ratio"", ""subsample"": 1.0}",0.24205488187851715,0.20186104523013668,0.25537728892858097,0.26382490590200486,0.24077953048480988,0.24871608540354906,0.023772141759829883,0.20186104523013668,0.26382490590200486,0.5345922000001337
xgboost,143,"{""colsample_bytree"": 0.5, ""learning_rate"": 0.05, ""max_depth"": 5, ""min_child_weight"": 3, ""n_estimators"": 400, ""reg_alpha"": 1, ""reg_lambda"": 1, ""scale_pos_weight"": ""train_ratio"", ""subsample"": 0.8}",0.26539561524180233,0.29169844374663245,0.26827369031041504,0.27423512821941065,0.2749007193795651,0.27125440926491284,0.010208710428569308,0.26539561524180233,0.29169844374663245,1.7644006000000445
xgboost,144,"{""colsample_bytree"": 0.5, ""learning_rate"": 0.1, ""max_depth"": 5, ""min_child_weight"": 1, ""n_estimators"": 100, ""reg_alpha"": 0, ""reg_lambda"": 3, ""scale_pos_weight"": ""sqrt_train_ratio"", ""subsample"": 0.6}",0.26819100745816465,0.2819449042313732,0.28655133494559487,0.272176442358586,0.27721592224842967,0.27706067329497963,0.007354567379409216,0.26819100745816465,0.28655133494559487,0.5447541999997156
xgboost,145,"{""colsample_bytree"": 1.0, ""learning_rate"": 0.05, ""max_depth"": 6, ""min_child_weight"": 1, ""n_estimators"": 400, ""reg_alpha"": 1, ""reg_lambda"": 3, ""scale_pos_weight"": ""one"", ""subsample"": 0.8}",0.2587205858544356,0.2665895491144343,0.26202456466257384,0.24618145729567137,0.25837903923177874,0.2603725752585047,0.00757627856178842,0.24618145729567137,0.2665895491144343,2.6880589000002146
xgboost,146,"{""colsample_bytree"": 0.5, ""learning_rate"": 0.1, ""max_depth"": 6, ""min_child_weight"": 1, ""n_estimators"": 400, ""reg_alpha"": 1, ""reg_lambda"": 10, ""scale_pos_weight"": ""train_ratio"", ""subsample"": 1.0}",0.24874289895354118,0.2279756994474733,0.26715424972048984,0.2503362776154274,0.24855228143423294,0.2495395882844843,0.013898272624627964,0.2279756994474733,0.26715424972048984,1.8654108999999153
xgboost,147,"{""colsample_bytree"": 1.0, ""learning_rate"": 0.03, ""max_depth"": 2, ""min_child_weight"": 3, ""n_estimators"": 100, ""reg_alpha"": 0, ""reg_lambda"": 10, ""scale_pos_weight"": ""sqrt_train_ratio"", ""subsample"": 1.0}",0.2250644080034223,0.16975136519974626,0.2384816662157158,0.2813507064535114,0.22866203646809896,0.23177303710956904,0.03986204709077844,0.16975136519974626,0.2813507064535114,0.3248282999998082
xgboost,148,"{""colsample_bytree"": 0.5, ""learning_rate"": 0.03, ""max_depth"": 6, ""min_child_weight"": 3, ""n_estimators"": 400, ""reg_alpha"": 0.1, ""reg_lambda"": 3, ""scale_pos_weight"": ""train_ratio"", ""subsample"": 0.6}",0.26779959894563043,0.256239055278165,0.2706411492867092,0.266371725285673,0.26526288219904437,0.2670856621156517,0.0054318430115251936,0.256239055278165,0.2706411492867092,2.1072564000000966
xgboost,149,"{""colsample_bytree"": 0.7, ""learning_rate"": 0.03, ""max_depth"": 6, ""min_child_weight"": 1, ""n_estimators"": 800, ""reg_alpha"": 1, ""reg_lambda"": 3, ""scale_pos_weight"": ""train_ratio"", ""subsample"": 0.8}",0.2602445166971977,0.242090501621971,0.26024166359687567,0.26130731395716433,0.2559709989683022,0.2602430901470367,0.008025677454128022,0.242090501621971,0.26130731395716433,4.8067621000000145
xgboost,150,"{""colsample_bytree"": 0.5, ""learning_rate"": 0.1, ""max_depth"": 6, ""min_child_weight"": 5, ""n_estimators"": 400, ""reg_alpha"": 0.1, ""reg_lambda"": 3, ""scale_pos_weight"": ""sqrt_train_ratio"", ""subsample"": 1.0}",0.25300027614441783,0.2173836465471738,0.26052108165007287,0.24559395431224296,0.24412473966347686,0.2492971152283304,0.016316095052929067,0.2173836465471738,0.26052108165007287,1.5098195000000487
xgboost,151,"{""colsample_bytree"": 1.0, ""learning_rate"": 0.01, ""max_depth"": 5, ""min_child_weight"": 10, ""n_estimators"": 400, ""reg_alpha"": 1, ""reg_lambda"": 3, ""scale_pos_weight"": ""train_ratio"", ""subsample"": 0.6}",0.2649927733007923,0.2585007375066478,0.29115024130867073,0.2768509758925396,0.2728736820021626,0.27092187459666595,0.012435249718091934,0.2585007375066478,0.29115024130867073,1.9852489999998397
xgboost,152,"{""colsample_bytree"": 0.7, ""learning_rate"": 0.1, ""max_depth"": 5, ""min_child_weight"": 5, ""n_estimators"": 400, ""reg_alpha"": 1, ""reg_lambda"": 1, ""scale_pos_weight"": ""train_ratio"", ""subsample"": 0.8}",0.255815515855837,0.2416955085068715,0.2500525862723011,0.2502573275090008,0.2494552345360026,0.2501549568906509,0.005041495530812292,0.2416955085068715,0.255815515855837,1.8258814000000712
xgboost,153,"{""colsample_bytree"": 0.7, ""learning_rate"": 0.01, ""max_depth"": 2, ""min_child_weight"": 5, ""n_estimators"": 400, ""reg_alpha"": 0.1, ""reg_lambda"": 10, ""scale_pos_weight"": ""train_ratio"", ""subsample"": 0.8}",0.23610115461431994,0.19114276088395296,0.24436908265439877,0.26727796718705643,0.23472274133493204,0.24023511863435937,0.027631546058857214,0.19114276088395296,0.26727796718705643,1.209278699999686
xgboost,154,"{""colsample_bytree"": 0.7, ""learning_rate"": 0.05, ""max_depth"": 2, ""min_child_weight"": 10, ""n_estimators"": 400, ""reg_alpha"": 0, ""reg_lambda"": 10, ""scale_pos_weight"": ""train_ratio"", ""subsample"": 0.8}",0.2749755525843856,0.2718435612769018,0.2819146719789039,0.29732575360693525,0.28151488486178167,0.27844511228164476,0.009829048361020753,0.2718435612769018,0.29732575360693525,1.147271300000284
xgboost,155,"{""colsample_bytree"": 1.0, ""learning_rate"": 0.03, ""max_depth"": 5, ""min_child_weight"": 3, ""n_estimators"": 400, ""reg_alpha"": 1, ""reg_lambda"": 1, ""scale_pos_weight"": ""train_ratio"", ""subsample"": 0.6}",0.27012173146532814,0.24984917262601208,0.267874826522961,0.24756180243390147,0.25885188326205066,0.2588619995744865,0.010209526280843156,0.24756180243390147,0.27012173146532814,2.067316799999844
xgboost,156,"{""colsample_bytree"": 1.0, ""learning_rate"": 0.01, ""max_depth"": 2, ""min_child_weight"": 10, ""n_estimators"": 800, ""reg_alpha"": 0.1, ""reg_lambda"": 10, ""scale_pos_weight"": ""train_ratio"", ""subsample"": 0.8}",0.2504070530417012,0.19865934533340418,0.2565981964521096,0.27962126290738676,0.2463214644336504,0.2535026247469054,0.029592471300868776,0.19865934533340418,0.27962126290738676,2.3192669000000024
xgboost,157,"{""colsample_bytree"": 0.7, ""learning_rate"": 0.03, ""max_depth"": 5, ""min_child_weight"": 5, ""n_estimators"": 400, ""reg_alpha"": 1, ""reg_lambda"": 1, ""scale_pos_weight"": ""one"", ""subsample"": 0.8}",0.26722564467957666,0.27900395305624237,0.2772318518562829,0.2681396590906203,0.27290027717068055,0.27268575547345164,0.005265034116371621,0.26722564467957666,0.27900395305624237,1.7675340999999207
xgboost,158,"{""colsample_bytree"": 0.5, ""learning_rate"": 0.1, ""max_depth"": 3, ""min_child_weight"": 3, ""n_estimators"": 100, ""reg_alpha"": 0, ""reg_lambda"": 1, ""scale_pos_weight"": ""train_ratio"", ""subsample"": 1.0}",0.2592215740611118,0.26517920843683396,0.2782183009121735,0.2972653148335483,0.27497109956091687,0.2716987546745037,0.014590279610865405,0.2592215740611118,0.2972653148335483,0.35117559999980585
xgboost,159,"{""colsample_bytree"": 1.0, ""learning_rate"": 0.1, ""max_depth"": 3, ""min_child_weight"": 1, ""n_estimators"": 400, ""reg_alpha"": 0, ""reg_lambda"": 1, ""scale_pos_weight"": ""train_ratio"", ""subsample"": 0.6}",0.2704312440167194,0.2233048735471781,0.2517322069453365,0.25787942528787744,0.2508369374492778,0.25480581611660696,0.017265207318445268,0.2233048735471781,0.2704312440167194,1.4434299999998075
xgboost,160,"{""colsample_bytree"": 0.7, ""learning_rate"": 0.1, ""max_depth"": 6, ""min_child_weight"": 5, ""n_estimators"": 400, ""reg_alpha"": 1, ""reg_lambda"": 1, ""scale_pos_weight"": ""train_ratio"", ""subsample"": 0.6}",0.26532173507453005,0.23082749178346734,0.23941638071389937,0.23599262212370195,0.2428895574238997,0.23770450141880067,0.01330720382591269,0.23082749178346734,0.26532173507453005,2.218283700000029
xgboost,161,"{""colsample_bytree"": 1.0, ""learning_rate"": 0.1, ""max_depth"": 5, ""min_child_weight"": 1, ""n_estimators"": 800, ""reg_alpha"": 1, ""reg_lambda"": 3, ""scale_pos_weight"": ""sqrt_train_ratio"", ""subsample"": 0.6}",0.24668860290771932,0.23818207551487997,0.2250749349171771,0.21388201812278881,0.2309569078656413,0.2316285052160285,0.012508384607470113,0.21388201812278881,0.24668860290771932,4.543432099999791
xgboost,162,"{""colsample_bytree"": 0.5, ""learning_rate"": 0.05, ""max_depth"": 5, ""min_child_weight"": 10, ""n_estimators"": 100, ""reg_alpha"": 0.1, ""reg_lambda"": 10, ""scale_pos_weight"": ""one"", ""subsample"": 1.0}",0.2384808792024663,0.29071646273815377,0.26617471913596513,0.2875927338114464,0.2707411987220079,0.27688372647370574,0.0208840032004042,0.2384808792024663,0.29071646273815377,0.4395078999996258
xgboost,163,"{""colsample_bytree"": 1.0, ""learning_rate"": 0.03, ""max_depth"": 4, ""min_child_weight"": 3, ""n_estimators"": 100, ""reg_alpha"": 0.1, ""reg_lambda"": 3, ""scale_pos_weight"": ""one"", ""subsample"": 0.6}",0.24803954603329123,0.24109309924581668,0.2744185534866858,0.27761348619763265,0.2602911712408566,0.2612290497599885,0.015955514823525006,0.24109309924581668,0.27761348619763265,0.5224026999999296
xgboost,164,"{""colsample_bytree"": 0.5, ""learning_rate"": 0.01, ""max_depth"": 2, ""min_child_weight"": 3, ""n_estimators"": 100, ""reg_alpha"": 0, ""reg_lambda"": 10, ""scale_pos_weight"": ""sqrt_train_ratio"", ""subsample"": 0.8}",0.21619182349968014,0.173021447707721,0.22233930252542095,0.26794263395751455,0.21987380192258416,0.21926556301255054,0.03363551459026113,0.173021447707721,0.26794263395751455,0.36890730000004623
xgboost,165,"{""colsample_bytree"": 0.5, ""learning_rate"": 0.01, ""max_depth"": 5, ""min_child_weight"": 3, ""n_estimators"": 100, ""reg_alpha"": 0.1, ""reg_lambda"": 3, ""scale_pos_weight"": ""one"", ""subsample"": 0.8}",0.22342726957032769,0.2811729065752697,0.2614315289892345,0.27984754206904483,0.2614698118009692,0.27063953552913966,0.02330873976878109,0.22342726957032769,0.2811729065752697,0.5540334000002076
xgboost,166,"{""colsample_bytree"": 1.0, ""learning_rate"": 0.05, ""max_depth"": 3, ""min_child_weight"": 5, ""n_estimators"": 400, ""reg_alpha"": 1, ""reg_lambda"": 10, ""scale_pos_weight"": ""one"", ""subsample"": 1.0}",0.24795136157160255,0.263476630561601,0.2740292330486353,0.28397267023797795,0.2673574738549542,0.26875293180511817,0.013343868069328045,0.24795136157160255,0.28397267023797795,1.1061681000001045
xgboost,167,"{""colsample_bytree"": 0.7, ""learning_rate"": 0.01, ""max_depth"": 5, ""min_child_weight"": 5, ""n_estimators"": 100, ""reg_alpha"": 1, ""reg_lambda"": 3, ""scale_pos_weight"": ""sqrt_train_ratio"", ""subsample"": 0.6}",0.23113070197637314,0.2596348701108791,0.26306069850697494,0.27988731865438843,0.2584283973121539,0.261347784308927,0.017525433423962154,0.23113070197637314,0.27988731865438843,0.5843881000000692
xgboost,168,"{""colsample_bytree"": 1.0, ""learning_rate"": 0.03, ""max_depth"": 3, ""min_child_weight"": 3, ""n_estimators"": 400, ""reg_alpha"": 0.1, ""reg_lambda"": 1, ""scale_pos_weight"": ""one"", ""subsample"": 0.8}",0.2691838309828912,0.26381588833943037,0.29015307961204634,0.2771742468132087,0.2750817614368941,0.27317903889804995,0.009914996304527503,0.26381588833943037,0.29015307961204634,1.3981338000003234
xgboost,169,"{""colsample_bytree"": 1.0, ""learning_rate"": 0.05, ""max_depth"": 2, ""min_child_weight"": 10, ""n_estimators"": 100, ""reg_alpha"": 0, ""reg_lambda"": 1, ""scale_pos_weight"": ""train_ratio"", ""subsample"": 0.8}",0.24401994577656463,0.20195293088016963,0.24330594059449712,0.2656343217773426,0.2387282847571435,0.2436629431855309,0.023050586165099463,0.20195293088016963,0.2656343217773426,0.39325460000009116
xgboost,170,"{""colsample_bytree"": 1.0, ""learning_rate"": 0.01, ""max_depth"": 4, ""min_child_weight"": 10, ""n_estimators"": 400, ""reg_alpha"": 0.1, ""reg_lambda"": 10, ""scale_pos_weight"": ""sqrt_train_ratio"", ""subsample"": 0.8}",0.2459510115085096,0.2898489987704658,0.2773475998553546,0.29096334407604957,0.2760277385525949,0.28359829931291025,0.0181690058197008,0.2459510115085096,0.29096334407604957,1.6860618000000613
xgboost,171,"{""colsample_bytree"": 1.0, ""learning_rate"": 0.1, ""max_depth"": 4, ""min_child_weight"": 3, ""n_estimators"": 800, ""reg_alpha"": 0.1, ""reg_lambda"": 1, ""scale_pos_weight"": ""one"", ""subsample"": 0.8}",0.2512367638879625,0.19931190143794936,0.22100525774486568,0.23970634247518063,0.22781506638648955,0.23035580011002316,0.019677285551411853,0.19931190143794936,0.2512367638879625,3.3141178000000764
xgboost,172,"{""colsample_bytree"": 1.0, ""learning_rate"": 0.01, ""max_depth"": 4, ""min_child_weight"": 5, ""n_estimators"": 200, ""reg_alpha"": 1, ""reg_lambda"": 1, ""scale_pos_weight"": ""one"", ""subsample"": 1.0}",0.22662188669120575,0.2911413306923293,0.26370951288627875,0.28593792381985494,0.2668526635224172,0.27482371835306685,0.02540955191397477,0.22662188669120575,0.2911413306923293,0.805377099999987
xgboost,173,"{""colsample_bytree"": 1.0, ""learning_rate"": 0.03, ""max_depth"": 2, ""min_child_weight"": 10, ""n_estimators"": 100, ""reg_alpha"": 0, ""reg_lambda"": 1, ""scale_pos_weight"": ""train_ratio"", ""subsample"": 1.0}",0.2238630243606056,0.1753550541542884,0.24231980043948032,0.2798274199807973,0.2303413247337929,0.23309141240004294,0.03760922702939751,0.1753550541542884,0.2798274199807973,0.327886000000035
xgboost,174,"{""colsample_bytree"": 1.0, ""learning_rate"": 0.03, ""max_depth"": 6, ""min_child_weight"": 10, ""n_estimators"": 400, ""reg_alpha"": 0.1, ""reg_lambda"": 1, ""scale_pos_weight"": ""train_ratio"", ""subsample"": 0.6}",0.2646178752507355,0.2738119283337854,0.2643202388629359,0.2526018916270838,0.2638379835186352,0.26446905705683565,0.007526123462679081,0.2526018916270838,0.2738119283337854,2.2409398999998302
xgboost,175,"{""colsample_bytree"": 0.7, ""learning_rate"": 0.1, ""max_depth"": 3, ""min_child_weight"": 1, ""n_estimators"": 100, ""reg_alpha"": 1, ""reg_lambda"": 1, ""scale_pos_weight"": ""train_ratio"", ""subsample"": 0.8}",0.2708752509735624,0.3024110511558997,0.2677445454319042,0.3032469038775638,0.2860694378597325,0.28664315106473104,0.016798650701310522,0.2677445454319042,0.3032469038775638,0.43971970000029614
xgboost,176,"{""colsample_bytree"": 0.7, ""learning_rate"": 0.01, ""max_depth"": 6, ""min_child_weight"": 1, ""n_estimators"": 400, ""reg_alpha"": 0.1, ""reg_lambda"": 10, ""scale_pos_weight"": ""one"", ""subsample"": 1.0}",0.2417665895468361,0.29105162246329835,0.2671070149128074,0.28783457894008185,0.27193995146575595,0.2774707969264446,0.019695711437270093,0.2417665895468361,0.29105162246329835,2.0622435999998743
xgboost,177,"{""colsample_bytree"": 0.5, ""learning_rate"": 0.1, ""max_depth"": 6, ""min_child_weight"": 5, ""n_estimators"": 400, ""reg_alpha"": 0, ""reg_lambda"": 1, ""scale_pos_weight"": ""sqrt_train_ratio"", ""subsample"": 1.0}",0.2491939338060374,0.231269785147352,0.262492290784916,0.24324512416328598,0.24655028347539787,0.2462195289846617,0.011242266134539693,0.231269785147352,0.262492290784916,1.4720158000000083
xgboost,178,"{""colsample_bytree"": 0.7, ""learning_rate"": 0.05, ""max_depth"": 4, ""min_child_weight"": 10, ""n_estimators"": 800, ""reg_alpha"": 0.1, ""reg_lambda"": 3, ""scale_pos_weight"": ""one"", ""subsample"": 1.0}",0.25617714933625924,0.25883737678367413,0.2624546740862384,0.2544018412920319,0.25796776037455094,0.2575072630599667,0.0030335908651576067,0.2544018412920319,0.2624546740862384,2.276270900000327
xgboost,179,"{""colsample_bytree"": 0.7, ""learning_rate"": 0.01, ""max_depth"": 2, ""min_child_weight"": 1, ""n_estimators"": 100, ""reg_alpha"": 0, ""reg_lambda"": 1, ""scale_pos_weight"": ""sqrt_train_ratio"", ""subsample"": 1.0}",0.22117191926630902,0.18983893487012005,0.2461223551678965,0.27431770836605607,0.23286272941759542,0.23364713721710276,0.031153069246513076,0.18983893487012005,0.27431770836605607,0.34233009999979913
xgboost,180,"{""colsample_bytree"": 0.7, ""learning_rate"": 0.1, ""max_depth"": 3, ""min_child_weight"": 1, ""n_estimators"": 100, ""reg_alpha"": 1, ""reg_lambda"": 3, ""scale_pos_weight"": ""one"", ""subsample"": 1.0}",0.23801633623824503,0.204098262260055,0.2688428153773268,0.2776927698756796,0.2471625459378266,0.2534295758077859,0.028897726282586154,0.204098262260055,0.2776927698756796,0.3779781000002913
xgboost,181,"{""colsample_bytree"": 0.7, ""learning_rate"": 0.03, ""max_depth"": 3, ""min_child_weight"": 5, ""n_estimators"": 800, ""reg_alpha"": 1, ""reg_lambda"": 1, ""scale_pos_weight"": ""one"", ""subsample"": 1.0}",0.2539808065327281,0.2541318761622213,0.2798678092613928,0.27974018511148946,0.2669301692669579,0.2669360306368554,0.012874017789526305,0.2539808065327281,0.2798678092613928,2.05183500000021
xgboost,182,"{""colsample_bytree"": 0.7, ""learning_rate"": 0.1, ""max_depth"": 2, ""min_child_weight"": 5, ""n_estimators"": 800, ""reg_alpha"": 1, ""reg_lambda"": 10, ""scale_pos_weight"": ""train_ratio"", ""subsample"": 0.6}",0.2680641030592484,0.27619581299187207,0.24272533036674193,0.29441163401483317,0.27034922010817386,0.2721299580255602,0.018584156261027697,0.24272533036674193,0.29441163401483317,2.282061099999737
xgboost,183,"{""colsample_bytree"": 0.7, ""learning_rate"": 0.1, ""max_depth"": 2, ""min_child_weight"": 1, ""n_estimators"": 400, ""reg_alpha"": 0.1, ""reg_lambda"": 10, ""scale_pos_weight"": ""train_ratio"", ""subsample"": 0.8}",0.2706521169647081,0.29504075276832353,0.25927568442219506,0.32065435472779213,0.28640572722075475,0.28284643486651584,0.023620688022759104,0.25927568442219506,0.32065435472779213,1.18093429999999
xgboost,184,"{""colsample_bytree"": 0.5, ""learning_rate"": 0.03, ""max_depth"": 4, ""min_child_weight"": 3, ""n_estimators"": 100, ""reg_alpha"": 1, ""reg_lambda"": 3, ""scale_pos_weight"": ""one"", ""subsample"": 0.6}",0.22902791377594067,0.24660199399783933,0.278483606818204,0.2820413814479475,0.25903872400998285,0.2625428004080217,0.02215031998037752,0.22902791377594067,0.2820413814479475,0.48864450000019133
xgboost,185,"{""colsample_bytree"": 0.7, ""learning_rate"": 0.1, ""max_depth"": 4, ""min_child_weight"": 1, ""n_estimators"": 400, ""reg_alpha"": 0, ""reg_lambda"": 10, ""scale_pos_weight"": ""train_ratio"", ""subsample"": 1.0}",0.2564255115954309,0.25900492670809205,0.26022114716693523,0.2882704918629515,0.2659805193333524,0.25961303693751364,0.012941892331368212,0.2564255115954309,0.2882704918629515,1.242814499999895
xgboost,186,"{""colsample_bytree"": 0.5, ""learning_rate"": 0.03, ""max_depth"": 4, ""min_child_weight"": 5, ""n_estimators"": 200, ""reg_alpha"": 1, ""reg_lambda"": 3, ""scale_pos_weight"": ""one"", ""subsample"": 0.6}",0.24441034358850533,0.2824359960531278,0.27421066998949845,0.2772444160585264,0.2695753564224145,0.2757275430240124,0.01482375231013828,0.24441034358850533,0.2824359960531278,0.8453886000002058
xgboost,187,"{""colsample_bytree"": 1.0, ""learning_rate"": 0.05, ""max_depth"": 6, ""min_child_weight"": 1, ""n_estimators"": 100, ""reg_alpha"": 1, ""reg_lambda"": 10, ""scale_pos_weight"": ""train_ratio"", ""subsample"": 0.6}",0.2671706084768332,0.2598373330823241,0.28151972750896687,0.28204690062726434,0.27264364242384714,0.27434516799290004,0.009502128851136004,0.2598373330823241,0.28204690062726434,0.753866300000027
xgboost,188,"{""colsample_bytree"": 1.0, ""learning_rate"": 0.03, ""max_depth"": 2, ""min_child_weight"": 5, ""n_estimators"": 800, ""reg_alpha"": 0.1, ""reg_lambda"": 3, ""scale_pos_weight"": ""one"", ""subsample"": 0.8}",0.26150244539476386,0.29663185986613305,0.28269740384857195,0.28797103003234686,0.2822006847854539,0.2853342169404594,0.012944299345460271,0.26150244539476386,0.29663185986613305,2.2260059000000183
xgboost,189,"{""colsample_bytree"": 0.5, ""learning_rate"": 0.01, ""max_depth"": 2, ""min_child_weight"": 10, ""n_estimators"": 400, ""reg_alpha"": 1, ""reg_lambda"": 10, ""scale_pos_weight"": ""one"", ""subsample"": 0.6}",0.22518113701371034,0.19215119701499858,0.23539182521895297,0.2829599661882048,0.2339210313589667,0.23028648111633165,0.03251186390401824,0.19215119701499858,0.2829599661882048,1.2176917000001595
xgboost,190,"{""colsample_bytree"": 0.7, ""learning_rate"": 0.05, ""max_depth"": 6, ""min_child_weight"": 1, ""n_estimators"": 200, ""reg_alpha"": 1, ""reg_lambda"": 1, ""scale_pos_weight"": ""sqrt_train_ratio"", ""subsample"": 0.6}",0.27070881425357296,0.2402596664562826,0.2642580448179938,0.2569862324327252,0.25805318949014366,0.26062213862535955,0.01136236030839537,0.2402596664562826,0.27070881425357296,1.2591646999999284
xgboost,191,"{""colsample_bytree"": 0.5, ""learning_rate"": 0.03, ""max_depth"": 3, ""min_child_weight"": 10, ""n_estimators"": 400, ""reg_alpha"": 0.1, ""reg_lambda"": 1, ""scale_pos_weight"": ""one"", ""subsample"": 0.8}",0.25242173928737655,0.30059589303293993,0.2683811951796572,0.29155278795001377,0.27823790386249686,0.2799669915648355,0.0189789019534701,0.25242173928737655,0.30059589303293993,1.307336999999734
xgboost,192,"{""colsample_bytree"": 1.0, ""learning_rate"": 0.1, ""max_depth"": 4, ""min_child_weight"": 10, ""n_estimators"": 200, ""reg_alpha"": 1, ""reg_lambda"": 10, ""scale_pos_weight"": ""one"", ""subsample"": 0.6}",0.25234101394642566,0.2989902057677936,0.2605760613649709,0.2678525693603392,0.26993996260988234,0.26421431536265505,0.017647092385825538,0.25234101394642566,0.2989902057677936,0.8906253999998626
xgboost,193,"{""colsample_bytree"": 0.5, ""learning_rate"": 0.1, ""max_depth"": 6, ""min_child_weight"": 1, ""n_estimators"": 200, ""reg_alpha"": 1, ""reg_lambda"": 10, ""scale_pos_weight"": ""sqrt_train_ratio"", ""subsample"": 0.6}",0.26220755541498,0.24823115935922696,0.26948905882911367,0.27361628331600524,0.26338601422983143,0.2658483071220468,0.00965613730074993,0.24823115935922696,0.27361628331600524,1.2224544000000606
xgboost,194,"{""colsample_bytree"": 0.7, ""learning_rate"": 0.03, ""max_depth"": 2, ""min_child_weight"": 10, ""n_estimators"": 200, ""reg_alpha"": 0, ""reg_lambda"": 10, ""scale_pos_weight"": ""sqrt_train_ratio"", ""subsample"": 0.8}",0.23453733418483255,0.18359829520800447,0.25192318459503643,0.2689129931958685,0.23474295179593546,0.24323025938993448,0.03193184266685775,0.18359829520800447,0.2689129931958685,0.6581740999999965
xgboost,195,"{""colsample_bytree"": 1.0, ""learning_rate"": 0.03, ""max_depth"": 3, ""min_child_weight"": 1, ""n_estimators"": 100, ""reg_alpha"": 1, ""reg_lambda"": 3, ""scale_pos_weight"": ""one"", ""subsample"": 1.0}",0.23700303770236392,0.20818111924141258,0.2684118500321697,0.315085780451215,0.2571704468567903,0.25270744386726685,0.03964603896643957,0.20818111924141258,0.315085780451215,0.3856012000001101
xgboost,196,"{""colsample_bytree"": 1.0, ""learning_rate"": 0.01, ""max_depth"": 4, ""min_child_weight"": 1, ""n_estimators"": 400, ""reg_alpha"": 1, ""reg_lambda"": 3, ""scale_pos_weight"": ""sqrt_train_ratio"", ""subsample"": 0.6}",0.25763257411796864,0.27360006568694667,0.2773031370120764,0.29541275893327457,0.2759871339375666,0.2754516013495115,0.013432002192248844,0.25763257411796864,0.29541275893327457,1.7923389000002317
xgboost,197,"{""colsample_bytree"": 0.5, ""learning_rate"": 0.05, ""max_depth"": 6, ""min_child_weight"": 10, ""n_estimators"": 800, ""reg_alpha"": 0, ""reg_lambda"": 1, ""scale_pos_weight"": ""train_ratio"", ""subsample"": 0.6}",0.25902443788930996,0.23168103361114323,0.24098831060417428,0.2266950369690131,0.23959720476841012,0.23633467210765874,0.012333736881973626,0.2266950369690131,0.25902443788930996,3.7142493999999715
xgboost,198,"{""colsample_bytree"": 0.5, ""learning_rate"": 0.05, ""max_depth"": 6, ""min_child_weight"": 5, ""n_estimators"": 200, ""reg_alpha"": 1, ""reg_lambda"": 10, ""scale_pos_weight"": ""train_ratio"", ""subsample"": 1.0}",0.25370156192981863,0.2731767060324246,0.28827174367739594,0.27704075029985264,0.273047690484873,0.2751087281661386,0.012470020623228469,0.25370156192981863,0.28827174367739594,0.9263291000002027
xgboost,199,"{""colsample_bytree"": 1.0, ""learning_rate"": 0.01, ""max_depth"": 4, ""min_child_weight"": 10, ""n_estimators"": 400, ""reg_alpha"": 0.1, ""reg_lambda"": 10, ""scale_pos_weight"": ""sqrt_train_ratio"", ""subsample"": 0.6}",0.24886273868709502,0.25819289953575963,0.277135684939506,0.2922213863725986,0.2691031773837398,0.26766429223763283,0.01679049050682227,0.24886273868709502,0.2922213863725986,1.6892674000000625
xgboost,200,"{""colsample_bytree"": 0.7, ""learning_rate"": 0.03, ""max_depth"": 2, ""min_child_weight"": 1, ""n_estimators"": 100, ""reg_alpha"": 0, ""reg_lambda"": 1, ""scale_pos_weight"": ""train_ratio"", ""subsample"": 0.6}",0.23772832574178038,0.19362929851621427,0.22845290756516803,0.2690916639953281,0.23222554895462266,0.2330906166534742,0.026894675874239375,0.19362929851621427,0.2690916639953281,0.3996500999996897
xgboost,201,"{""colsample_bytree"": 0.5, ""learning_rate"": 0.1, ""max_depth"": 3, ""min_child_weight"": 3, ""n_estimators"": 200, ""reg_alpha"": 0, ""reg_lambda"": 1, ""scale_pos_weight"": ""one"", ""subsample"": 0.6}",0.2609468677609375,0.24572183319807692,0.2705310871659831,0.26931293701794845,0.2616281812857365,0.265129902389443,0.00989688462827015,0.24572183319807692,0.2705310871659831,0.7171383999998397
xgboost,202,"{""colsample_bytree"": 1.0, ""learning_rate"": 0.1, ""max_depth"": 2, ""min_child_weight"": 3, ""n_estimators"": 800, ""reg_alpha"": 0, ""reg_lambda"": 1, ""scale_pos_weight"": ""train_ratio"", ""subsample"": 0.6}",0.2674966083380261,0.2169370251699299,0.22443925973989817,0.2586353288012068,0.24187705551226524,0.24153729427055248,0.021582881211125362,0.2169370251699299,0.2674966083380261,2.34311149999985
xgboost,203,"{""colsample_bytree"": 0.5, ""learning_rate"": 0.01, ""max_depth"": 4, ""min_child_weight"": 10, ""n_estimators"": 800, ""reg_alpha"": 1, ""reg_lambda"": 3, ""scale_pos_weight"": ""sqrt_train_ratio"", ""subsample"": 1.0}",0.2544803243118367,0.2857977598639014,0.286415461735928,0.3031694535637905,0.28246574986886414,0.28610661079991473,0.01759637679136734,0.2544803243118367,0.3031694535637905,2.424202499999865
xgboost,204,"{""colsample_bytree"": 1.0, ""learning_rate"": 0.01, ""max_depth"": 4, ""min_child_weight"": 10, ""n_estimators"": 200, ""reg_alpha"": 0, ""reg_lambda"": 10, ""scale_pos_weight"": ""one"", ""subsample"": 1.0}",0.2258252765883092,0.28343923252096215,0.26310922936955655,0.2865892585028743,0.26474074924542557,0.2732742309452594,0.024207780272107106,0.2258252765883092,0.2865892585028743,0.7467090000000098
xgboost,205,"{""colsample_bytree"": 0.5, ""learning_rate"": 0.1, ""max_depth"": 4, ""min_child_weight"": 3, ""n_estimators"": 800, ""reg_alpha"": 0.1, ""reg_lambda"": 1, ""scale_pos_weight"": ""train_ratio"", ""subsample"": 1.0}",0.24382687987488869,0.2321349826856447,0.2362923041016261,0.2234614403040596,0.23392890174155478,0.2342136433936354,0.007354276585228369,0.2234614403040596,0.24382687987488869,2.345843699999932
xgboost,206,"{""colsample_bytree"": 0.7, ""learning_rate"": 0.03, ""max_depth"": 4, ""min_child_weight"": 5, ""n_estimators"": 200, ""reg_alpha"": 0.1, ""reg_lambda"": 10, ""scale_pos_weight"": ""one"", ""subsample"": 1.0}",0.23800018173841808,0.29787563765601294,0.2846172056093229,0.2878480297217909,0.2770852636813862,0.2862326176655569,0.02308923213610442,0.23800018173841808,0.29787563765601294,0.7378702000000885
xgboost,207,"{""colsample_bytree"": 1.0, ""learning_rate"": 0.05, ""max_depth"": 6, ""min_child_weight"": 1, ""n_estimators"": 400, ""reg_alpha"": 0.1, ""reg_lambda"": 10, ""scale_pos_weight"": ""one"", ""subsample"": 1.0}",0.25287752697015636,0.24960468870412747,0.2670559696683466,0.2506514084534759,0.2550473984490266,0.25176446771181615,0.007033170379929971,0.24960468870412747,0.2670559696683466,2.066685900000266
xgboost,208,"{""colsample_bytree"": 1.0, ""learning_rate"": 0.01, ""max_depth"": 2, ""min_child_weight"": 3, ""n_estimators"": 100, ""reg_alpha"": 0, ""reg_lambda"": 10, ""scale_pos_weight"": ""sqrt_train_ratio"", ""subsample"": 1.0}",0.22166151568911804,0.15915166246479223,0.2413741324008607,0.2717199668155323,0.2234768193425758,0.23151782404498938,0.0411968937770477,0.15915166246479223,0.2717199668155323,0.33817339999995966
xgboost,209,"{""colsample_bytree"": 0.7, ""learning_rate"": 0.01, ""max_depth"": 3, ""min_child_weight"": 10, ""n_estimators"": 800, ""reg_alpha"": 1, ""reg_lambda"": 1, ""scale_pos_weight"": ""train_ratio"", ""subsample"": 0.8}",0.2726845311781786,0.24967043427245295,0.2782911744964738,0.2827879220970217,0.27085851551103174,0.2754878528373262,0.012745825599750427,0.24967043427245295,0.2827879220970217,2.6050101999999242
xgboost,210,"{""colsample_bytree"": 1.0, ""learning_rate"": 0.1, ""max_depth"": 3, ""min_child_weight"": 1, ""n_estimators"": 200, ""reg_alpha"": 0.1, ""reg_lambda"": 10, ""scale_pos_weight"": ""one"", ""subsample"": 0.6}",0.2705444802137174,0.28600319908845123,0.2683734525179527,0.2682000835120203,0.27328030383303537,0.26945896636583505,0.007403421892859487,0.2682000835120203,0.28600319908845123,0.7926775000000816
xgboost,211,"{""colsample_bytree"": 0.5, ""learning_rate"": 0.03, ""max_depth"": 4, ""min_child_weight"": 10, ""n_estimators"": 200, ""reg_alpha"": 1, ""reg_lambda"": 1, ""scale_pos_weight"": ""sqrt_train_ratio"", ""subsample"": 1.0}",0.24349104440581548,0.2641418439395065,0.28158555215741216,0.29453728352993863,0.27093893100816824,0.27286369804845934,0.019169113537093073,0.24349104440581548,0.29453728352993863,0.7185209999997824
xgboost,212,"{""colsample_bytree"": 0.5, ""learning_rate"": 0.05, ""max_depth"": 4, ""min_child_weight"": 10, ""n_estimators"": 400, ""reg_alpha"": 1, ""reg_lambda"": 3, ""scale_pos_weight"": ""sqrt_train_ratio"", ""subsample"": 1.0}",0.2576012316149032,0.27771753266101157,0.28022096979683525,0.279095078735191,0.27365870320198526,0.2784063056981013,0.00931308235960749,0.2576012316149032,0.28022096979683525,1.2012798000000657
xgboost,213,"{""colsample_bytree"": 1.0, ""learning_rate"": 0.03, ""max_depth"": 3, ""min_child_weight"": 10, ""n_estimators"": 800, ""reg_alpha"": 0, ""reg_lambda"": 1, ""scale_pos_weight"": ""train_ratio"", ""subsample"": 0.6}",0.27667706400775177,0.2738060875921319,0.27078446834201986,0.2702817497050064,0.27288734241172746,0.27229527796707587,0.0025698869230112043,0.2702817497050064,0.27667706400775177,2.7301987000000736
xgboost,214,"{""colsample_bytree"": 1.0, ""learning_rate"": 0.01, ""max_depth"": 6, ""min_child_weight"": 3, ""n_estimators"": 200, ""reg_alpha"": 0.1, ""reg_lambda"": 10, ""scale_pos_weight"": ""one"", ""subsample"": 1.0}",0.23498458240368442,0.3018118385239095,0.26668699015180974,0.268251373334975,0.2679336961035947,0.2674691817433924,0.02363804043281879,0.23498458240368442,0.3018118385239095,1.143094900000051
xgboost,215,"{""colsample_bytree"": 1.0, ""learning_rate"": 0.1, ""max_depth"": 2, ""min_child_weight"": 5, ""n_estimators"": 100, ""reg_alpha"": 0.1, ""reg_lambda"": 1, ""scale_pos_weight"": ""train_ratio"", ""subsample"": 0.8}",0.26564196343950086,0.21784654285870397,0.27896104573967423,0.28805577955883777,0.26262633289917925,0.2723015045895876,0.02705458937325892,0.21784654285870397,0.28805577955883777,0.3926749999995991
xgboost,216,"{""colsample_bytree"": 0.7, ""learning_rate"": 0.1, ""max_depth"": 3, ""min_child_weight"": 5, ""n_estimators"": 800, ""reg_alpha"": 0, ""reg_lambda"": 1, ""scale_pos_weight"": ""train_ratio"", ""subsample"": 1.0}",0.2507100643848925,0.2442005224151082,0.23723918052426965,0.25229732078327594,0.24611177202688658,0.24745529340000036,0.005953592635505869,0.23723918052426965,0.25229732078327594,1.957387800000106
xgboost,217,"{""colsample_bytree"": 0.5, ""learning_rate"": 0.01, ""max_depth"": 4, ""min_child_weight"": 10, ""n_estimators"": 200, ""reg_alpha"": 1, ""reg_lambda"": 10, ""scale_pos_weight"": ""one"", ""subsample"": 0.6}",0.21946470289811587,0.22545178112513845,0.256067484454136,0.285889493591155,0.24671836551713636,0.24075963278963725,0.026536828358635387,0.21946470289811587,0.285889493591155,0.8161371999999574
xgboost,218,"{""colsample_bytree"": 0.5, ""learning_rate"": 0.1, ""max_depth"": 4, ""min_child_weight"": 1, ""n_estimators"": 800, ""reg_alpha"": 0, ""reg_lambda"": 3, ""scale_pos_weight"": ""train_ratio"", ""subsample"": 1.0}",0.24820775081354735,0.23772264799370063,0.2701716458402589,0.24530098709213363,0.25035075793491013,0.24675436895284047,0.012066787301623014,0.23772264799370063,0.2701716458402589,2.2176189000001614
xgboost,219,"{""colsample_bytree"": 1.0, ""learning_rate"": 0.01, ""max_depth"": 4, ""min_child_weight"": 1, ""n_estimators"": 800, ""reg_alpha"": 0.1, ""reg_lambda"": 10, ""scale_pos_weight"": ""sqrt_train_ratio"", ""subsample"": 0.6}",0.26790918010413733,0.29334911012484777,0.2873749827604612,0.2890525567821537,0.28442145744290004,0.2882137697713074,0.009779170187357605,0.26790918010413733,0.29334911012484777,3.531255500000043
xgboost,220,"{""colsample_bytree"": 1.0, ""learning_rate"": 0.1, ""max_depth"": 5, ""min_child_weight"": 5, ""n_estimators"": 800, ""reg_alpha"": 1, ""reg_lambda"": 3, ""scale_pos_weight"": ""train_ratio"", ""subsample"": 0.8}",0.24907644584283395,0.2048318076667088,0.2265290876474007,0.2241208495979626,0.22613954768872654,0.22532496862268164,0.01568716007710486,0.2048318076667088,0.24907644584283395,4.001153799999884
xgboost,221,"{""colsample_bytree"": 0.5, ""learning_rate"": 0.01, ""max_depth"": 3, ""min_child_weight"": 3, ""n_estimators"": 400, ""reg_alpha"": 1, ""reg_lambda"": 3, ""scale_pos_weight"": ""sqrt_train_ratio"", ""subsample"": 1.0}",0.23989629997860315,0.23571875492327815,0.27464987940024016,0.284755452606289,0.2587550967271026,0.25727308968942164,0.021301349021684398,0.23571875492327815,0.284755452606289,1.1215830000001006
xgboost,222,"{""colsample_bytree"": 0.5, ""learning_rate"": 0.1, ""max_depth"": 5, ""min_child_weight"": 1, ""n_estimators"": 100, ""reg_alpha"": 1, ""reg_lambda"": 1, ""scale_pos_weight"": ""one"", ""subsample"": 0.6}",0.26721989132309065,0.2584143220329909,0.2688410393397077,0.262688757579435,0.2642910025688061,0.2649543244512628,0.004073812313961122,0.2584143220329909,0.2688410393397077,0.5445654000000104
xgboost,223,"{""colsample_bytree"": 0.7, ""learning_rate"": 0.03, ""max_depth"": 2, ""min_child_weight"": 3, ""n_estimators"": 200, ""reg_alpha"": 0, ""reg_lambda"": 3, ""scale_pos_weight"": ""one"", ""subsample"": 0.6}",0.23256791253629383,0.19369340925031125,0.25948447084343024,0.28108580109550396,0.24170789843138482,0.24602619168986203,0.03261731234493205,0.19369340925031125,0.28108580109550396,0.6510819999998603
xgboost,224,"{""colsample_bytree"": 0.5, ""learning_rate"": 0.03, ""max_depth"": 5, ""min_child_weight"": 1, ""n_estimators"": 400, ""reg_alpha"": 0.1, ""reg_lambda"": 1, ""scale_pos_weight"": ""train_ratio"", ""subsample"": 0.6}",0.2686522230023243,0.23976046893554087,0.2865793521823222,0.2654792104403785,0.2651178136401414,0.2670657167213514,0.01670490365321028,0.23976046893554087,0.2865793521823222,1.8287884999999733
xgboost,225,"{""colsample_bytree"": 0.7, ""learning_rate"": 0.01, ""max_depth"": 4, ""min_child_weight"": 5, ""n_estimators"": 800, ""reg_alpha"": 0, ""reg_lambda"": 3, ""scale_pos_weight"": ""sqrt_train_ratio"", ""subsample"": 0.8}",0.2761485365184877,0.2999282388616411,0.282895393080514,0.2863063337570128,0.2863196255544139,0.2846008634187634,0.008665606629509104,0.2761485365184877,0.2999282388616411,3.085403900000074
xgboost,226,"{""colsample_bytree"": 0.7, ""learning_rate"": 0.05, ""max_depth"": 5, ""min_child_weight"": 5, ""n_estimators"": 800, ""reg_alpha"": 1, ""reg_lambda"": 1, ""scale_pos_weight"": ""one"", ""subsample"": 0.6}",0.25275303340043564,0.2512138126803578,0.22877446926066025,0.23406852842703654,0.24170246094212255,0.24264117055369716,0.010464115563506843,0.22877446926066025,0.25275303340043564,3.59341779999977
xgboost,227,"{""colsample_bytree"": 0.5, ""learning_rate"": 0.03, ""max_depth"": 5, ""min_child_weight"": 5, ""n_estimators"": 200, ""reg_alpha"": 0, ""reg_lambda"": 3, ""scale_pos_weight"": ""train_ratio"", ""subsample"": 0.6}",0.27093399002096796,0.2622725614667822,0.29907344453212514,0.2843759060738049,0.2791639755234201,0.27765494804738644,0.013933805173695182,0.2622725614667822,0.29907344453212514,0.9639108999999735
xgboost,228,"{""colsample_bytree"": 0.7, ""learning_rate"": 0.03, ""max_depth"": 2, ""min_child_weight"": 5, ""n_estimators"": 800, ""reg_alpha"": 0, ""reg_lambda"": 3, ""scale_pos_weight"": ""one"", ""subsample"": 0.6}",0.2547247306607695,0.27168024235644533,0.27100329266938356,0.2964497154079535,0.273464495273638,0.27134176751291444,0.01490587299607407,0.2547247306607695,0.2964497154079535,2.2648684000000685
xgboost,229,"{""colsample_bytree"": 0.5, ""learning_rate"": 0.01, ""max_depth"": 3, ""min_child_weight"": 1, ""n_estimators"": 800, ""reg_alpha"": 0.1, ""reg_lambda"": 1, ""scale_pos_weight"": ""sqrt_train_ratio"", ""subsample"": 0.8}",0.2612462878238657,0.25194644487150897,0.2748117809206263,0.2874066837173939,0.2688527993333487,0.268029034372246,0.013448419292125894,0.25194644487150897,0.2874066837173939,2.5685214000000087
xgboost,230,"{""colsample_bytree"": 1.0, ""learning_rate"": 0.1, ""max_depth"": 3, ""min_child_weight"": 5, ""n_estimators"": 100, ""reg_alpha"": 0.1, ""reg_lambda"": 1, ""scale_pos_weight"": ""train_ratio"", ""subsample"": 0.6}",0.2707012526233174,0.2344508572906271,0.2512358269886531,0.2875344147273695,0.2609805879074918,0.2609685398059852,0.019989897531417517,0.2344508572906271,0.2875344147273695,0.4363435999998728
xgboost,231,"{""colsample_bytree"": 0.7, ""learning_rate"": 0.05, ""max_depth"": 6, ""min_child_weight"": 3, ""n_estimators"": 100, ""reg_alpha"": 0.1, ""reg_lambda"": 1, ""scale_pos_weight"": ""sqrt_train_ratio"", ""subsample"": 0.6}",0.2705416006945637,0.2626246263681063,0.2966857454722386,0.2705805303958699,0.2751081257326946,0.27056106554521675,0.01287229292383401,0.2626246263681063,0.2966857454722386,0.6394875000000866
xgboost,232,"{""colsample_bytree"": 0.7, ""learning_rate"": 0.05, ""max_depth"": 2, ""min_child_weight"": 3, ""n_estimators"": 100, ""reg_alpha"": 0.1, ""reg_lambda"": 1, ""scale_pos_weight"": ""one"", ""subsample"": 0.8}",0.24175331330974026,0.20201378438743564,0.2591550676630195,0.2738926360999582,0.24420370036503838,0.25045419048637985,0.02688386921589454,0.20201378438743564,0.2738926360999582,0.3882641000000149
xgboost,233,"{""colsample_bytree"": 0.5, ""learning_rate"": 0.03, ""max_depth"": 4, ""min_child_weight"": 5, ""n_estimators"": 400, ""reg_alpha"": 0, ""reg_lambda"": 10, ""scale_pos_weight"": ""sqrt_train_ratio"", ""subsample"": 0.8}",0.26614104669324273,0.28624981663201865,0.27919392083846134,0.2872623280058423,0.2797117780423912,0.28272186873523997,0.00842896314478317,0.26614104669324273,0.2872623280058423,1.5426563000000897
xgboost,234,"{""colsample_bytree"": 0.7, ""learning_rate"": 0.01, ""max_depth"": 5, ""min_child_weight"": 5, ""n_estimators"": 100, ""reg_alpha"": 1, ""reg_lambda"": 10, ""scale_pos_weight"": ""one"", ""subsample"": 0.6}",0.23074670617843793,0.21160401064903625,0.2669976906370329,0.2824591675886325,0.24795189376328491,0.2488721984077354,0.028154402018736084,0.21160401064903625,0.2824591675886325,0.529141299999992
xgboost,235,"{""colsample_bytree"": 0.7, ""learning_rate"": 0.01, ""max_depth"": 3, ""min_child_weight"": 1, ""n_estimators"": 800, ""reg_alpha"": 1, ""reg_lambda"": 3, ""scale_pos_weight"": ""sqrt_train_ratio"", ""subsample"": 0.8}",0.26141254038412753,0.2612946387427117,0.2793624343677403,0.2852222253850347,0.27182295971990356,0.2703874873759339,0.010672468923304639,0.2612946387427117,0.2852222253850347,2.684781599999951
xgboost,236,"{""colsample_bytree"": 0.5, ""learning_rate"": 0.01, ""max_depth"": 3, ""min_child_weight"": 1, ""n_estimators"": 100, ""reg_alpha"": 0, ""reg_lambda"": 3, ""scale_pos_weight"": ""train_ratio"", ""subsample"": 0.6}",0.22427770453459872,0.2214215075964977,0.24794583323284383,0.2732003594443443,0.24171135120207113,0.23611176888372126,0.020892798974400696,0.2214215075964977,0.2732003594443443,0.46623470000031375
xgboost,237,"{""colsample_bytree"": 0.7, ""learning_rate"": 0.05, ""max_depth"": 3, ""min_child_weight"": 1, ""n_estimators"": 400, ""reg_alpha"": 1, ""reg_lambda"": 1, ""scale_pos_weight"": ""train_ratio"", ""subsample"": 1.0}",0.2699842745636923,0.2631639468236955,0.2799157135739911,0.30328328877324434,0.2790868059336558,0.2749499940688417,0.015186757300848699,0.2631639468236955,0.30328328877324434,1.0767626000001655
xgboost,238,"{""colsample_bytree"": 0.5, ""learning_rate"": 0.03, ""max_depth"": 2, ""min_child_weight"": 5, ""n_estimators"": 800, ""reg_alpha"": 0, ""reg_lambda"": 3, ""scale_pos_weight"": ""one"", ""subsample"": 0.6}",0.24992324748583214,0.22937197048931166,0.2721510959241648,0.2925859620665488,0.26100806899146434,0.26103717170499846,0.0236909601775339,0.22937197048931166,0.2925859620665488,2.2048940999998194
xgboost,239,"{""colsample_bytree"": 1.0, ""learning_rate"": 0.01, ""max_depth"": 3, ""min_child_weight"": 3, ""n_estimators"": 100, ""reg_alpha"": 1, ""reg_lambda"": 1, ""scale_pos_weight"": ""train_ratio"", ""subsample"": 0.6}",0.2290091237046595,0.1960051627184039,0.24000635981214202,0.2750567147271935,0.23501934024059973,0.23450774175840078,0.028222732285026,0.1960051627184039,0.2750567147271935,0.4609597000003305
xgboost,240,"{""colsample_bytree"": 0.5, ""learning_rate"": 0.05, ""max_depth"": 6, ""min_child_weight"": 5, ""n_estimators"": 200, ""reg_alpha"": 1, ""reg_lambda"": 1, ""scale_pos_weight"": ""sqrt_train_ratio"", ""subsample"": 0.8}",0.26796401058781955,0.25852825356473746,0.27705642326288044,0.2623687790168717,0.26647936660807725,0.2651663948023456,0.006967700915625654,0.25852825356473746,0.27705642326288044,1.0761593000001994
xgboost,241,"{""colsample_bytree"": 0.7, ""learning_rate"": 0.03, ""max_depth"": 5, ""min_child_weight"": 10, ""n_estimators"": 800, ""reg_alpha"": 1, ""reg_lambda"": 3, ""scale_pos_weight"": ""one"", ""subsample"": 0.8}",0.26008614808829317,0.29177840198643806,0.25654832633749985,0.2566772621154757,0.2662725346319267,0.2583817051018844,0.014794003258005744,0.25654832633749985,0.29177840198643806,3.4136450999999397
xgboost,242,"{""colsample_bytree"": 0.5, ""learning_rate"": 0.05, ""max_depth"": 4, ""min_child_weight"": 3, ""n_estimators"": 800, ""reg_alpha"": 0.1, ""reg_lambda"": 1, ""scale_pos_weight"": ""train_ratio"", ""subsample"": 1.0}",0.2551240067351264,0.2215464694049938,0.2587805035389809,0.25190473974534233,0.24683892985611086,0.2535143732402344,0.014803839589949023,0.2215464694049938,0.2587805035389809,2.23608779999995
xgboost,243,"{""colsample_bytree"": 0.5, ""learning_rate"": 0.03, ""max_depth"": 2, ""min_child_weight"": 5, ""n_estimators"": 800, ""reg_alpha"": 0.1, ""reg_lambda"": 10, ""scale_pos_weight"": ""sqrt_train_ratio"", ""subsample"": 0.6}",0.26594223423500674,0.2834191238427303,0.27530786988115696,0.2952782909592798,0.27998687972954345,0.2793634968619436,0.010779062543629684,0.26594223423500674,0.2952782909592798,2.2894430999999713
xgboost,244,"{""colsample_bytree"": 0.5, ""learning_rate"": 0.03, ""max_depth"": 3, ""min_child_weight"": 1, ""n_estimators"": 400, ""reg_alpha"": 0, ""reg_lambda"": 1, ""scale_pos_weight"": ""train_ratio"", ""subsample"": 0.8}",0.26730513375053583,0.23108538274755014,0.26540070758654455,0.29901857334497833,0.2657024493574022,0.2663529206685402,0.024036248998058923,0.23108538274755014,0.29901857334497833,1.3511819000000287
xgboost,245,"{""colsample_bytree"": 1.0, ""learning_rate"": 0.1, ""max_depth"": 5, ""min_child_weight"": 1, ""n_estimators"": 400, ""reg_alpha"": 0, ""reg_lambda"": 3, ""scale_pos_weight"": ""train_ratio"", ""subsample"": 0.6}",0.25890979248838597,0.21027021537696233,0.22548060439439638,0.2313436750920367,0.23150107183794535,0.22841213974321656,0.01759444540000629,0.21027021537696233,0.25890979248838597,2.1914090999998734
xgboost,246,"{""colsample_bytree"": 0.7, ""learning_rate"": 0.05, ""max_depth"": 4, ""min_child_weight"": 10, ""n_estimators"": 200, ""reg_alpha"": 0, ""reg_lambda"": 1, ""scale_pos_weight"": ""train_ratio"", ""subsample"": 0.8}",0.27707398601986155,0.289627622584881,0.2718112653965471,0.2924424403689618,0.28273882859256283,0.28335080430237125,0.008560339405538686,0.2718112653965471,0.2924424403689618,0.8316950000003089
xgboost,247,"{""colsample_bytree"": 0.7, ""learning_rate"": 0.01, ""max_depth"": 2, ""min_child_weight"": 5, ""n_estimators"": 100, ""reg_alpha"": 1, ""reg_lambda"": 3, ""scale_pos_weight"": ""one"", ""subsample"": 1.0}",0.22172234231001414,0.1899736995451216,0.23821888129922927,0.2770634140238044,0.23174458429454237,0.2299706118046217,0.031388552837302706,0.1899736995451216,0.2770634140238044,0.33753269999988333
xgboost,248,"{""colsample_bytree"": 1.0, ""learning_rate"": 0.1, ""max_depth"": 2, ""min_child_weight"": 10, ""n_estimators"": 800, ""reg_alpha"": 0.1, ""reg_lambda"": 1, ""scale_pos_weight"": ""train_ratio"", ""subsample"": 0.6}",0.27385217107356397,0.2423086737407799,0.2308394554546102,0.26226928660745946,0.25231739671910336,0.2522889801741197,0.016765016518522552,0.2308394554546102,0.27385217107356397,2.272124200000235
xgboost,249,"{""colsample_bytree"": 1.0, ""learning_rate"": 0.1, ""max_depth"": 5, ""min_child_weight"": 1, ""n_estimators"": 200, ""reg_alpha"": 0.1, ""reg_lambda"": 1, ""scale_pos_weight"": ""sqrt_train_ratio"", ""subsample"": 0.8}",0.26110539022247575,0.2797724614488865,0.2760850632622514,0.2569577684358334,0.26848017084236175,0.2685952267423636,0.009650173084843077,0.2569577684358334,0.2797724614488865,1.0869557000000896
xgboost,250,"{""colsample_bytree"": 0.5, ""learning_rate"": 0.05, ""max_depth"": 4, ""min_child_weight"": 10, ""n_estimators"": 800, ""reg_alpha"": 0.1, ""reg_lambda"": 1, ""scale_pos_weight"": ""one"", ""subsample"": 0.8}",0.25237117893166616,0.25787707002620014,0.23061269981253213,0.24545209831820114,0.24657826177214992,0.24891163862493365,0.010215042461857607,0.23061269981253213,0.25787707002620014,2.521952799999781
