source_row,split
0,train
1,train
2,train
3,train
4,train
5,train
6,train
7,train
8,train
9,train
10,train
11,train
12,train
13,train
14,train
15,train
16,train
17,train
18,train
19,train
20,train
21,train
22,train
23,train
24,train
25,train
26,train
27,train
28,train
29,train
30,train
31,train
32,train
33,train
34,train
35,train
36,train
37,train
38,train
39,train
40,train
41,train
42,train
43,train
44,train
45,train
46,train
47,train
48,train
49,train
50,train
51,train
52,train
53,train
54,train
55,train
56,train
57,train
58,train
59,train
60,train
61,train
62,train
63,train
64,train
65,train
66,train
67,train
68,train
69,train
70,train
71,train
72,train
73,train
74,train
75,train
76,train
77,train
78,train
79,train
80,train
81,train
82,train
83,train
84,train
85,train
86,train
87,train
88,train
89,train
90,train
91,train
92,train
93,train
94,train
95,train
96,train
97,train
98,train
99,train
100,train
101,train
102,train
103,train
104,train
105,train
106,train
107,train
108,train
109,train
110,train
111,train
112,train
113,train
114,train
115,train
116,train
117,train
118,train
119,train
120,train
121,train
122,train
123,train
124,train
125,train
126,train
127,train
128,train
129,train
130,train
131,train
132,train
133,train
134,train
135,train
136,train
137,train
138,train
139,train
140,train
141,train
142,train
143,train
144,train
145,train
146,train
147,train
148,train
149,train
150,train
151,train
152,train
153,train
154,train
155,train
156,train
157,train
158,train
159,train
160,train
161,train
162,train
163,train
164,train
165,train
166,train
167,train
168,train
169,train
170,train
171,train
172,train
173,train
174,train
175,train
176,train
177,train
178,train
179,train
180,train
181,train
182,train
183,train
184,train
185,train
186,train
187,train
188,train
189,train
190,train
191,train
192,train
193,train
194,train
195,train
196,train
197,train
198,train
199,train
200,train
201,train
202,train
203,train
204,train
205,train
206,train
207,train
208,train
209,train
210,train
211,train
212,train
213,train
214,train
215,train
216,train
217,train
218,train
219,train
220,train
221,train
222,train
223,train
224,train
225,train
226,train
227,train
228,train
229,train
230,train
231,train
232,train
233,train
234,train
235,train
236,train
237,train
238,train
239,train
240,train
241,train
242,train
243,train
244,train
245,train
246,train
247,train
248,train
249,train
250,train
251,train
252,train
253,train
254,train
255,train
256,train
257,train
258,train
259,train
260,train
261,train
262,train
263,train
264,train
265,train
266,train
267,train
268,train
269,train
270,train
271,train
272,train
273,train
274,train
275,train
276,train
277,train
278,train
279,train
280,train
281,train
282,train
283,train
284,train
285,train
286,train
287,train
288,train
289,train
290,train
291,train
292,train
293,train
294,train
295,train
296,train
297,train
298,train
299,train
300,train
301,train
302,train
303,train
304,train
305,train
306,train
307,train
308,train
309,train
310,train
311,train
312,train
313,train
314,train
315,train
316,train
317,train
318,train
319,train
320,train
321,train
322,train
323,train
324,train
325,train
326,train
327,train
328,train
329,train
330,train
331,train
332,train
333,train
334,train
335,train
336,train
337,train
338,train
339,train
340,train
341,train
342,train
343,train
344,train
345,train
346,train
347,train
348,train
349,train
350,train
351,train
352,train
353,train
354,train
355,train
356,train
357,train
358,train
359,train
360,train
361,train
362,train
363,train
364,train
365,train
366,train
367,train
368,train
369,train
370,train
371,train
372,train
373,train
374,train
375,train
376,train
377,train
378,train
379,train
380,train
381,train
382,train
383,train
384,train
385,train
386,train
387,train
388,train
389,train
390,train
391,train
392,train
393,train
394,train
395,train
396,train
397,train
398,train
399,train
400,train
401,train
402,train
403,train
404,train
405,train
406,train
407,train
408,train
409,train
410,train
411,train
412,train
413,train
414,train
415,train
416,train
417,train
418,train
419,train
420,train
421,train
422,train
423,train
424,train
425,train
426,train
427,train
428,train
429,train
430,train
431,train
432,train
433,train
434,train
435,train
436,train
437,train
438,train
439,train
440,train
441,train
442,train
443,train
444,train
445,train
446,train
447,train
448,train
449,train
450,train
451,train
452,train
453,train
454,train
455,train
456,train
457,train
458,train
459,train
460,train
461,train
462,train
463,train
464,train
465,train
466,train
467,train
468,train
469,train
470,train
471,train
472,train
473,train
474,train
475,train
476,train
477,train
478,train
479,train
480,train
481,train
482,train
483,train
484,train
485,train
486,train
487,train
488,train
489,train
490,train
491,train
492,train
493,train
494,train
495,train
496,train
497,train
498,train
499,train
500,train
501,train
502,train
503,train
504,train
505,train
506,train
507,train
508,train
509,train
510,train
511,train
512,train
513,train
514,train
515,train
516,train
517,train
518,train
519,train
520,train
521,train
522,train
523,train
524,train
525,train
526,train
527,train
528,train
529,train
530,train
531,train
532,train
533,train
534,train
535,train
536,train
537,train
538,train
539,train
540,train
541,train
542,train
543,train
544,train
545,train
546,train
547,train
548,train
549,train
550,train
551,train
552,train
553,train
554,train
555,train
556,train
557,train
558,train
559,train
560,train
561,train
562,train
563,train
564,train
565,train
566,train
567,train
568,train
569,train
570,train
571,train
572,train
573,train
574,train
575,train
576,train
577,train
578,train
579,train
580,train
581,train
582,train
583,train
584,train
585,train
586,train
587,train
588,train
589,train
590,train
591,train
592,train
593,train
594,train
595,train
596,train
597,train
598,train
599,train
600,train
601,train
602,train
603,train
604,train
605,train
606,train
607,train
608,train
609,train
610,train
611,train
612,train
613,train
614,train
615,train
616,train
617,train
618,train
619,train
620,train
621,train
622,train
623,train
624,train
625,train
626,train
627,train
628,train
629,train
630,train
631,train
632,train
633,train
634,train
635,train
636,train
637,train
638,train
639,train
640,train
641,train
642,train
643,train
644,train
645,train
646,train
647,train
648,train
649,train
650,train
651,train
652,train
653,train
654,train
655,train
656,train
657,train
658,train
659,train
660,train
661,train
662,train
663,train
664,train
665,train
666,train
667,train
668,train
669,train
670,train
671,train
672,train
673,train
674,train
675,train
676,train
677,train
678,train
679,train
680,train
681,train
682,train
683,train
684,train
685,train
686,train
687,train
688,train
689,train
690,train
691,train
692,train
693,train
694,train
695,train
696,train
697,train
698,train
699,train
700,train
701,train
702,train
703,train
704,train
705,train
706,train
707,train
708,train
709,train
710,train
711,train
712,train
713,train
714,train
715,train
716,train
717,train
718,train
719,train
720,train
721,train
722,train
723,train
724,train
725,train
726,train
727,train
728,train
729,train
730,train
731,train
732,train
733,train
734,train
735,train
736,train
737,train
738,train
739,train
740,train
741,train
742,train
743,train
744,train
745,train
746,train
747,train
748,train
749,train
750,train
751,train
752,train
753,train
754,train
755,train
756,train
757,train
758,train
759,train
760,train
761,train
762,train
763,train
764,train
765,train
766,train
767,train
768,train
769,train
770,train
771,train
772,train
773,train
774,train
775,train
776,train
777,train
778,train
779,train
780,train
781,train
782,train
783,train
784,train
785,train
786,train
787,train
788,train
789,train
790,train
791,train
792,train
793,train
794,train
795,train
796,train
797,train
798,train
799,train
800,train
801,train
802,train
803,train
804,train
805,train
806,train
807,train
808,train
809,train
810,train
811,train
812,train
813,train
814,train
815,train
816,train
817,train
818,train
819,train
820,train
821,train
822,train
823,train
824,train
825,train
826,train
827,train
828,train
829,train
830,train
831,train
832,train
833,train
834,train
835,train
836,train
837,train
838,train
839,train
840,train
841,train
842,train
843,train
844,train
845,train
846,train
847,train
848,train
849,train
850,train
851,train
852,train
853,train
854,train
855,train
856,train
857,train
858,train
859,train
860,train
861,train
862,train
863,train
864,train
865,train
866,train
867,train
868,train
869,train
870,train
871,train
872,train
873,train
874,train
875,train
876,train
877,train
878,train
879,train
880,train
881,train
882,train
883,train
884,train
885,train
886,train
887,train
888,train
889,train
890,train
891,train
892,train
893,train
894,train
895,train
896,train
897,train
898,train
899,train
900,train
901,train
902,train
903,train
904,train
905,train
906,train
907,train
908,train
909,train
910,train
911,train
912,train
913,train
914,train
915,train
916,train
917,train
918,train
919,train
920,train
921,train
922,train
923,train
924,train
925,train
926,train
927,train
928,train
929,train
930,train
931,train
932,train
933,train
934,train
935,train
936,train
937,train
938,train
939,train
940,train
941,train
942,train
943,train
944,train
945,train
946,train
947,train
948,train
949,train
950,train
951,train
952,train
953,train
954,train
955,train
956,train
957,train
958,train
959,train
960,train
961,train
962,train
963,train
964,train
965,train
966,train
967,train
968,train
969,train
970,train
971,train
972,train
973,train
974,train
975,train
976,train
977,train
978,train
979,train
980,train
981,train
982,train
983,train
984,train
985,train
986,train
987,train
988,train
989,train
990,train
991,train
992,train
993,train
994,train
995,train
996,train
997,train
998,train
999,train
1000,train
1001,train
1002,train
1003,train
1004,train
1005,train
1006,train
1007,train
1008,train
1009,train
1010,train
1011,train
1012,train
1013,train
1014,train
1015,train
1016,train
1017,train
1018,train
1019,train
1020,train
1021,train
1022,train
1023,train
1024,train
1025,train
1026,train
1027,train
1028,train
1029,train
1030,train
1031,train
1032,train
1033,train
1034,train
1035,train
1036,train
1037,train
1038,train
1039,train
1040,train
1041,train
1042,train
1043,train
1044,train
1045,train
1046,train
1047,train
1048,train
1049,train
1050,train
1051,train
1052,train
1053,train
1054,train
1055,train
1056,train
1057,train
1058,train
1059,train
1060,train
1061,train
1062,train
1063,train
1064,train
1065,train
1066,train
1067,train
1068,train
1069,train
1070,train
1071,train
1072,train
1073,train
1074,train
1075,train
1076,train
1077,train
1078,train
1079,train
1080,train
1081,train
1082,train
1083,train
1084,train
1085,train
1086,train
1087,train
1088,train
1089,train
1090,train
1091,train
1092,train
1093,train
1094,train
1095,train
1096,train
1097,train
1098,train
1099,train
1100,train
1101,train
1102,train
1103,train
1104,train
1105,train
1106,train
1107,train
1108,train
1109,train
1110,train
1111,train
1112,train
1113,train
1114,train
1115,train
1116,train
1117,train
1118,train
1119,train
1120,train
1121,train
1122,train
1123,train
1124,train
1125,train
1126,train
1127,train
1128,train
1129,train
1130,train
1131,train
1132,train
1133,train
1134,train
1135,train
1136,train
1137,train
1138,train
1139,train
1140,train
1141,train
1142,train
1143,train
1144,train
1145,train
1146,train
1147,train
1148,train
1149,train
1150,train
1151,train
1152,train
1153,train
1154,train
1155,train
1156,train
1157,train
1158,train
1159,train
1160,train
1161,train
1162,train
1163,train
1164,train
1165,train
1166,train
1167,train
1168,train
1169,train
1170,train
1171,train
1172,train
1173,train
1174,train
1175,train
1176,train
1177,train
1178,train
1179,train
1180,train
1181,train
1182,train
1183,train
1184,train
1185,train
1186,train
1187,train
1188,train
1189,train
1190,train
1191,train
1192,train
1193,train
1194,train
1195,train
1196,train
1197,train
1198,train
1199,train
1200,train
1201,train
1202,train
1203,train
1204,train
1205,train
1206,train
1207,train
1208,train
1209,train
1210,train
1211,train
1212,train
1213,train
1214,train
1215,train
1216,train
1217,train
1218,train
1219,train
1220,train
1221,train
1222,train
1223,train
1224,train
1225,train
1226,train
1227,train
1228,train
1229,train
1230,train
1231,train
1232,train
1233,train
1234,train
1235,train
1236,train
1237,train
1238,train
1239,train
1240,train
1241,train
1242,train
1243,train
1244,train
1245,train
1246,train
1247,train
1248,train
1249,train
1250,train
1251,train
1252,train
1253,train
1254,train
1255,train
1256,train
1257,train
1258,train
1259,train
1260,train
1261,train
1262,train
1263,train
1264,train
1265,train
1266,train
1267,train
1268,train
1269,train
1270,train
1271,train
1272,train
1273,train
1274,train
1275,train
1276,train
1277,train
1278,train
1279,train
1280,train
1281,train
1282,train
1283,train
1284,train
1285,train
1286,train
1287,train
1288,train
1289,train
1290,train
1291,train
1292,train
1293,train
1294,train
1295,train
1296,train
1297,train
1298,train
1299,train
1300,train
1301,train
1302,train
1303,train
1304,train
1305,train
1306,train
1307,train
1308,train
1309,train
1310,train
1311,train
1312,train
1313,train
1314,train
1315,train
1316,train
1317,train
1318,train
1319,train
1320,train
1321,train
1322,train
1323,train
1324,train
1325,train
1326,train
1327,train
1328,train
1329,train
1330,train
1331,train
1332,train
1333,train
1334,train
1335,train
1336,train
1337,train
1338,train
1339,train
1340,train
1341,train
1342,train
1343,train
1344,train
1345,train
1346,train
1347,train
1348,train
1349,train
1350,train
1351,train
1352,train
1353,train
1354,train
1355,train
1356,train
1357,train
1358,train
1359,train
1360,train
1361,train
1362,train
1363,train
1364,train
1365,train
1366,train
1367,train
1368,train
1369,train
1370,train
1371,train
1372,train
1373,train
1374,train
1375,train
1376,train
1377,train
1378,train
1379,train
1380,train
1381,train
1382,train
1383,train
1384,train
1385,train
1386,train
1387,train
1388,train
1389,train
1390,train
1391,train
1392,train
1393,train
1394,train
1395,train
1396,train
1397,train
1398,train
1399,train
1400,train
1401,train
1402,train
1403,train
1404,train
1405,train
1406,train
1407,train
1408,train
1409,train
1410,train
1411,train
1412,train
1413,train
1414,train
1415,train
1416,train
1417,train
1418,train
1419,train
1420,train
1421,train
1422,train
1423,train
1424,train
1425,train
1426,train
1427,train
1428,train
1429,train
1430,train
1431,train
1432,train
1433,train
1434,train
1435,train
1436,train
1437,train
1438,train
1439,train
1440,train
1441,train
1442,train
1443,train
1444,train
1445,train
1446,train
1447,train
1448,train
1449,train
1450,train
1451,train
1452,train
1453,train
1454,train
1455,train
1456,train
1457,train
1458,train
1459,train
1460,train
1461,train
1462,train
1463,train
1464,train
1465,train
1466,train
1467,train
1468,train
1469,train
1470,train
1471,train
1472,train
1473,train
1474,train
1475,train
1476,train
1477,train
1478,train
1479,train
1480,train
1481,train
1482,train
1483,train
1484,train
1485,train
1486,train
1487,train
1488,train
1489,train
1490,train
1491,train
1492,train
1493,train
1494,train
1495,train
1496,train
1497,train
1498,train
1499,train
1500,train
1501,train
1502,train
1503,train
1504,train
1505,train
1506,train
1507,train
1508,train
1509,train
1510,train
1511,train
1512,train
1513,train
1514,train
1515,train
1516,train
1517,train
1518,train
1519,train
1520,train
1521,train
1522,train
1523,train
1524,train
1525,train
1526,train
1527,train
1528,train
1529,train
1530,train
1531,train
1532,train
1533,train
1534,train
1535,train
1536,train
1537,train
1538,train
1539,train
1540,train
1541,train
1542,train
1543,train
1544,train
1545,train
1546,train
1547,train
1548,train
1549,train
1550,train
1551,train
1552,train
1553,train
1554,train
1555,train
1556,train
1557,train
1558,train
1559,train
1560,train
1561,train
1562,train
1563,train
1564,train
1565,train
1566,train
1567,train
1568,train
1569,train
1570,train
1571,train
1572,train
1573,train
1574,train
1575,train
1576,train
1577,train
1578,train
1579,train
1580,train
1581,train
1582,train
1583,train
1584,train
1585,train
1586,train
1587,train
1588,train
1589,train
1590,train
1591,train
1592,train
1593,train
1594,train
1595,train
1596,train
1597,train
1598,train
1599,train
1600,train
1601,train
1602,train
1603,train
1604,train
1605,train
1606,train
1607,train
1608,train
1609,train
1610,train
1611,train
1612,train
1613,train
1614,train
1615,train
1616,train
1617,train
1618,train
1619,train
1620,train
1621,train
1622,train
1623,train
1624,train
1625,train
1626,train
1627,train
1628,train
1629,train
1630,train
1631,train
1632,train
1633,train
1634,train
1635,train
1636,train
1637,train
1638,train
1639,train
1640,train
1641,train
1642,train
1643,train
1644,train
1645,train
1646,train
1647,train
1648,train
1649,train
1650,train
1651,train
1652,train
1653,train
1654,train
1655,train
1656,train
1657,train
1658,train
1659,train
1660,train
1661,train
1662,train
1663,train
1664,train
1665,train
1666,train
1667,train
1668,train
1669,train
1670,train
1671,train
1672,train
1673,train
1674,train
1675,train
1676,train
1677,train
1678,train
1679,train
1680,train
1681,train
1682,train
1683,train
1684,train
1685,train
1686,train
1687,train
1688,train
1689,train
1690,train
1691,train
1692,train
1693,train
1694,train
1695,train
1696,train
1697,train
1698,train
1699,train
1700,train
1701,train
1702,train
1703,train
1704,train
1705,train
1706,train
1707,train
1708,train
1709,train
1710,train
1711,train
1712,train
1713,train
1714,train
1715,train
1716,train
1717,train
1718,train
1719,train
1720,train
1721,train
1722,train
1723,train
1724,train
1725,train
1726,train
1727,train
1728,train
1729,train
1730,train
1731,train
1732,train
1733,train
1734,train
1735,train
1736,train
1737,train
1738,train
1739,train
1740,train
1741,train
1742,train
1743,train
1744,train
1745,train
1746,train
1747,train
1748,train
1749,train
1750,train
1751,train
1752,train
1753,train
1754,train
1755,train
1756,train
1757,train
1758,train
1759,train
1760,train
1761,train
1762,train
1763,train
1764,train
1765,train
1766,train
1767,train
1768,train
1769,train
1770,train
1771,train
1772,train
1773,train
1774,train
1775,train
1776,train
1777,train
1778,train
1779,train
1780,train
1781,train
1782,train
1783,train
1784,train
1785,train
1786,train
1787,train
1788,train
1789,train
1790,train
1791,train
1792,train
1793,train
1794,train
1795,train
1796,train
1797,train
1798,train
1799,train
1800,train
1801,train
1802,train
1803,train
1804,train
1805,train
1806,train
1807,train
1808,train
1809,train
1810,train
1811,train
1812,train
1813,train
1814,train
1815,train
1816,train
1817,train
1818,train
1819,train
1820,train
1821,train
1822,train
1823,train
1824,train
1825,train
1826,train
1827,train
1828,train
1829,train
1830,train
1831,train
1832,train
1833,train
1834,train
1835,train
1836,train
1837,train
1838,train
1839,train
1840,train
1841,train
1842,train
1843,train
1844,train
1845,train
1846,train
1847,train
1848,train
1849,train
1850,train
1851,train
1852,train
1853,train
1854,train
1855,train
1856,train
1857,train
1858,train
1859,train
1860,train
1861,train
1862,train
1863,train
1864,train
1865,train
1866,train
1867,train
1868,train
1869,train
1870,train
1871,train
1872,train
1873,train
1874,train
1875,train
1876,train
1877,train
1878,train
1879,train
1880,train
1881,train
1882,train
1883,train
1884,train
1885,train
1886,train
1887,train
1888,train
1889,train
1890,train
1891,train
1892,train
1893,train
1894,train
1895,train
1896,train
1897,train
1898,train
1899,train
1900,train
1901,train
1902,train
1903,train
1904,train
1905,train
1906,train
1907,train
1908,train
1909,train
1910,train
1911,train
1912,train
1913,train
1914,train
1915,train
1916,train
1917,train
1918,train
1919,train
1920,train
1921,train
1922,train
1923,train
1924,train
1925,train
1926,train
1927,train
1928,train
1929,train
1930,train
1931,train
1932,train
1933,train
1934,train
1935,train
1936,train
1937,train
1938,train
1939,train
1940,train
1941,train
1942,train
1943,train
1944,train
1945,train
1946,train
1947,train
1948,train
1949,train
1950,train
1951,train
1952,train
1953,train
1954,train
1955,train
1956,train
1957,train
1958,train
1959,train
1960,train
1961,train
1962,train
1963,train
1964,train
1965,train
1966,train
1967,train
1968,train
1969,train
1970,train
1971,train
1972,train
1973,train
1974,train
1975,train
1976,train
1977,train
1978,train
1979,train
1980,train
1981,train
1982,train
1983,train
1984,train
1985,train
1986,train
1987,train
1988,train
1989,train
1990,train
1991,train
1992,train
1993,train
1994,train
1995,train
1996,train
1997,train
1998,train
1999,train
2000,train
2001,train
2002,train
2003,train
2004,train
2005,train
2006,train
2007,train
2008,train
2009,train
2010,train
2011,train
2012,train
2013,train
2014,train
2015,train
2016,train
2017,train
2018,train
2019,train
2020,train
2021,train
2022,train
2023,train
2024,train
2025,train
2026,train
2027,train
2028,train
2029,train
2030,train
2031,train
2032,train
2033,train
2034,train
2035,train
2036,train
2037,train
2038,train
2039,train
2040,train
2041,train
2042,train
2043,train
2044,train
2045,train
2046,train
2047,train
2048,train
2049,train
2050,train
2051,train
2052,train
2053,train
2054,train
2055,train
2056,train
2057,train
2058,train
2059,train
2060,train
2061,train
2062,train
2063,train
2064,train
2065,train
2066,train
2067,train
2068,train
2069,train
2070,train
2071,train
2072,train
2073,train
2074,train
2075,train
2076,train
2077,train
2078,train
2079,train
2080,train
2081,train
2082,train
2083,train
2084,train
2085,train
2086,train
2087,train
2088,train
2089,train
2090,train
2091,train
2092,train
2093,train
2094,train
2095,train
2096,train
2097,train
2098,train
2099,train
2100,train
2101,train
2102,train
2103,train
2104,train
2105,train
2106,train
2107,train
2108,train
2109,train
2110,train
2111,train
2112,train
2113,train
2114,train
2115,train
2116,train
2117,train
2118,train
2119,train
2120,train
2121,train
2122,train
2123,train
2124,train
2125,train
2126,train
2127,train
2128,train
2129,train
2130,train
2131,train
2132,train
2133,train
2134,train
2135,train
2136,train
2137,train
2138,train
2139,train
2140,train
2141,train
2142,train
2143,train
2144,train
2145,train
2146,train
2147,train
2148,train
2149,train
2150,train
2151,train
2152,train
2153,train
2154,train
2155,train
2156,train
2157,train
2158,train
2159,train
2160,train
2161,train
2162,train
2163,train
2164,train
2165,train
2166,train
2167,train
2168,train
2169,train
2170,train
2171,train
2172,train
2173,train
2174,train
2175,train
2176,train
2177,train
2178,train
2179,train
2180,train
2181,train
2182,train
2183,train
2184,train
2185,train
2186,train
2187,train
2188,train
2189,train
2190,train
2191,train
2192,train
2193,train
2194,train
2195,train
2196,train
2197,train
2198,train
2199,train
2200,train
2201,train
2202,train
2203,train
2204,train
2205,train
2206,train
2207,train
2208,train
2209,train
2210,train
2211,train
2212,train
2213,train
2214,train
2215,train
2216,train
2217,train
2218,train
2219,train
2220,train
2221,train
2222,train
2223,train
2224,train
2225,train
2226,train
2227,train
2228,train
2229,train
2230,train
2231,train
2232,train
2233,train
2234,train
2235,train
2236,train
2237,train
2238,train
2239,train
2240,train
2241,train
2242,train
2243,train
2244,train
2245,train
2246,train
2247,train
2248,train
2249,train
2250,train
2251,train
2252,train
2253,train
2254,train
2255,train
2256,train
2257,train
2258,train
2259,train
2260,train
2261,train
2262,train
2263,train
2264,train
2265,train
2266,train
2267,train
2268,train
2269,train
2270,train
2271,train
2272,train
2273,train
2274,train
2275,train
2276,train
2277,train
2278,train
2279,train
2280,train
2281,train
2282,train
2283,train
2284,train
2285,train
2286,train
2287,train
2288,train
2289,train
2290,train
2291,train
2292,train
2293,train
2294,train
2295,train
2296,train
2297,train
2298,train
2299,train
2300,train
2301,train
2302,train
2303,train
2304,train
2305,train
2306,train
2307,train
2308,train
2309,train
2310,train
2311,train
2312,train
2313,train
2314,train
2315,train
2316,train
2317,train
2318,train
2319,train
2320,train
2321,train
2322,train
2323,train
2324,train
2325,train
2326,train
2327,train
2328,train
2329,train
2330,train
2331,train
2332,train
2333,train
2334,train
2335,train
2336,train
2337,train
2338,train
2339,train
2340,train
2341,train
2342,train
2343,train
2344,train
2345,train
2346,train
2347,train
2348,train
2349,train
2350,train
2351,train
2352,train
2353,train
2354,train
2355,train
2356,train
2357,train
2358,train
2359,train
2360,train
2361,train
2362,train
2363,train
2364,train
2365,train
2366,train
2367,train
2368,train
2369,train
2370,train
2371,train
2372,train
2373,train
2374,train
2375,train
2376,train
2377,train
2378,train
2379,train
2380,train
2381,train
2382,train
2383,train
2384,train
2385,train
2386,train
2387,train
2388,train
2389,train
2390,train
2391,train
2392,train
2393,train
2394,train
2395,train
2396,train
2397,train
2398,train
2399,train
2400,train
2401,train
2402,train
2403,train
2404,train
2405,train
2406,train
2407,train
2408,train
2409,train
2410,train
2411,train
2412,train
2413,train
2414,train
2415,train
2416,train
2417,train
2418,train
2419,train
2420,train
2421,train
2422,train
2423,train
2424,train
2425,train
2426,train
2427,train
2428,train
2429,train
2430,train
2431,train
2432,train
2433,train
2434,train
2435,train
2436,train
2437,train
2438,train
2439,train
2440,train
2441,train
2442,train
2443,train
2444,train
2445,train
2446,train
2447,train
2448,train
2449,train
2450,train
2451,train
2452,train
2453,train
2454,train
2455,train
2456,train
2457,train
2458,train
2459,train
2460,train
2461,train
2462,train
2463,train
2464,train
2465,train
2466,train
2467,train
2468,train
2469,train
2470,train
2471,train
2472,train
2473,train
2474,train
2475,train
2476,train
2477,train
2478,train
2479,train
2480,train
2481,train
2482,train
2483,train
2484,train
2485,train
2486,train
2487,train
2488,train
2489,train
2490,train
2491,train
2492,train
2493,train
2494,train
2495,train
2496,train
2497,train
2498,train
2499,train
2500,train
2501,train
2502,train
2503,train
2504,train
2505,train
2506,train
2507,train
2508,train
2509,train
2510,train
2511,train
2512,train
2513,train
2514,train
2515,train
2516,train
2517,train
2518,train
2519,train
2520,train
2521,train
2522,train
2523,train
2524,train
2525,train
2526,train
2527,train
2528,train
2529,train
2530,train
2531,train
2532,train
2533,train
2534,train
2535,train
2536,train
2537,train
2538,train
2539,train
2540,train
2541,train
2542,train
2543,train
2544,train
2545,train
2546,train
2547,train
2548,train
2549,train
2550,train
2551,train
2552,train
2553,train
2554,train
2555,train
2556,train
2557,train
2558,train
2559,train
2560,train
2561,train
2562,train
2563,train
2564,train
2565,train
2566,train
2567,train
2568,train
2569,train
2570,train
2571,train
2572,train
2573,train
2574,train
2575,train
2576,train
2577,train
2578,train
2579,train
2580,train
2581,train
2582,train
2583,train
2584,train
2585,train
2586,train
2587,train
2588,train
2589,train
2590,train
2591,train
2592,train
2593,train
2594,train
2595,train
2596,train
2597,train
2598,train
2599,train
2600,train
2601,train
2602,train
2603,train
2604,train
2605,train
2606,train
2607,train
2608,train
2609,train
2610,train
2611,train
2612,train
2613,train
2614,train
2615,train
2616,train
2617,train
2618,train
2619,train
2620,train
2621,train
2622,train
2623,train
2624,train
2625,train
2626,train
2627,train
2628,train
2629,train
2630,train
2631,train
2632,train
2633,train
2634,train
2635,train
2636,train
2637,train
2638,train
2639,train
2640,train
2641,train
2642,train
2643,train
2644,train
2645,train
2646,train
2647,train
2648,train
2649,train
2650,train
2651,train
2652,train
2653,train
2654,train
2655,train
2656,train
2657,train
2658,train
2659,train
2660,train
2661,train
2662,train
2663,train
2664,train
2665,train
2666,train
2667,train
2668,train
2669,train
2670,train
2671,train
2672,train
2673,train
2674,train
2675,train
2676,train
2677,train
2678,train
2679,train
2680,train
2681,train
2682,train
2683,train
2684,train
2685,train
2686,train
2687,train
2688,train
2689,train
2690,train
2691,train
2692,train
2693,train
2694,train
2695,train
2696,train
2697,train
2698,train
2699,train
2700,train
2701,train
2702,train
2703,train
2704,train
2705,train
2706,train
2707,train
2708,train
2709,train
2710,train
2711,train
2712,train
2713,train
2714,train
2715,train
2716,train
2717,train
2718,train
2719,train
2720,train
2721,train
2722,train
2723,train
2724,train
2725,train
2726,train
2727,train
2728,train
2729,train
2730,train
2731,train
2732,train
2733,train
2734,train
2735,train
2736,train
2737,train
2738,train
2739,train
2740,train
2741,train
2742,train
2743,train
2744,train
2745,train
2746,train
2747,train
2748,train
2749,train
2750,train
2751,train
2752,train
2753,train
2754,train
2755,train
2756,train
2757,train
2758,train
2759,train
2760,train
2761,train
2762,train
2763,train
2764,train
2765,train
2766,train
2767,train
2768,train
2769,train
2770,train
2771,train
2772,train
2773,train
2774,train
2775,train
2776,train
2777,train
2778,train
2779,train
2780,train
2781,train
2782,train
2783,train
2784,train
2785,train
2786,train
2787,train
2788,train
2789,train
2790,train
2791,train
2792,train
2793,train
2794,train
2795,train
2796,train
2797,train
2798,train
2799,train
2800,train
2801,train
2802,train
2803,train
2804,train
2805,train
2806,train
2807,train
2808,train
2809,train
2810,train
2811,train
2812,train
2813,train
2814,train
2815,train
2816,train
2817,train
2818,train
2819,train
2820,train
2821,train
2822,train
2823,train
2824,train
2825,train
2826,train
2827,train
2828,train
2829,train
2830,train
2831,train
2832,train
2833,train
2834,train
2835,train
2836,train
2837,train
2838,train
2839,train
2840,train
2841,train
2842,train
2843,train
2844,train
2845,train
2846,train
2847,train
2848,train
2849,train
2850,train
2851,train
2852,train
2853,train
2854,train
2855,train
2856,train
2857,train
2858,train
2859,train
2860,train
2861,train
2862,train
2863,train
2864,train
2865,train
2866,train
2867,train
2868,train
2869,train
2870,train
2871,train
2872,train
2873,train
2874,train
2875,train
2876,train
2877,train
2878,train
2879,train
2880,train
2881,train
2882,train
2883,train
2884,train
2885,train
2886,train
2887,train
2888,train
2889,train
2890,train
2891,train
2892,train
2893,train
2894,train
2895,train
2896,train
2897,train
2898,train
2899,train
2900,train
2901,train
2902,train
2903,train
2904,train
2905,train
2906,train
2907,train
2908,train
2909,train
2910,train
2911,train
2912,train
2913,train
2914,train
2915,train
2916,train
2917,train
2918,train
2919,train
2920,train
2921,train
2922,train
2923,train
2924,train
2925,train
2926,train
2927,train
2928,train
2929,train
2930,train
2931,train
2932,train
2933,train
2934,train
2935,train
2936,train
2937,train
2938,train
2939,train
2940,train
2941,train
2942,train
2943,train
2944,train
2945,train
2946,train
2947,train
2948,train
2949,train
2950,train
2951,train
2952,train
2953,train
2954,train
2955,train
2956,train
2957,train
2958,train
2959,train
2960,train
2961,train
2962,train
2963,train
2964,train
2965,train
2966,train
2967,train
2968,train
2969,train
2970,train
2971,train
2972,train
2973,train
2974,train
2975,train
2976,train
2977,train
2978,train
2979,train
2980,train
2981,train
2982,train
2983,train
2984,train
2985,train
2986,train
2987,train
2988,train
2989,train
2990,train
2991,train
2992,train
2993,train
2994,train
2995,train
2996,train
2997,train
2998,train
2999,train
3000,train
3001,train
3002,train
3003,train
3004,train
3005,train
3006,train
3007,train
3008,train
3009,train
3010,train
3011,train
3012,train
3013,train
3014,train
3015,train
3016,train
3017,train
3018,train
3019,train
3020,train
3021,train
3022,train
3023,train
3024,train
3025,train
3026,train
3027,train
3028,train
3029,train
3030,train
3031,train
3032,train
3033,train
3034,train
3035,train
3036,train
3037,train
3038,train
3039,train
3040,train
3041,train
3042,train
3043,train
3044,train
3045,train
3046,train
3047,train
3048,train
3049,train
3050,train
3051,train
3052,train
3053,train
3054,train
3055,train
3056,train
3057,train
3058,train
3059,train
3060,train
3061,train
3062,train
3063,train
3064,train
3065,train
3066,train
3067,train
3068,train
3069,train
3070,train
3071,train
3072,train
3073,train
3074,train
3075,train
3076,train
3077,train
3078,train
3079,train
3080,train
3081,train
3082,train
3083,train
3084,train
3085,train
3086,train
3087,train
3088,train
3089,train
3090,train
3091,train
3092,train
3093,train
3094,train
3095,train
3096,train
3097,train
3098,train
3099,train
3100,train
3101,train
3102,train
3103,train
3104,train
3105,train
3106,train
3107,train
3108,train
3109,train
3110,train
3111,train
3112,train
3113,train
3114,train
3115,train
3116,train
3117,train
3118,train
3119,train
3120,train
3121,train
3122,train
3123,train
3124,train
3125,train
3126,train
3127,train
3128,train
3129,train
3130,train
3131,train
3132,train
3133,train
3134,train
3135,train
3136,train
3137,train
3138,train
3139,train
3140,train
3141,train
3142,train
3143,train
3144,train
3145,train
3146,train
3147,train
3148,train
3149,train
3150,train
3151,train
3152,train
3153,train
3154,train
3155,train
3156,train
3157,train
3158,train
3159,train
3160,train
3161,train
3162,train
3163,train
3164,train
3165,train
3166,train
3167,train
3168,train
3169,train
3170,train
3171,train
3172,train
3173,train
3174,train
3175,train
3176,train
3177,train
3178,train
3179,train
3180,train
3181,train
3182,train
3183,train
3184,train
3185,train
3186,train
3187,train
3188,train
3189,train
3190,train
3191,train
3192,train
3193,train
3194,train
3195,train
3196,train
3197,train
3198,train
3199,train
3200,train
3201,train
3202,train
3203,train
3204,train
3205,train
3206,train
3207,train
3208,train
3209,train
3210,train
3211,train
3212,train
3213,train
3214,train
3215,train
3216,train
3217,train
3218,train
3219,train
3220,train
3221,train
3222,train
3223,train
3224,train
3225,train
3226,train
3227,train
3228,train
3229,train
3230,train
3231,train
3232,train
3233,train
3234,train
3235,train
3236,train
3237,train
3238,train
3239,train
3240,train
3241,train
3242,train
3243,train
3244,train
3245,train
3246,train
3247,train
3248,train
3249,train
3250,train
3251,train
3252,train
3253,train
3254,train
3255,train
3256,train
3257,train
3258,train
3259,train
3260,train
3261,train
3262,train
3263,train
3264,train
3265,train
3266,train
3267,train
3268,train
3269,train
3270,train
3271,train
3272,train
3273,train
3274,train
3275,train
3276,train
3277,train
3278,train
3279,train
3280,train
3281,train
3282,train
3283,train
3284,train
3285,train
3286,train
3287,train
3288,train
3289,train
3290,train
3291,train
3292,train
3293,train
3294,train
3295,train
3296,train
3297,train
3298,train
3299,train
3300,train
3301,train
3302,train
3303,train
3304,train
3305,train
3306,train
3307,train
3308,train
3309,train
3310,train
3311,train
3312,train
3313,train
3314,train
3315,train
3316,train
3317,train
3318,train
3319,train
3320,train
3321,train
3322,train
3323,train
3324,train
3325,train
3326,train
3327,train
3328,train
3329,train
3330,train
3331,train
3332,train
3333,train
3334,train
3335,train
3336,train
3337,train
3338,train
3339,train
3340,train
3341,train
3342,train
3343,train
3344,train
3345,train
3346,train
3347,train
3348,train
3349,train
3350,train
3351,train
3352,train
3353,train
3354,train
3355,train
3356,train
3357,train
3358,train
3359,train
3360,train
3361,train
3362,train
3363,train
3364,train
3365,train
3366,train
3367,train
3368,train
3369,train
3370,train
3371,train
3372,train
3373,train
3374,train
3375,train
3376,train
3377,train
3378,train
3379,train
3380,train
3381,train
3382,train
3383,train
3384,train
3385,train
3386,train
3387,train
3388,train
3389,train
3390,train
3391,train
3392,train
3393,train
3394,train
3395,train
3396,train
3397,train
3398,train
3399,train
3400,train
3401,train
3402,train
3403,train
3404,train
3405,train
3406,train
3407,train
3408,train
3409,train
3410,train
3411,train
3412,train
3413,train
3414,train
3415,train
3416,train
3417,train
3418,train
3419,train
3420,train
3421,train
3422,train
3423,train
3424,train
3425,train
3426,train
3427,train
3428,train
3429,train
3430,train
3431,train
3432,train
3433,train
3434,train
3435,train
3436,train
3437,train
3438,train
3439,train
3440,train
3441,train
3442,train
3443,train
3444,train
3445,train
3446,train
3447,train
3448,train
3449,train
3450,train
3451,train
3452,train
3453,train
3454,train
3455,train
3456,train
3457,train
3458,train
3459,train
3460,train
3461,train
3462,train
3463,train
3464,train
3465,train
3466,train
3467,train
3468,train
3469,train
3470,train
3471,train
3472,train
3473,train
3474,train
3475,train
3476,train
3477,train
3478,train
3479,train
3480,train
3481,train
3482,train
3483,train
3484,train
3485,train
3486,train
3487,train
3488,train
3489,train
3490,train
3491,train
3492,train
3493,train
3494,train
3495,train
3496,train
3497,train
3498,train
3499,train
3500,train
3501,train
3502,train
3503,train
3504,train
3505,train
3506,train
3507,train
3508,train
3509,train
3510,train
3511,train
3512,train
3513,train
3514,train
3515,train
3516,train
3517,train
3518,train
3519,train
3520,train
3521,train
3522,train
3523,train
3524,train
3525,train
3526,train
3527,train
3528,train
3529,train
3530,train
3531,train
3532,train
3533,train
3534,train
3535,train
3536,train
3537,train
3538,train
3539,train
3540,train
3541,train
3542,train
3543,train
3544,train
3545,train
3546,train
3547,train
3548,train
3549,train
3550,train
3551,train
3552,train
3553,train
3554,train
3555,train
3556,train
3557,train
3558,train
3559,train
3560,train
3561,train
3562,train
3563,train
3564,train
3565,train
3566,train
3567,train
3568,train
3569,train
3570,train
3571,train
3572,train
3573,train
3574,train
3575,train
3576,train
3577,train
3578,train
3579,train
3580,train
3581,train
3582,train
3583,train
3584,train
3585,train
3586,train
3587,train
3588,train
3589,train
3590,train
3591,train
3592,train
3593,train
3594,train
3595,train
3596,train
3597,train
3598,train
3599,train
3600,train
3601,train
3602,train
3603,train
3604,train
3605,train
3606,train
3607,train
3608,train
3609,train
3610,train
3611,train
3612,train
3613,train
3614,train
3615,train
3616,train
3617,train
3618,train
3619,train
3620,train
3621,train
3622,train
3623,train
3624,train
3625,train
3626,train
3627,train
3628,train
3629,train
3630,train
3631,train
3632,train
3633,train
3634,train
3635,train
3636,train
3637,train
3638,train
3639,train
3640,train
3641,train
3642,train
3643,train
3644,train
3645,train
3646,train
3647,train
3648,train
3649,train
3650,train
3651,train
3652,train
3653,train
3654,train
3655,train
3656,train
3657,train
3658,train
3659,train
3660,train
3661,train
3662,train
3663,train
3664,train
3665,train
3666,train
3667,train
3668,train
3669,train
3670,train
3671,train
3672,train
3673,train
3674,train
3675,train
3676,train
3677,train
3678,train
3679,train
3680,train
3681,train
3682,train
3683,train
3684,train
3685,train
3686,train
3687,train
3688,train
3689,train
3690,train
3691,train
3692,train
3693,train
3694,train
3695,train
3696,train
3697,train
3698,train
3699,train
3700,train
3701,train
3702,train
3703,train
3704,train
3705,train
3706,train
3707,train
3708,train
3709,train
3710,train
3711,train
3712,train
3713,train
3714,train
3715,train
3716,train
3717,train
3718,train
3719,train
3720,train
3721,train
3722,train
3723,train
3724,train
3725,train
3726,train
3727,train
3728,train
3729,train
3730,train
3731,train
3732,train
3733,train
3734,train
3735,train
3736,train
3737,train
3738,train
3739,train
3740,train
3741,train
3742,train
3743,train
3744,train
3745,train
3746,train
3747,train
3748,train
3749,train
3750,train
3751,train
3752,train
3753,train
3754,train
3755,train
3756,train
3757,train
3758,train
3759,train
3760,train
3761,train
3762,train
3763,train
3764,train
3765,train
3766,train
3767,train
3768,train
3769,train
3770,train
3771,train
3772,train
3773,train
3774,train
3775,train
3776,train
3777,train
3778,train
3779,train
3780,train
3781,train
3782,train
3783,train
3784,train
3785,train
3786,train
3787,train
3788,train
3789,train
3790,train
3791,train
3792,train
3793,train
3794,train
3795,train
3796,train
3797,train
3798,train
3799,train
3800,train
3801,train
3802,train
3803,train
3804,train
3805,train
3806,train
3807,train
3808,train
3809,train
3810,train
3811,train
3812,train
3813,train
3814,train
3815,train
3816,train
3817,train
3818,train
3819,train
3820,train
3821,train
3822,train
3823,train
3824,train
3825,train
3826,train
3827,train
3828,train
3829,train
3830,train
3831,train
3832,train
3833,train
3834,train
3835,train
3836,train
3837,train
3838,train
3839,train
3840,train
3841,train
3842,train
3843,train
3844,train
3845,train
3846,train
3847,train
3848,train
3849,train
3850,train
3851,train
3852,train
3853,train
3854,train
3855,train
3856,train
3857,train
3858,train
3859,train
3860,train
3861,train
3862,train
3863,train
3864,train
3865,train
3866,train
3867,train
3868,train
3869,train
3870,train
3871,train
3872,train
3873,train
3874,train
3875,train
3876,train
3877,train
3878,train
3879,train
3880,train
3881,train
3882,train
3883,train
3884,train
3885,train
3886,train
3887,train
3888,train
3889,train
3890,train
3891,train
3892,train
3893,train
3894,train
3895,train
3896,train
3897,train
3898,train
3899,train
3900,train
3901,train
3902,train
3903,train
3904,train
3905,train
3906,train
3907,train
3908,train
3909,train
3910,train
3911,train
3912,train
3913,train
3914,train
3915,train
3916,train
3917,train
3918,train
3919,train
3920,train
3921,train
3922,train
3923,train
3924,train
3925,train
3926,train
3927,train
3928,train
3929,train
3930,train
3931,train
3932,train
3933,train
3934,train
3935,train
3936,train
3937,train
3938,train
3939,train
3940,train
3941,train
3942,train
3943,train
3944,train
3945,train
3946,train
3947,train
3948,train
3949,train
3950,train
3951,train
3952,train
3953,train
3954,train
3955,train
3956,train
3957,train
3958,train
3959,train
3960,train
3961,train
3962,train
3963,train
3964,train
3965,train
3966,train
3967,train
3968,train
3969,train
3970,train
3971,train
3972,train
3973,train
3974,train
3975,train
3976,train
3977,train
3978,train
3979,train
3980,train
3981,train
3982,train
3983,train
3984,train
3985,train
3986,train
3987,train
3988,train
3989,train
3990,train
3991,train
3992,train
3993,train
3994,train
3995,train
3996,train
3997,train
3998,train
3999,train
4000,train
4001,train
4002,train
4003,train
4004,train
4005,train
4006,train
4007,train
4008,train
4009,train
4010,train
4011,train
4012,train
4013,train
4014,train
4015,train
4016,train
4017,train
4018,train
4019,train
4020,train
4021,train
4022,train
4023,train
4024,train
4025,train
4026,train
4027,train
4028,train
4029,train
4030,train
4031,train
4032,train
4033,train
4034,train
4035,train
4036,train
4037,train
4038,train
4039,train
4040,train
4041,train
4042,train
4043,train
4044,train
4045,train
4046,train
4047,train
4048,train
4049,train
4050,train
4051,train
4052,train
4053,train
4054,train
4055,train
4056,train
4057,train
4058,train
4059,train
4060,train
4061,train
4062,train
4063,train
4064,train
4065,train
4066,train
4067,train
4068,train
4069,train
4070,train
4071,train
4072,train
4073,train
4074,train
4075,train
4076,train
4077,train
4078,train
4079,train
4080,train
4081,train
4082,train
4083,train
4084,train
4085,train
4086,train
4087,train
4088,train
4089,train
4090,train
4091,train
4092,train
4093,train
4094,train
4095,train
4096,train
4097,train
4098,train
4099,train
4100,train
4101,train
4102,train
4103,train
4104,train
4105,train
4106,train
4107,train
4108,train
4109,train
4110,train
4111,train
4112,train
4113,train
4114,train
4115,train
4116,train
4117,train
4118,train
4119,train
4120,train
4121,train
4122,train
4123,train
4124,train
4125,train
4126,train
4127,train
4128,train
4129,train
4130,train
4131,train
4132,train
4133,train
4134,train
4135,train
4136,train
4137,train
4138,train
4139,train
4140,train
4141,train
4142,train
4143,train
4144,train
4145,train
4146,train
4147,train
4148,train
4149,train
4150,train
4151,train
4152,train
4153,train
4154,train
4155,train
4156,train
4157,train
4158,train
4159,train
4160,train
4161,train
4162,train
4163,train
4164,train
4165,train
4166,train
4167,train
4168,train
4169,train
4170,train
4171,train
4172,train
4173,train
4174,train
4175,train
4176,train
4177,train
4178,train
4179,train
4180,train
4181,train
4182,train
4183,train
4184,train
4185,train
4186,train
4187,train
4188,train
4189,train
4190,train
4191,train
4192,train
4193,train
4194,train
4195,train
4196,train
4197,train
4198,train
4199,train
4200,train
4201,train
4202,train
4203,train
4204,train
4205,train
4206,train
4207,train
4208,train
4209,train
4210,train
4211,train
4212,train
4213,train
4214,train
4215,train
4216,train
4217,train
4218,train
4219,train
4220,train
4221,train
4222,train
4223,train
4224,train
4225,train
4226,train
4227,train
4228,train
4229,train
4230,train
4231,train
4232,train
4233,train
4234,train
4235,train
4236,train
4237,train
4238,train
4239,train
4240,train
4241,train
4242,train
4243,train
4244,train
4245,train
4246,train
4247,train
4248,train
4249,train
4250,train
4251,train
4252,train
4253,train
4254,train
4255,train
4256,train
4257,train
4258,train
4259,train
4260,train
4261,train
4262,train
4263,train
4264,train
4265,train
4266,train
4267,train
4268,train
4269,train
4270,train
4271,train
4272,train
4273,train
4274,train
4275,train
4276,train
4277,train
4278,train
4279,train
4280,train
4281,train
4282,train
4283,train
4284,train
4285,train
4286,train
4287,train
4288,train
4289,train
4290,train
4291,train
4292,train
4293,train
4294,train
4295,train
4296,train
4297,train
4298,train
4299,train
4300,train
4301,train
4302,train
4303,train
4304,train
4305,train
4306,train
4307,train
4308,train
4309,train
4310,train
4311,train
4312,train
4313,train
4314,train
4315,train
4316,train
4317,train
4318,train
4319,train
4320,train
4321,train
4322,train
4323,train
4324,train
4325,train
4326,train
4327,train
4328,train
4329,train
4330,train
4331,train
4332,train
4333,train
4334,train
4335,train
4336,train
4337,train
4338,train
4339,train
4340,train
4341,train
4342,train
4343,train
4344,train
4345,train
4346,train
4347,train
4348,train
4349,train
4350,train
4351,train
4352,train
4353,train
4354,train
4355,train
4356,train
4357,train
4358,train
4359,train
4360,train
4361,train
4362,train
4363,train
4364,train
4365,train
4366,train
4367,train
4368,train
4369,train
4370,train
4371,train
4372,train
4373,train
4374,train
4375,train
4376,train
4377,train
4378,train
4379,train
4380,train
4381,train
4382,train
4383,train
4384,train
4385,train
4386,train
4387,train
4388,train
4389,train
4390,train
4391,train
4392,train
4393,train
4394,train
4395,train
4396,train
4397,train
4398,train
4399,train
4400,train
4401,train
4402,train
4403,train
4404,train
4405,train
4406,train
4407,train
4408,train
4409,train
4410,train
4411,train
4412,train
4413,train
4414,train
4415,train
4416,train
4417,train
4418,train
4419,train
4420,train
4421,train
4422,train
4423,train
4424,train
4425,train
4426,train
4427,train
4428,train
4429,train
4430,train
4431,train
4432,train
4433,train
4434,train
4435,train
4436,train
4437,train
4438,train
4439,train
4440,train
4441,train
4442,train
4443,train
4444,train
4445,train
4446,train
4447,train
4448,train
4449,train
4450,train
4451,train
4452,train
4453,train
4454,train
4455,train
4456,train
4457,train
4458,train
4459,train
4460,train
4461,train
4462,train
4463,train
4464,train
4465,train
4466,train
4467,train
4468,train
4469,train
4470,train
4471,train
4472,train
4473,train
4474,train
4475,train
4476,train
4477,train
4478,train
4479,train
4480,train
4481,train
4482,train
4483,train
4484,train
4485,train
4486,train
4487,train
4488,train
4489,train
4490,train
4491,train
4492,train
4493,train
4494,train
4495,train
4496,train
4497,train
4498,train
4499,train
4500,train
4501,train
4502,train
4503,train
4504,train
4505,train
4506,train
4507,train
4508,train
4509,train
4510,train
4511,train
4512,train
4513,train
4514,train
4515,train
4516,train
4517,train
4518,train
4519,train
4520,train
4521,train
4522,train
4523,train
4524,train
4525,train
4526,train
4527,train
4528,train
4529,train
4530,train
4531,train
4532,train
4533,train
4534,train
4535,train
4536,train
4537,train
4538,train
4539,train
4540,train
4541,train
4542,train
4543,train
4544,train
4545,train
4546,train
4547,train
4548,train
4549,train
4550,train
4551,train
4552,train
4553,train
4554,train
4555,train
4556,train
4557,train
4558,train
4559,train
4560,train
4561,train
4562,train
4563,train
4564,train
4565,train
4566,train
4567,train
4568,train
4569,train
4570,train
4571,train
4572,train
4573,train
4574,train
4575,train
4576,train
4577,train
4578,train
4579,train
4580,train
4581,train
4582,train
4583,train
4584,train
4585,train
4586,train
4587,train
4588,train
4589,train
4590,train
4591,train
4592,train
4593,train
4594,train
4595,train
4596,train
4597,train
4598,train
4599,train
4600,train
4601,train
4602,train
4603,train
4604,train
4605,train
4606,train
4607,train
4608,train
4609,train
4610,train
4611,train
4612,train
4613,train
4614,train
4615,train
4616,train
4617,train
4618,train
4619,train
4620,train
4621,train
4622,train
4623,train
4624,train
4625,train
4626,train
4627,train
4628,train
4629,train
4630,train
4631,train
4632,train
4633,train
4634,train
4635,train
4636,train
4637,train
4638,train
4639,train
4640,train
4641,train
4642,train
4643,train
4644,train
4645,train
4646,train
4647,train
4648,train
4649,train
4650,train
4651,train
4652,train
4653,train
4654,train
4655,train
4656,train
4657,train
4658,train
4659,train
4660,train
4661,train
4662,train
4663,train
4664,train
4665,train
4666,train
4667,train
4668,train
4669,train
4670,train
4671,train
4672,train
4673,train
4674,train
4675,train
4676,train
4677,train
4678,train
4679,train
4680,train
4681,train
4682,train
4683,train
4684,train
4685,train
4686,train
4687,train
4688,train
4689,train
4690,train
4691,train
4692,train
4693,train
4694,train
4695,train
4696,train
4697,train
4698,train
4699,train
4700,train
4701,train
4702,train
4703,train
4704,train
4705,train
4706,train
4707,train
4708,train
4709,train
4710,train
4711,train
4712,train
4713,train
4714,train
4715,train
4716,train
4717,train
4718,train
4719,train
4720,train
4721,train
4722,train
4723,train
4724,train
4725,train
4726,train
4727,train
4728,train
4729,train
4730,train
4731,train
4732,train
4733,train
4734,train
4735,train
4736,train
4737,train
4738,train
4739,train
4740,train
4741,train
4742,train
4743,train
4744,train
4745,train
4746,train
4747,train
4748,train
4749,train
4750,train
4751,train
4752,train
4753,train
4754,train
4755,train
4756,train
4757,train
4758,train
4759,train
4760,train
4761,train
4762,train
4763,train
4764,train
4765,train
4766,train
4767,train
4768,train
4769,train
4770,train
4771,train
4772,train
4773,train
4774,train
4775,train
4776,train
4777,train
4778,train
4779,train
4780,train
4781,train
4782,train
4783,train
4784,train
4785,train
4786,train
4787,train
4788,train
4789,train
4790,train
4791,train
4792,train
4793,train
4794,train
4795,train
4796,train
4797,train
4798,train
4799,train
4800,train
4801,train
4802,train
4803,train
4804,train
4805,train
4806,train
4807,train
4808,train
4809,train
4810,train
4811,train
4812,train
4813,train
4814,train
4815,train
4816,train
4817,train
4818,train
4819,train
4820,train
4821,train
4822,train
4823,train
4824,train
4825,train
4826,train
4827,train
4828,train
4829,train
4830,train
4831,train
4832,train
4833,train
4834,train
4835,train
4836,train
4837,train
4838,train
4839,train
4840,train
4841,train
4842,train
4843,train
4844,train
4845,train
4846,train
4847,train
4848,train
4849,train
4850,train
4851,train
4852,train
4853,train
4854,train
4855,train
4856,train
4857,train
4858,train
4859,train
4860,train
4861,train
4862,train
4863,train
4864,train
4865,train
4866,train
4867,train
4868,train
4869,train
4870,train
4871,train
4872,train
4873,train
4874,train
4875,train
4876,train
4877,train
4878,train
4879,train
4880,train
4881,train
4882,train
4883,train
4884,train
4885,train
4886,train
4887,train
4888,train
4889,train
4890,train
4891,train
4892,train
4893,train
4894,train
4895,train
4896,train
4897,train
4898,train
4899,train
4900,train
4901,train
4902,train
4903,train
4904,train
4905,train
4906,train
4907,train
4908,train
4909,train
4910,train
4911,train
4912,train
4913,train
4914,train
4915,train
4916,train
4917,train
4918,train
4919,train
4920,train
4921,train
4922,train
4923,train
4924,train
4925,train
4926,train
4927,train
4928,train
4929,train
4930,train
4931,train
4932,train
4933,train
4934,train
4935,train
4936,train
4937,train
4938,train
4939,train
4940,train
4941,train
4942,train
4943,train
4944,train
4945,train
4946,train
4947,train
4948,train
4949,train
4950,train
4951,train
4952,train
4953,train
4954,train
4955,train
4956,train
4957,train
4958,train
4959,train
4960,train
4961,train
4962,train
4963,train
4964,train
4965,train
4966,train
4967,train
4968,train
4969,train
4970,train
4971,train
4972,train
4973,train
4974,train
4975,train
4976,train
4977,train
4978,train
4979,train
4980,train
4981,train
4982,train
4983,train
4984,train
4985,train
4986,train
4987,train
4988,train
4989,train
4990,train
4991,train
4992,train
4993,train
4994,train
4995,train
4996,train
4997,train
4998,train
4999,train
5000,train
5001,train
5002,train
5003,train
5004,train
5005,train
5006,train
5007,train
5008,train
5009,train
5010,train
5011,train
5012,train
5013,train
5014,train
5015,train
5016,train
5017,train
5018,train
5019,train
5020,train
5021,train
5022,train
5023,train
5024,train
5025,train
5026,train
5027,train
5028,train
5029,train
5030,train
5031,train
5032,train
5033,train
5034,train
5035,train
5036,train
5037,train
5038,train
5039,train
5040,train
5041,train
5042,train
5043,train
5044,train
5045,train
5046,train
5047,train
5048,train
5049,train
5050,train
5051,train
5052,train
5053,train
5054,train
5055,train
5056,train
5057,train
5058,train
5059,train
5060,train
5061,train
5062,train
5063,train
5064,train
5065,train
5066,train
5067,train
5068,train
5069,train
5070,train
5071,train
5072,train
5073,train
5074,train
5075,train
5076,train
5077,train
5078,train
5079,train
5080,train
5081,train
5082,train
5083,train
5084,train
5085,train
5086,train
5087,train
5088,train
5089,train
5090,train
5091,train
5092,train
5093,train
5094,train
5095,train
5096,train
5097,train
5098,train
5099,train
5100,train
5101,train
5102,train
5103,train
5104,train
5105,train
5106,train
5107,train
5108,train
5109,train
5110,train
5111,train
5112,train
5113,train
5114,train
5115,train
5116,train
5117,train
5118,train
5119,train
5120,train
5121,train
5122,train
5123,train
5124,train
5125,train
5126,train
5127,train
5128,train
5129,train
5130,train
5131,train
5132,train
5133,train
5134,train
5135,train
5136,train
5137,train
5138,train
5139,train
5140,train
5141,train
5142,train
5143,train
5144,train
5145,train
5146,train
5147,train
5148,train
5149,train
5150,train
5151,train
5152,train
5153,train
5154,train
5155,train
5156,train
5157,train
5158,train
5159,train
5160,train
5161,train
5162,train
5163,train
5164,train
5165,train
5166,train
5167,train
5168,train
5169,train
5170,train
5171,train
5172,train
5173,train
5174,train
5175,train
5176,train
5177,train
5178,train
5179,train
5180,train
5181,train
5182,train
5183,train
5184,train
5185,train
5186,train
5187,train
5188,train
5189,train
5190,train
5191,train
5192,train
5193,train
5194,train
5195,train
5196,train
5197,train
5198,train
5199,train
5200,train
5201,train
5202,train
5203,train
5204,train
5205,train
5206,train
5207,train
5208,train
5209,train
5210,train
5211,train
5212,train
5213,train
5214,train
5215,train
5216,train
5217,train
5218,train
5219,train
5220,train
5221,train
5222,train
5223,train
5224,train
5225,train
5226,train
5227,train
5228,train
5229,train
5230,train
5231,train
5232,train
5233,train
5234,train
5235,train
5236,train
5237,train
5238,train
5239,train
5240,train
5241,train
5242,train
5243,train
5244,train
5245,train
5246,train
5247,train
5248,train
5249,train
5250,train
5251,train
5252,train
5253,train
5254,train
5255,train
5256,train
5257,train
5258,train
5259,train
5260,train
5261,train
5262,train
5263,train
5264,train
5265,train
5266,train
5267,train
5268,train
5269,train
5270,train
5271,train
5272,train
5273,train
5274,train
5275,train
5276,train
5277,train
5278,train
5279,train
5280,train
5281,train
5282,train
5283,train
5284,train
5285,train
5286,train
5287,train
5288,train
5289,train
5290,train
5291,train
5292,train
5293,train
5294,train
5295,train
5296,train
5297,train
5298,train
5299,train
5300,train
5301,train
5302,train
5303,train
5304,train
5305,train
5306,train
5307,train
5308,train
5309,train
5310,train
5311,train
5312,train
5313,train
5314,train
5315,train
5316,train
5317,train
5318,train
5319,train
5320,train
5321,train
5322,train
5323,train
5324,train
5325,train
5326,train
5327,train
5328,train
5329,train
5330,train
5331,train
5332,train
5333,train
5334,train
5335,train
5336,train
5337,train
5338,train
5339,train
5340,train
5341,train
5342,train
5343,train
5344,train
5345,train
5346,train
5347,train
5348,train
5349,train
5350,train
5351,train
5352,train
5353,train
5354,train
5355,train
5356,train
5357,train
5358,train
5359,train
5360,train
5361,train
5362,train
5363,train
5364,train
5365,train
5366,train
5367,train
5368,train
5369,train
5370,train
5371,train
5372,train
5373,train
5374,train
5375,train
5376,train
5377,train
5378,train
5379,train
5380,train
5381,train
5382,train
5383,train
5384,train
5385,train
5386,train
5387,train
5388,train
5389,train
5390,train
5391,train
5392,train
5393,train
5394,train
5395,train
5396,train
5397,train
5398,train
5399,train
5400,train
5401,train
5402,train
5403,train
5404,train
5405,train
5406,train
5407,train
5408,train
5409,train
5410,train
5411,train
5412,train
5413,train
5414,train
5415,train
5416,train
5417,train
5418,train
5419,train
5420,train
5421,train
5422,train
5423,train
5424,train
5425,train
5426,train
5427,train
5428,train
5429,train
5430,train
5431,train
5432,train
5433,train
5434,train
5435,train
5436,train
5437,train
5438,train
5439,train
5440,train
5441,train
5442,train
5443,train
5444,train
5445,train
5446,train
5447,train
5448,train
5449,train
5450,train
5451,train
5452,train
5453,train
5454,train
5456,train
5458,train
5459,train
5460,train
5462,train
5466,train
5470,train
5471,train
5472,train
5478,train
5481,train
5482,train
5483,train
5485,train
5486,train
5487,train
5490,train
5495,train
5499,train
5502,train
5503,train
5505,train
5511,train
5512,train
5513,train
5518,train
5520,train
5522,train
5526,train
5527,train
5528,train
5529,train
5531,train
5532,train
5539,train
5543,train
5544,train
5545,train
5547,train
5551,train
5552,train
5555,train
5559,train
5562,train
5565,train
5566,train
5568,train
5570,train
5572,train
5574,train
5578,train
5583,train
5584,train
5585,train
5586,train
5587,train
5590,train
5591,train
5594,train
5595,train
5596,train
5597,train
5598,train
5600,train
5601,train
5603,train
5604,train
5606,train
5609,train
5611,train
5612,train
5614,train
5617,train
5618,train
5620,train
5622,train
5623,train
5624,train
5627,train
5628,train
5629,train
5630,train
5632,train
5633,train
5637,train
5638,train
5639,train
5641,train
5643,train
5645,train
5647,train
5649,train
5650,train
5651,train
5655,train
5657,train
5658,train
5659,train
5661,train
5662,train
5664,train
5666,train
5667,train
5669,train
5671,train
5672,train
5676,train
5677,train
5678,train
5679,train
5682,train
5683,train
5684,train
5687,train
5688,train
5691,train
5692,train
5694,train
5696,train
5698,train
5699,train
5701,train
5703,train
5704,train
5706,train
5709,train
5712,train
5713,train
5714,train
5715,train
5720,train
5721,train
5725,train
5731,train
5734,train
5735,train
5736,train
5737,train
5740,train
5744,train
5745,train
5747,train
5749,train
5753,train
5756,train
5762,train
5763,train
5765,train
5771,train
5772,train
5775,train
5776,train
5780,train
5781,train
5784,train
5785,train
5787,train
5788,train
5791,train
5795,train
5796,train
5797,train
5798,train
5799,train
5800,train
5801,train
5802,train
5803,train
5804,train
5805,train
5806,train
5808,train
5810,train
5811,train
5814,train
5815,train
5818,train
5820,train
5822,train
5824,train
5825,train
5826,train
5838,train
5843,train
5846,train
5847,train
5849,train
5850,train
5852,train
5855,train
5856,train
5858,train
5860,train
5863,train
5864,train
5866,train
5867,train
5869,train
5870,train
5871,train
5873,train
5876,train
5878,train
5879,train
5880,train
5881,train
5883,train
5884,train
5886,train
5890,train
5891,train
5892,train
5894,train
5896,train
5904,train
5906,train
5907,train
5911,train
5912,train
5913,train
5914,train
5918,train
5920,train
5922,train
5923,train
5928,train
5930,train
5932,train
5934,train
5936,train
5944,train
5946,train
5947,train
5948,train
5952,train
5953,train
5954,train
5955,train
5957,train
5958,train
5962,train
5966,train
5967,train
5969,train
5971,train
5972,train
5974,train
5977,train
5979,train
5982,train
5983,train
5986,train
5987,train
5990,train
5991,train
5992,train
5995,train
5996,train
5997,train
5998,train
5999,train
6000,train
6006,train
6008,train
6015,train
6018,train
6020,train
6023,train
6024,train
6026,train
6028,train
6030,train
6031,train
6032,train
6034,train
6035,train
6036,train
6037,train
6040,train
6043,train
6044,train
6045,train
6046,train
6049,train
6051,train
6054,train
6055,train
6056,train
6061,train
6062,train
6064,train
6066,train
6069,train
6070,train
6072,train
6074,train
6075,train
6080,train
6081,train
6082,train
6084,train
6086,train
6087,train
6090,train
6092,train
6093,train
6096,train
6097,train
6099,train
6101,train
6104,train
6106,train
6110,train
6112,train
6113,train
6114,train
6115,train
6116,train
6117,train
6118,train
6120,train
6121,train
6126,train
6127,train
6128,train
6130,train
6131,train
6132,train
6133,train
6134,train
6135,train
6136,train
6141,train
6142,train
6145,train
6148,train
6152,train
6154,train
6157,train
6158,train
6159,train
6161,train
6164,train
6165,train
6166,train
6167,train
6170,train
6173,train
6174,train
6175,train
6176,train
6179,train
6180,train
6183,train
6186,train
6187,train
6188,train
6194,train
6197,train
6198,train
6202,train
6205,train
6209,train
6211,train
6213,train
6215,train
6216,train
6217,train
6219,train
6223,train
6225,train
6226,train
6227,train
6228,train
6229,train
6232,train
6233,train
6235,train
6236,train
6238,train
6239,train
6240,train
6242,train
6244,train
6248,train
6253,train
6254,train
6257,train
6262,train
6265,train
6266,train
6267,train
6271,train
6278,train
6281,train
6286,train
6287,train
6288,train
6293,train
6294,train
6297,train
6300,train
6303,train
6304,train
6308,train
6309,train
6313,train
6314,train
6321,train
6322,train
6323,train
6324,train
6326,train
6329,train
6330,train
6331,train
6333,train
6336,train
6337,train
6340,train
6342,train
6343,train
6344,train
6345,train
6346,train
6349,train
6350,train
6351,train
6352,train
6357,train
6363,train
6364,train
6366,train
6367,train
6369,train
6372,train
6375,train
6378,train
6379,train
6380,train
6381,train
6382,train
6383,train
6385,train
6389,train
6390,train
6392,train
6396,train
6401,train
6402,train
6403,train
6407,train
6408,train
6409,train
6410,train
6412,train
6415,train
6417,train
6419,train
6420,train
6422,train
6427,train
6429,train
6430,train
6432,train
6436,train
6442,train
6443,train
6445,train
6450,train
6451,train
6458,train
6459,train
6460,train
6466,train
6470,train
6476,train
6477,train
6481,train
6483,train
6484,train
6485,train
6489,train
6490,train
6493,train
6496,train
6498,train
6499,train
6502,train
6507,train
6509,train
6510,train
6514,train
6515,train
6516,train
6517,train
6523,train
6529,train
6531,train
6533,train
6534,train
6537,train
6538,train
6540,train
6542,train
6544,train
6545,train
6546,train
6548,train
6549,train
6550,train
6552,train
6554,train
6561,train
6565,train
6569,train
6570,train
6574,train
6577,train
6579,train
6580,train
6584,train
6586,train
6587,train
6588,train
6591,train
6600,train
6601,train
6602,train
6603,train
6605,train
6607,train
6609,train
6611,train
6614,train
6615,train
6616,train
6619,train
6620,train
6630,train
6633,train
6635,train
6643,train
6647,train
6649,train
6652,train
6653,train
6655,train
6656,train
6657,train
6660,train
6662,train
6663,train
6665,train
6666,train
6669,train
6672,train
6677,train
6680,train
6682,train
6683,train
6684,train
6688,train
6690,train
6692,train
6695,train
6696,train
6697,train
6701,train
6702,train
6703,train
6705,train
6706,train
6707,train
6708,train
6711,train
6712,train
6713,train
6714,train
6715,train
6716,train
6718,train
6720,train
6721,train
6725,train
6727,train
6729,train
6731,train
6735,train
6738,train
6740,train
6741,train
6743,train
6744,train
6745,train
6754,train
6755,train
6756,train
6758,train
6761,train
6762,train
6766,train
6768,train
6774,train
6776,train
6777,train
6780,train
6783,train
6784,train
6789,train
6790,train
6796,train
6798,train
6800,train
6803,train
6804,train
6806,train
6807,train
6808,train
6809,train
6813,train
6817,train
6818,train
6819,train
6820,train
6823,train
6824,train
6825,train
6826,train
6827,train
6828,train
6830,train
6831,train
6832,train
6835,train
6837,train
6838,train
6839,train
6845,train
6847,train
6848,train
6850,train
6851,train
6855,train
6856,train
6857,train
6858,train
6859,train
6860,train
6862,train
6864,train
6865,train
6867,train
6869,train
6872,train
6873,train
6874,train
6879,train
6885,train
6886,train
6887,train
6889,train
6891,train
6892,train
6895,train
6897,train
6898,train
6900,train
6901,train
6905,train
6907,train
6908,train
6912,train
6916,train
6917,train
6920,train
6923,train
6924,train
6925,train
6928,train
6929,train
6931,train
6934,train
6936,train
6937,train
6941,train
6943,train
6945,train
6947,train
6951,train
6952,train
6956,train
6957,train
6958,train
6966,train
6968,train
6971,train
6972,train
6973,train
6976,train
6977,train
6978,train
6979,train
6980,train
6982,train
6984,train
6985,train
6986,train
6987,train
6988,train
6990,train
6992,train
6993,train
6994,train
6997,train
6999,train
7002,train
7006,train
7008,train
7009,train
7010,train
7012,train
7014,train
7016,train
7023,train
7024,train
7025,train
7031,train
7034,train
7036,train
7037,train
7039,train
7042,train
7043,train
7044,train
7046,train
7053,train
7059,train
7064,train
7065,train
7066,train
7071,train
7072,train
7073,train
7076,train
7077,train
7078,train
7080,train
7086,train
7089,train
7090,train
7094,train
7095,train
7100,train
7102,train
7104,train
7109,train
7111,train
7115,train
7116,train
7119,train
7120,train
7121,train
7122,train
7123,train
7125,train
7132,train
7134,train
7137,train
7140,train
7145,train
7147,train
7148,train
7151,train
7153,train
7155,train
7157,train
7161,train
7163,train
7164,train
7165,train
7169,train
7171,train
7172,train
7177,train
7178,train
7180,train
7183,train
7184,train
7185,train
7187,train
7188,train
7189,train
7190,train
7191,train
7194,train
7195,train
7199,train
7201,train
7202,train
7205,train
7209,train
7210,train
7211,train
7213,train
7214,train
7216,train
7217,train
7221,train
7222,train
7228,train
7229,train
7231,train
7233,train
7239,train
7243,train
7246,train
7247,train
7252,train
7253,train
7255,train
7256,train
7257,train
7259,train
7260,train
7262,train
7265,train
7271,train
7274,train
7275,train
7276,train
7277,train
7280,train
7283,train
7284,train
7285,train
7287,train
7288,train
7290,train
7291,train
7293,train
7295,train
7296,train
7300,train
7307,train
7310,train
7312,train
7316,train
7318,train
7319,train
7320,train
7321,train
7322,train
7324,train
7325,train
7328,train
7331,train
7332,train
7335,train
7336,train
7338,train
7342,train
7344,train
7346,train
7348,train
7349,train
7350,train
7351,train
7358,train
7360,train
7364,train
7371,train
7374,train
7375,train
7376,train
7377,train
7379,train
7381,train
7385,train
7386,train
7387,train
7388,train
7394,train
7395,train
7396,train
7398,train
7400,train
7401,train
7402,train
7403,train
7404,train
7405,train
7406,train
7409,train
7414,train
7416,train
7417,train
7419,train
7420,train
7421,train
7422,train
7425,train
7426,train
7427,train
7429,train
7431,train
7434,train
7435,train
7439,train
7444,train
7446,train
7447,train
7450,train
7453,train
7460,train
7462,train
7463,train
7464,train
7465,train
7466,train
7467,train
7468,train
7471,train
7474,train
7475,train
7477,train
7481,train
7483,train
7485,train
7486,train
7489,train
7491,train
7493,train
7496,train
7497,train
7498,train
7499,train
7501,train
7504,train
7507,train
7509,train
7512,train
7513,train
7514,train
7515,train
7518,train
7521,train
7524,train
7525,train
7527,train
7529,train
7530,train
7535,train
7536,train
7540,train
7543,train
7546,train
7548,train
7550,train
7552,train
7553,train
7554,train
7555,train
7557,train
7561,train
7564,train
7565,train
7566,train
7567,train
7568,train
7569,train
7571,train
7572,train
7573,train
7574,train
7575,train
7577,train
7578,train
7584,train
7587,train
7588,train
7589,train
7594,train
7595,train
7602,train
7603,train
7605,train
7610,train
7613,train
7617,train
7619,train
7620,train
7621,train
7623,train
7624,train
7626,train
7630,train
7633,train
7635,train
7636,train
7637,train
7638,train
7639,train
7641,train
7642,train
7643,train
7645,train
7649,train
7651,train
7654,train
7655,train
7657,train
7659,train
7660,train
7664,train
7665,train
7666,train
7669,train
7670,train
7673,train
7674,train
7675,train
7677,train
7678,train
7679,train
7680,train
7682,train
7684,train
7685,train
7686,train
7687,train
7690,train
7693,train
7694,train
7696,train
7700,train
7703,train
7704,train
7707,train
7710,train
7711,train
7712,train
7713,train
7714,train
7715,train
7716,train
7718,train
7719,train
7722,train
7725,train
7726,train
7734,train
7735,train
7736,train
7739,train
7741,train
7743,train
7745,train
7747,train
7749,train
7751,train
7754,train
7759,train
7760,train
7761,train
7767,train
7768,train
7770,train
7771,train
7774,train
7782,train
7784,train
7790,train
7793,train
7797,train
7798,train
7799,train
7803,train
7805,train
7806,train
7807,train
7810,train
7816,train
7818,train
7820,train
7822,train
7825,train
7826,train
7827,train
7828,train
7829,train
7831,train
7836,train
7837,train
7844,train
7845,train
7846,train
7847,train
7852,train
7853,train
7854,train
7855,train
7858,train
7860,train
7863,train
7865,train
7867,train
7869,train
7877,train
7879,train
7881,train
7883,train
7885,train
7886,train
7890,train
7892,train
7893,train
7894,train
7895,train
7896,train
7897,train
7900,train
7901,train
7902,train
7905,train
7908,train
7909,train
7911,train
7916,train
7921,train
7922,train
7923,train
7924,train
7925,train
7927,train
7928,train
7930,train
7933,train
7934,train
7937,train
7943,train
7947,train
7949,train
7953,train
7955,train
7956,train
7960,train
7962,train
7964,train
7965,train
7972,train
7978,train
7980,train
5455,validation
5457,validation
5461,validation
5465,validation
5468,validation
5469,validation
5473,validation
5474,validation
5475,validation
5476,validation
5477,validation
5480,validation
5484,validation
5488,validation
5489,validation
5491,validation
5492,validation
5493,validation
5496,validation
5498,validation
5500,validation
5501,validation
5504,validation
5506,validation
5508,validation
5514,validation
5516,validation
5517,validation
5519,validation
5521,validation
5523,validation
5524,validation
5525,validation
5530,validation
5534,validation
5535,validation
5536,validation
5538,validation
5540,validation
5541,validation
5546,validation
5549,validation
5550,validation
5553,validation
5558,validation
5560,validation
5561,validation
5563,validation
5564,validation
5567,validation
5569,validation
5571,validation
5573,validation
5575,validation
5577,validation
5580,validation
5581,validation
5582,validation
5588,validation
5589,validation
5592,validation
5593,validation
5599,validation
5602,validation
5605,validation
5607,validation
5610,validation
5613,validation
5615,validation
5619,validation
5621,validation
5626,validation
5631,validation
5634,validation
5635,validation
5636,validation
5642,validation
5646,validation
5652,validation
5653,validation
5654,validation
5660,validation
5665,validation
5670,validation
5674,validation
5675,validation
5680,validation
5681,validation
5685,validation
5686,validation
5689,validation
5690,validation
5693,validation
5695,validation
5700,validation
5702,validation
5705,validation
5708,validation
5710,validation
5711,validation
5717,validation
5718,validation
5719,validation
5722,validation
5723,validation
5726,validation
5728,validation
5729,validation
5730,validation
5732,validation
5733,validation
5738,validation
5741,validation
5743,validation
5748,validation
5750,validation
5751,validation
5752,validation
5754,validation
5757,validation
5758,validation
5759,validation
5760,validation
5761,validation
5764,validation
5766,validation
5767,validation
5769,validation
5770,validation
5773,validation
5774,validation
5777,validation
5779,validation
5782,validation
5783,validation
5789,validation
5792,validation
5793,validation
5794,validation
5807,validation
5809,validation
5813,validation
5816,validation
5817,validation
5819,validation
5821,validation
5828,validation
5830,validation
5832,validation
5833,validation
5834,validation
5835,validation
5836,validation
5837,validation
5839,validation
5840,validation
5841,validation
5844,validation
5845,validation
5848,validation
5851,validation
5854,validation
5857,validation
5861,validation
5865,validation
5868,validation
5872,validation
5874,validation
5885,validation
5888,validation
5893,validation
5898,validation
5899,validation
5900,validation
5901,validation
5902,validation
5905,validation
5908,validation
5909,validation
5910,validation
5915,validation
5916,validation
5917,validation
5919,validation
5924,validation
5925,validation
5926,validation
5927,validation
5929,validation
5931,validation
5933,validation
5935,validation
5937,validation
5940,validation
5942,validation
5943,validation
5945,validation
5950,validation
5959,validation
5960,validation
5961,validation
5963,validation
5964,validation
5965,validation
5970,validation
5973,validation
5976,validation
5981,validation
5985,validation
5988,validation
5989,validation
5994,validation
6001,validation
6002,validation
6005,validation
6007,validation
6009,validation
6013,validation
6014,validation
6016,validation
6017,validation
6021,validation
6022,validation
6025,validation
6027,validation
6029,validation
6033,validation
6039,validation
6041,validation
6048,validation
6052,validation
6053,validation
6057,validation
6058,validation
6060,validation
6063,validation
6068,validation
6071,validation
6073,validation
6077,validation
6078,validation
6079,validation
6083,validation
6085,validation
6088,validation
6089,validation
6091,validation
6094,validation
6095,validation
6098,validation
6102,validation
6103,validation
6107,validation
6108,validation
6109,validation
6119,validation
6123,validation
6138,validation
6139,validation
6140,validation
6143,validation
6151,validation
6153,validation
6155,validation
6156,validation
6160,validation
6168,validation
6169,validation
6171,validation
6172,validation
6177,validation
6178,validation
6181,validation
6182,validation
6184,validation
6185,validation
6190,validation
6191,validation
6192,validation
6193,validation
6195,validation
6199,validation
6200,validation
6203,validation
6204,validation
6206,validation
6207,validation
6208,validation
6210,validation
6212,validation
6214,validation
6220,validation
6221,validation
6222,validation
6231,validation
6234,validation
6237,validation
6241,validation
6245,validation
6246,validation
6249,validation
6250,validation
6251,validation
6252,validation
6255,validation
6256,validation
6258,validation
6259,validation
6261,validation
6263,validation
6264,validation
6268,validation
6272,validation
6273,validation
6275,validation
6277,validation
6280,validation
6282,validation
6284,validation
6291,validation
6292,validation
6295,validation
6299,validation
6301,validation
6302,validation
6306,validation
6307,validation
6310,validation
6312,validation
6315,validation
6316,validation
6317,validation
6318,validation
6320,validation
6325,validation
6328,validation
6334,validation
6335,validation
6338,validation
6339,validation
6341,validation
6347,validation
6353,validation
6354,validation
6355,validation
6358,validation
6359,validation
6360,validation
6361,validation
6365,validation
6368,validation
6371,validation
6373,validation
6374,validation
6376,validation
6377,validation
6384,validation
6386,validation
6391,validation
6393,validation
6394,validation
6395,validation
6397,validation
6398,validation
6400,validation
6404,validation
6405,validation
6406,validation
6411,validation
6413,validation
6414,validation
6416,validation
6418,validation
6421,validation
6423,validation
6425,validation
6426,validation
6428,validation
6431,validation
6435,validation
6437,validation
6438,validation
6439,validation
6440,validation
6444,validation
6446,validation
6447,validation
6448,validation
6449,validation
6452,validation
6453,validation
6454,validation
6455,validation
6456,validation
6457,validation
6461,validation
6462,validation
6463,validation
6464,validation
6465,validation
6467,validation
6468,validation
6469,validation
6471,validation
6472,validation
6473,validation
6474,validation
6475,validation
6478,validation
6487,validation
6488,validation
6491,validation
6492,validation
6494,validation
6495,validation
6497,validation
6500,validation
6503,validation
6505,validation
6511,validation
6512,validation
6518,validation
6519,validation
6520,validation
6521,validation
6524,validation
6525,validation
6527,validation
6528,validation
6530,validation
6532,validation
6535,validation
6539,validation
6541,validation
6543,validation
6547,validation
6551,validation
6553,validation
6556,validation
6557,validation
6558,validation
6559,validation
6560,validation
6562,validation
6564,validation
6566,validation
6571,validation
6572,validation
6575,validation
6576,validation
6578,validation
6581,validation
6582,validation
6585,validation
6589,validation
6590,validation
6592,validation
6593,validation
6594,validation
6595,validation
6596,validation
6597,validation
6598,validation
6604,validation
6608,validation
6610,validation
6612,validation
6617,validation
6618,validation
6621,validation
6622,validation
6623,validation
6625,validation
6626,validation
6628,validation
6629,validation
6631,validation
6632,validation
6636,validation
6637,validation
6638,validation
6640,validation
6642,validation
6644,validation
6645,validation
6646,validation
6650,validation
6654,validation
6658,validation
6659,validation
6667,validation
6668,validation
6670,validation
6671,validation
6674,validation
6676,validation
6679,validation
6681,validation
6685,validation
6686,validation
6689,validation
6693,validation
6694,validation
6699,validation
6700,validation
6704,validation
6709,validation
6710,validation
6724,validation
6726,validation
6728,validation
6733,validation
6739,validation
6746,validation
6747,validation
6748,validation
6749,validation
6750,validation
6752,validation
6760,validation
6763,validation
6764,validation
6765,validation
6767,validation
6769,validation
6771,validation
6772,validation
6773,validation
6775,validation
6779,validation
6781,validation
6786,validation
6787,validation
6788,validation
6791,validation
6793,validation
6794,validation
6795,validation
6799,validation
6801,validation
6802,validation
6805,validation
6810,validation
6811,validation
6814,validation
6816,validation
6821,validation
6833,validation
6834,validation
6836,validation
6840,validation
6843,validation
6844,validation
6846,validation
6849,validation
6852,validation
6853,validation
6863,validation
6870,validation
6871,validation
6875,validation
6876,validation
6878,validation
6880,validation
6882,validation
6883,validation
6888,validation
6890,validation
6893,validation
6896,validation
6902,validation
6904,validation
6906,validation
6909,validation
6910,validation
6913,validation
6914,validation
6915,validation
6918,validation
6921,validation
6926,validation
6927,validation
6930,validation
6932,validation
6935,validation
6938,validation
6939,validation
6940,validation
6942,validation
6944,validation
6946,validation
6950,validation
6953,validation
6959,validation
6960,validation
6961,validation
6962,validation
6963,validation
6964,validation
6965,validation
6969,validation
6974,validation
6975,validation
6983,validation
6989,validation
6991,validation
6995,validation
6996,validation
6998,validation
7001,validation
7003,validation
7004,validation
7005,validation
7007,validation
7011,validation
7013,validation
7015,validation
7017,validation
7018,validation
7019,validation
7020,validation
7022,validation
7026,validation
7027,validation
7028,validation
7029,validation
7030,validation
7032,validation
7035,validation
7038,validation
7040,validation
7045,validation
7047,validation
7048,validation
7049,validation
7051,validation
7052,validation
7054,validation
7055,validation
7056,validation
7058,validation
7060,validation
7062,validation
7063,validation
7067,validation
7068,validation
7070,validation
7074,validation
7075,validation
7079,validation
7083,validation
7084,validation
7087,validation
7088,validation
7091,validation
7093,validation
7096,validation
7097,validation
7098,validation
7099,validation
7107,validation
7108,validation
7110,validation
7113,validation
7114,validation
7118,validation
7124,validation
7126,validation
7127,validation
7128,validation
7130,validation
7131,validation
7135,validation
7138,validation
7139,validation
7141,validation
7143,validation
7144,validation
7146,validation
7150,validation
7154,validation
7156,validation
7159,validation
7166,validation
7170,validation
7173,validation
7176,validation
7182,validation
7186,validation
7192,validation
7193,validation
7196,validation
7197,validation
7198,validation
7200,validation
7203,validation
7204,validation
7206,validation
7212,validation
7215,validation
7218,validation
7219,validation
7220,validation
7223,validation
7224,validation
7226,validation
7230,validation
7232,validation
7234,validation
7235,validation
7236,validation
7238,validation
7240,validation
7245,validation
7248,validation
7249,validation
7250,validation
7251,validation
7254,validation
7258,validation
7261,validation
7264,validation
7266,validation
7268,validation
7269,validation
7270,validation
7272,validation
7273,validation
7278,validation
7279,validation
7281,validation
7282,validation
7286,validation
7292,validation
7294,validation
7298,validation
7299,validation
7304,validation
7305,validation
7306,validation
7311,validation
7315,validation
7317,validation
7323,validation
7326,validation
7329,validation
7330,validation
7333,validation
7334,validation
7337,validation
7340,validation
7341,validation
7343,validation
7345,validation
7347,validation
7355,validation
7356,validation
7359,validation
7362,validation
7365,validation
7368,validation
7369,validation
7372,validation
7373,validation
7380,validation
7382,validation
7383,validation
7384,validation
7389,validation
7390,validation
7391,validation
7392,validation
7393,validation
7397,validation
7399,validation
7407,validation
7408,validation
7411,validation
7412,validation
7418,validation
7428,validation
7430,validation
7432,validation
7433,validation
7436,validation
7437,validation
7438,validation
7440,validation
7441,validation
7445,validation
7448,validation
7449,validation
7451,validation
7452,validation
7454,validation
7455,validation
7456,validation
7457,validation
7459,validation
7472,validation
7479,validation
7484,validation
7487,validation
7488,validation
7490,validation
7492,validation
7495,validation
7502,validation
7503,validation
7506,validation
7508,validation
7510,validation
7511,validation
7517,validation
7519,validation
7520,validation
7522,validation
7523,validation
7526,validation
7528,validation
7531,validation
7533,validation
7534,validation
7537,validation
7541,validation
7542,validation
7544,validation
7545,validation
7549,validation
7551,validation
7559,validation
7562,validation
7563,validation
7576,validation
7580,validation
7581,validation
7582,validation
7585,validation
7586,validation
7590,validation
7591,validation
7593,validation
7596,validation
7597,validation
7598,validation
7599,validation
7606,validation
7607,validation
7608,validation
7611,validation
7614,validation
7615,validation
7616,validation
7618,validation
7622,validation
7627,validation
7628,validation
7629,validation
7631,validation
7632,validation
7634,validation
7644,validation
7646,validation
7648,validation
7650,validation
7652,validation
7656,validation
7661,validation
7662,validation
7663,validation
7667,validation
7668,validation
7671,validation
7672,validation
7676,validation
7681,validation
7688,validation
7689,validation
7692,validation
7695,validation
7697,validation
7699,validation
7701,validation
7702,validation
7706,validation
7708,validation
7709,validation
7717,validation
7721,validation
7723,validation
7729,validation
7730,validation
7731,validation
7732,validation
7733,validation
7737,validation
7740,validation
7744,validation
7748,validation
7750,validation
7752,validation
7755,validation
7757,validation
7758,validation
7762,validation
7765,validation
7769,validation
7772,validation
7773,validation
7776,validation
7777,validation
7778,validation
7779,validation
7780,validation
7781,validation
7785,validation
7786,validation
7788,validation
7789,validation
7791,validation
7792,validation
7795,validation
7796,validation
7800,validation
7804,validation
7808,validation
7809,validation
7811,validation
7812,validation
7813,validation
7814,validation
7817,validation
7824,validation
7832,validation
7833,validation
7835,validation
7838,validation
7839,validation
7840,validation
7843,validation
7849,validation
7850,validation
7851,validation
7856,validation
7857,validation
7859,validation
7861,validation
7862,validation
7864,validation
7866,validation
7868,validation
7873,validation
7876,validation
7878,validation
7882,validation
7884,validation
7887,validation
7889,validation
7891,validation
7898,validation
7899,validation
7903,validation
7904,validation
7906,validation
7907,validation
7912,validation
7913,validation
7914,validation
7917,validation
7919,validation
7920,validation
7926,validation
7929,validation
7931,validation
7932,validation
7938,validation
7940,validation
7941,validation
7942,validation
7944,validation
7951,validation
7954,validation
7957,validation
7959,validation
7961,validation
7963,validation
7966,validation
7967,validation
7968,validation
7969,validation
7971,validation
7974,validation
7975,validation
7976,validation
7977,validation
7979,validation
7981,validation
5463,test
5464,test
5467,test
5479,test
5494,test
5497,test
5507,test
5509,test
5510,test
5515,test
5533,test
5537,test
5542,test
5548,test
5554,test
5556,test
5557,test
5576,test
5579,test
5608,test
5616,test
5625,test
5640,test
5644,test
5648,test
5656,test
5663,test
5668,test
5673,test
5697,test
5707,test
5716,test
5724,test
5727,test
5739,test
5742,test
5746,test
5755,test
5768,test
5778,test
5786,test
5790,test
5812,test
5823,test
5827,test
5829,test
5831,test
5842,test
5853,test
5859,test
5862,test
5875,test
5877,test
5882,test
5887,test
5889,test
5895,test
5897,test
5903,test
5921,test
5938,test
5939,test
5941,test
5949,test
5951,test
5956,test
5968,test
5975,test
5978,test
5980,test
5984,test
5993,test
6003,test
6004,test
6010,test
6011,test
6012,test
6019,test
6038,test
6042,test
6047,test
6050,test
6059,test
6065,test
6067,test
6076,test
6100,test
6105,test
6111,test
6122,test
6124,test
6125,test
6129,test
6137,test
6144,test
6146,test
6147,test
6149,test
6150,test
6162,test
6163,test
6189,test
6196,test
6201,test
6218,test
6224,test
6230,test
6243,test
6247,test
6260,test
6269,test
6270,test
6274,test
6276,test
6279,test
6283,test
6285,test
6289,test
6290,test
6296,test
6298,test
6305,test
6311,test
6319,test
6327,test
6332,test
6348,test
6356,test
6362,test
6370,test
6387,test
6388,test
6399,test
6424,test
6433,test
6434,test
6441,test
6479,test
6480,test
6482,test
6486,test
6501,test
6504,test
6506,test
6508,test
6513,test
6522,test
6526,test
6536,test
6555,test
6563,test
6567,test
6568,test
6573,test
6583,test
6599,test
6606,test
6613,test
6624,test
6627,test
6634,test
6639,test
6641,test
6648,test
6651,test
6661,test
6664,test
6673,test
6675,test
6678,test
6687,test
6691,test
6698,test
6717,test
6719,test
6722,test
6723,test
6730,test
6732,test
6734,test
6736,test
6737,test
6742,test
6751,test
6753,test
6757,test
6759,test
6770,test
6778,test
6782,test
6785,test
6792,test
6797,test
6812,test
6815,test
6822,test
6829,test
6841,test
6842,test
6854,test
6861,test
6866,test
6868,test
6877,test
6881,test
6884,test
6894,test
6899,test
6903,test
6911,test
6919,test
6922,test
6933,test
6948,test
6949,test
6954,test
6955,test
6967,test
6970,test
6981,test
7000,test
7021,test
7033,test
7041,test
7050,test
7057,test
7061,test
7069,test
7081,test
7082,test
7085,test
7092,test
7101,test
7103,test
7105,test
7106,test
7112,test
7117,test
7129,test
7133,test
7136,test
7142,test
7149,test
7152,test
7158,test
7160,test
7162,test
7167,test
7168,test
7174,test
7175,test
7179,test
7181,test
7207,test
7208,test
7225,test
7227,test
7237,test
7241,test
7242,test
7244,test
7263,test
7267,test
7289,test
7297,test
7301,test
7302,test
7303,test
7308,test
7309,test
7313,test
7314,test
7327,test
7339,test
7352,test
7353,test
7354,test
7357,test
7361,test
7363,test
7366,test
7367,test
7370,test
7378,test
7410,test
7413,test
7415,test
7423,test
7424,test
7442,test
7443,test
7458,test
7461,test
7469,test
7470,test
7473,test
7476,test
7478,test
7480,test
7482,test
7494,test
7500,test
7505,test
7516,test
7532,test
7538,test
7539,test
7547,test
7556,test
7558,test
7560,test
7570,test
7579,test
7583,test
7592,test
7600,test
7601,test
7604,test
7609,test
7612,test
7625,test
7640,test
7647,test
7653,test
7658,test
7683,test
7691,test
7698,test
7705,test
7720,test
7724,test
7727,test
7728,test
7738,test
7742,test
7746,test
7753,test
7756,test
7763,test
7764,test
7766,test
7775,test
7783,test
7787,test
7794,test
7801,test
7802,test
7815,test
7819,test
7821,test
7823,test
7830,test
7834,test
7841,test
7842,test
7848,test
7870,test
7871,test
7872,test
7874,test
7875,test
7880,test
7888,test
7910,test
7915,test
7918,test
7935,test
7936,test
7939,test
7945,test
7946,test
7948,test
7950,test
7952,test
7958,test
7970,test
7973,test
7982,test
7983,test
7984,test
7985,test
7986,test
7987,test
7988,test
7989,test
7990,test
7991,test
7992,test
7993,test
7994,test
7995,test
7996,test
7997,test
7998,test
7999,test
8000,test
8001,test
8002,test
8003,test
8004,test
8005,test
8006,test
8007,test
8008,test
8009,test
8010,test
8011,test
8012,test
8013,test
8014,test
8015,test
8016,test
8017,test
8018,test
8019,test
8020,test
8021,test
8022,test
8023,test
8024,test
8025,test
8026,test
8027,test
8028,test
8029,test
8030,test
8031,test
8032,test
8033,test
8034,test
8035,test
8036,test
8037,test
8038,test
8039,test
8040,test
8041,test
8042,test
8043,test
8044,test
8045,test
8046,test
8047,test
8048,test
8049,test
8050,test
8051,test
8052,test
8053,test
8054,test
8055,test
8056,test
8057,test
8058,test
8059,test
8060,test
8061,test
8062,test
8063,test
8064,test
8065,test
8066,test
8067,test
8068,test
8069,test
8070,test
8071,test
8072,test
8073,test
8074,test
8075,test
8076,test
8077,test
8078,test
8079,test
8080,test
8081,test
8082,test
8083,test
8084,test
8085,test
8086,test
8087,test
8088,test
8089,test
8090,test
8091,test
8092,test
8093,test
8094,test
8095,test
8096,test
8097,test
8098,test
8099,test
8100,test
8101,test
8102,test
8103,test
8104,test
8105,test
8106,test
8107,test
8108,test
8109,test
8110,test
8111,test
8112,test
8113,test
8114,test
8115,test
8116,test
8117,test
8118,test
8119,test
8120,test
8121,test
8122,test
8123,test
8124,test
8125,test
8126,test
8127,test
8128,test
8129,test
8130,test
8131,test
8132,test
8133,test
8134,test
8135,test
8136,test
8137,test
8138,test
8139,test
8140,test
8141,test
8142,test
8143,test
8144,test
8145,test
8146,test
8147,test
8148,test
8149,test
8150,test
8151,test
8152,test
8153,test
8154,test
8155,test
8156,test
8157,test
8158,test
8159,test
8160,test
8161,test
8162,test
8163,test
8164,test
8165,test
8166,test
8167,test
8168,test
8169,test
8170,test
8171,test
8172,test
8173,test
8174,test
8175,test
8176,test
8177,test
8178,test
8179,test
8180,test
8181,test
8182,test
8183,test
8184,test
8185,test
8186,test
8187,test
8188,test
8189,test
8190,test
8191,test
8192,test
8193,test
8194,test
8195,test
8196,test
8197,test
8198,test
8199,test
8200,test
8201,test
8202,test
8203,test
8204,test
8205,test
8206,test
8207,test
8208,test
8209,test
8210,test
8211,test
8212,test
8213,test
8214,test
8215,test
8216,test
8217,test
8218,test
8219,test
8220,test
8221,test
8222,test
8223,test
8224,test
8225,test
8226,test
8227,test
8228,test
8229,test
8230,test
8231,test
8232,test
8233,test
8234,test
8235,test
8236,test
8237,test
8238,test
8239,test
8240,test
8241,test
8242,test
8243,test
8244,test
8245,test
8246,test
8247,test
8248,test
8249,test
8250,test
8251,test
8252,test
8253,test
8254,test
8255,test
8256,test
8257,test
8258,test
8259,test
8260,test
8261,test
8262,test
8263,test
8264,test
8265,test
8266,test
8267,test
8268,test
8269,test
8270,test
8271,test
8272,test
8273,test
8274,test
8275,test
8276,test
8277,test
8278,test
8279,test
8280,test
8281,test
8282,test
8283,test
8284,test
8285,test
8286,test
8287,test
8288,test
8289,test
8290,test
8291,test
8292,test
8293,test
8294,test
8295,test
8296,test
8297,test
8298,test
8299,test
8300,test
8301,test
8302,test
8303,test
8304,test
8305,test
8306,test
8307,test
8308,test
8309,test
8310,test
8311,test
8312,test
8313,test
8314,test
8315,test
8316,test
8317,test
8318,test
8319,test
8320,test
8321,test
8322,test
8323,test
8324,test
8325,test
8326,test
8327,test
8328,test
8329,test
8330,test
8331,test
8332,test
8333,test
8334,test
8335,test
8336,test
8337,test
8338,test
8339,test
8340,test
8341,test
8342,test
8343,test
8344,test
8345,test
8346,test
8347,test
8348,test
8349,test
8350,test
8351,test
8352,test
8353,test
8354,test
8355,test
8356,test
8357,test
8358,test
8359,test
8360,test
8361,test
8362,test
8363,test
8364,test
8365,test
8366,test
8367,test
8368,test
8369,test
8370,test
8371,test
8372,test
8373,test
8374,test
8375,test
8376,test
8377,test
8378,test
8379,test
8380,test
8381,test
8382,test
8383,test
8384,test
8385,test
8386,test
8387,test
8388,test
8389,test
8390,test
8391,test
8392,test
8393,test
8394,test
8395,test
8396,test
8397,test
8398,test
8399,test
8400,test
8401,test
8402,test
8403,test
8404,test
8405,test
8406,test
8407,test
8408,test
8409,test
8410,test
8411,test
8412,test
8413,test
8414,test
8415,test
8416,test
8417,test
8418,test
8419,test
8420,test
8421,test
8422,test
8423,test
8424,test
8425,test
8426,test
8427,test
8428,test
8429,test
8430,test
8431,test
8432,test
8433,test
8434,test
8435,test
8436,test
8437,test
8438,test
8439,test
8440,test
8441,test
8442,test
8443,test
8444,test
8445,test
8446,test
8447,test
8448,test
8449,test
8450,test
8451,test
8452,test
8453,test
8454,test
8455,test
8456,test
8457,test
8458,test
8459,test
8460,test
8461,test
8462,test
8463,test
8464,test
8465,test
8466,test
8467,test
8468,test
8469,test
8470,test
8471,test
8472,test
8473,test
8474,test
8475,test
8476,test
8477,test
8478,test
8479,test
8480,test
8481,test
8482,test
8483,test
8484,test
8485,test
8486,test
8487,test
8488,test
8489,test
8490,test
8491,test
8492,test
8493,test
8494,test
8495,test
8496,test
8497,test
8498,test
8499,test
8500,test
8501,test
8502,test
8503,test
8504,test
8505,test
8506,test
8507,test
8508,test
8509,test
8510,test
8511,test
8512,test
8513,test
8514,test
8515,test
8516,test
8517,test
8518,test
8519,test
8520,test
8521,test
8522,test
8523,test
8524,test
8525,test
8526,test
8527,test
8528,test
8529,test
8530,test
8531,test
8532,test
8533,test
8534,test
8535,test
8536,test
8537,test
8538,test
8539,test
8540,test
8541,test
8542,test
8543,test
8544,test
8545,test
8546,test
8547,test
8548,test
8549,test
8550,test
8551,test
8552,test
8553,test
8554,test
8555,test
8556,test
8557,test
8558,test
8559,test
8560,test
8561,test
8562,test
8563,test
8564,test
8565,test
8566,test
8567,test
8568,test
8569,test
8570,test
8571,test
8572,test
8573,test
8574,test
8575,test
8576,test
8577,test
8578,test
8579,test
8580,test
8581,test
8582,test
8583,test
8584,test
8585,test
8586,test
8587,test
8588,test
8589,test
8590,test
8591,test
8592,test
8593,test
8594,test
8595,test
8596,test
8597,test
8598,test
8599,test
8600,test
8601,test
8602,test
8603,test
8604,test
8605,test
8606,test
8607,test
8608,test
8609,test
8610,test
8611,test
8612,test
8613,test
8614,test
8615,test
8616,test
8617,test
8618,test
8619,test
8620,test
8621,test
8622,test
8623,test
8624,test
8625,test
8626,test
8627,test
8628,test
8629,test
8630,test
8631,test
8632,test
8633,test
8634,test
8635,test
8636,test
8637,test
8638,test
8639,test
8640,test
8641,test
8642,test
8643,test
8644,test
8645,test
8646,test
8647,test
8648,test
8649,test
8650,test
8651,test
8652,test
8653,test
8654,test
8655,test
8656,test
8657,test
8658,test
8659,test
8660,test
8661,test
8662,test
8663,test
8664,test
8665,test
8666,test
8667,test
8668,test
8669,test
8670,test
8671,test
8672,test
8673,test
8674,test
8675,test
8676,test
8677,test
8678,test
8679,test
8680,test
8681,test
8682,test
8683,test
8684,test
8685,test
8686,test
8687,test
8688,test
8689,test
8690,test
8691,test
8692,test
8693,test
8694,test
8695,test
8696,test
8697,test
8698,test
8699,test
8700,test
8701,test
8702,test
8703,test
8704,test
8705,test
8706,test
8707,test
8708,test
8709,test
8710,test
8711,test
8712,test
8713,test
8714,test
8715,test
8716,test
8717,test
8718,test
8719,test
8720,test
8721,test
8722,test
8723,test
8724,test
8725,test
8726,test
8727,test
8728,test
8729,test
8730,test
8731,test
8732,test
8733,test
8734,test
8735,test
8736,test
8737,test
8738,test
8739,test
8740,test
8741,test
8742,test
8743,test
8744,test
8745,test
8746,test
8747,test
8748,test
8749,test
8750,test
8751,test
8752,test
8753,test
8754,test
8755,test
8756,test
8757,test
8758,test
8759,test
8760,test
8761,test
8762,test
8763,test
8764,test
8765,test
8766,test
8767,test
8768,test
8769,test
8770,test
8771,test
8772,test
8773,test
8774,test
8775,test
8776,test
8777,test
8778,test
8779,test
8780,test
8781,test
8782,test
8783,test
8784,test
8785,test
8786,test
8787,test
8788,test
8789,test
8790,test
8791,test
8792,test
8793,test
8794,test
8795,test
8796,test
8797,test
8798,test
8799,test
8800,test
8801,test
8802,test
8803,test
8804,test
8805,test
8806,test
8807,test
8808,test
8809,test
8810,test
8811,test
8812,test
8813,test
8814,test
8815,test
8816,test
8817,test
8818,test
8819,test
8820,test
8821,test
8822,test
8823,test
8824,test
8825,test
8826,test
8827,test
8828,test
8829,test
8830,test
8831,test
8832,test
8833,test
8834,test
8835,test
8836,test
8837,test
8838,test
8839,test
8840,test
8841,test
8842,test
8843,test
8844,test
8845,test
8846,test
8847,test
8848,test
8849,test
8850,test
8851,test
8852,test
8853,test
8854,test
8855,test
8856,test
8857,test
8858,test
8859,test
8860,test
8861,test
8862,test
8863,test
8864,test
8865,test
8866,test
8867,test
8868,test
8869,test
8870,test
8871,test
8872,test
8873,test
8874,test
8875,test
8876,test
8877,test
8878,test
8879,test
8880,test
8881,test
8882,test
8883,test
8884,test
8885,test
8886,test
8887,test
8888,test
8889,test
8890,test
8891,test
8892,test
8893,test
8894,test
8895,test
8896,test
8897,test
8898,test
8899,test
8900,test
8901,test
8902,test
8903,test
8904,test
8905,test
8906,test
8907,test
8908,test
8909,test
8910,test
8911,test
8912,test
8913,test
8914,test
8915,test
8916,test
8917,test
8918,test
8919,test
8920,test
8921,test
8922,test
8923,test
8924,test
8925,test
8926,test
8927,test
8928,test
8929,test
8930,test
8931,test
8932,test
8933,test
8934,test
8935,test
8936,test
8937,test
8938,test
8939,test
8940,test
8941,test
8942,test
8943,test
8944,test
8945,test
8946,test
8947,test
8948,test
8949,test
8950,test
8951,test
8952,test
8953,test
8954,test
8955,test
8956,test
8957,test
8958,test
8959,test
8960,test
8961,test
8962,test
8963,test
8964,test
8965,test
8966,test
8967,test
8968,test
8969,test
8970,test
8971,test
8972,test
8973,test
8974,test
8975,test
8976,test
8977,test
8978,test
8979,test
8980,test
8981,test
8982,test
8983,test
8984,test
8985,test
8986,test
8987,test
8988,test
8989,test
8990,test
8991,test
8992,test
8993,test
8994,test
8995,test
8996,test
8997,test
8998,test
8999,test
9000,test
9001,test
9002,test
9003,test
9004,test
9005,test
9006,test
9007,test
9008,test
9009,test
9010,test
9011,test
9012,test
9013,test
9014,test
9015,test
9016,test
9017,test
9018,test
9019,test
9020,test
9021,test
9022,test
9023,test
9024,test
9025,test
9026,test
9027,test
9028,test
9029,test
9030,test
9031,test
9032,test
9033,test
9034,test
9035,test
9036,test
9037,test
9038,test
9039,test
9040,test
9041,test
9042,test
9043,test
9044,test
9045,test
9046,test
9047,test
9048,test
9049,test
9050,test
9051,test
9052,test
9053,test
9054,test
9055,test
9056,test
9057,test
9058,test
9059,test
9060,test
9061,test
9062,test
9063,test
9064,test
9065,test
9066,test
9067,test
9068,test
9069,test
9070,test
9071,test
9072,test
9073,test
9074,test
9075,test
9076,test
9077,test
9078,test
9079,test
9080,test
9081,test
9082,test
9083,test
9084,test
9085,test
9086,test
9087,test
9088,test
9089,test
9090,test
9091,test
9092,test
9093,test
9094,test
9095,test
9096,test
9097,test
9098,test
9099,test
9100,test
9101,test
9102,test
9103,test
9104,test
9105,test
9106,test
9107,test
9108,test
9109,test
9110,test
9111,test
9112,test
9113,test
9114,test
9115,test
9116,test
9117,test
9118,test
9119,test
9120,test
9121,test
9122,test
9123,test
9124,test
9125,test
9126,test
9127,test
9128,test
9129,test
9130,test
9131,test
9132,test
9133,test
9134,test
9135,test
9136,test
9137,test
9138,test
9139,test
9140,test
9141,test
9142,test
9143,test
9144,test
9145,test
9146,test
9147,test
9148,test
9149,test
9150,test
9151,test
9152,test
9153,test
9154,test
9155,test
9156,test
9157,test
9158,test
9159,test
9160,test
9161,test
9162,test
9163,test
9164,test
9165,test
9166,test
9167,test
9168,test
9169,test
9170,test
9171,test
9172,test
9173,test
9174,test
9175,test
9176,test
9177,test
9178,test
9179,test
9180,test
9181,test
9182,test
9183,test
9184,test
9185,test
9186,test
9187,test
9188,test
9189,test
9190,test
9191,test
9192,test
9193,test
9194,test
9195,test
9196,test
9197,test
9198,test
9199,test
9200,test
9201,test
9202,test
9203,test
9204,test
9205,test
9206,test
9207,test
9208,test
9209,test
9210,test
9211,test
9212,test
9213,test
9214,test
9215,test
9216,test
9217,test
9218,test
9219,test
9220,test
9221,test
9222,test
9223,test
9224,test
9225,test
9226,test
9227,test
9228,test
9229,test
9230,test
9231,test
9232,test
9233,test
9234,test
9235,test
9236,test
9237,test
9238,test
9239,test
9240,test
9241,test
9242,test
9243,test
9244,test
9245,test
9246,test
9247,test
9248,test
9249,test
9250,test
9251,test
9252,test
9253,test
9254,test
9255,test
9256,test
9257,test
9258,test
9259,test
9260,test
9261,test
9262,test
9263,test
9264,test
9265,test
9266,test
9267,test
9268,test
9269,test
9270,test
9271,test
9272,test
9273,test
9274,test
9275,test
9276,test
9277,test
9278,test
9279,test
9280,test
9281,test
9282,test
9283,test
9284,test
9285,test
9286,test
9287,test
9288,test
9289,test
9290,test
9291,test
9292,test
9293,test
9294,test
9295,test
9296,test
9297,test
9298,test
9299,test
9300,test
9301,test
9302,test
9303,test
9304,test
9305,test
9306,test
9307,test
9308,test
9309,test
9310,test
9311,test
9312,test
9313,test
9314,test
9315,test
9316,test
9317,test
9318,test
9319,test
9320,test
9321,test
9322,test
9323,test
9324,test
9325,test
9326,test
9327,test
9328,test
9329,test
9330,test
9331,test
9332,test
9333,test
9334,test
9335,test
9336,test
9337,test
9338,test
9339,test
9340,test
9341,test
9342,test
9343,test
9344,test
9345,test
9346,test
9347,test
9348,test
9349,test
9350,test
9351,test
9352,test
9353,test
9354,test
9355,test
9356,test
9357,test
9358,test
9359,test
9360,test
9361,test
9362,test
9363,test
9364,test
9365,test
9366,test
9367,test
9368,test
9369,test
9370,test
9371,test
9372,test
9373,test
9374,test
9375,test
9376,test
9377,test
9378,test
9379,test
9380,test
9381,test
9382,test
9383,test
9384,test
9385,test
9386,test
9387,test
9388,test
9389,test
9390,test
9391,test
9392,test
9393,test
9394,test
9395,test
9396,test
9397,test
9398,test
9399,test
9400,test
9401,test
9402,test
9403,test
9404,test
9405,test
9406,test
9407,test
9408,test
9409,test
9410,test
9411,test
9412,test
9413,test
9414,test
9415,test
9416,test
9417,test
9418,test
9419,test
9420,test
9421,test
9422,test
9423,test
9424,test
9425,test
9426,test
9427,test
9428,test
9429,test
9430,test
9431,test
9432,test
9433,test
9434,test
9435,test
9436,test
9437,test
9438,test
9439,test
9440,test
9441,test
9442,test
9443,test
9444,test
9445,test
9446,test
9447,test
9448,test
9449,test
9450,test
9451,test
9452,test
9453,test
9454,test
9455,test
9456,test
9457,test
9458,test
9459,test
9460,test
9461,test
9462,test
9463,test
9464,test
9465,test
9466,test
9467,test
9468,test
9469,test
9470,test
9471,test
9472,test
9473,test
9474,test
9475,test
9476,test
9477,test
9478,test
9479,test
9480,test
9481,test
9482,test
9483,test
9484,test
9485,test
9486,test
9487,test
9488,test
9489,test
9490,test
9491,test
9492,test
9493,test
9494,test
9495,test
9496,test
9497,test
9498,test
9499,test
9500,test
9501,test
9502,test
9503,test
9504,test
9505,test
9506,test
9507,test
9508,test
9509,test
9510,test
9511,test
9512,test
9513,test
9514,test
9515,test
9516,test
9517,test
9518,test
9519,test
9520,test
9521,test
9522,test
9523,test
9524,test
9525,test
9526,test
9527,test
9528,test
9529,test
9530,test
9531,test
9532,test
9533,test
9534,test
9535,test
9536,test
9537,test
9538,test
9539,test
9540,test
9541,test
9542,test
9543,test
9544,test
9545,test
9546,test
9547,test
9548,test
9549,test
9550,test
9551,test
9552,test
9553,test
9554,test
9555,test
9556,test
9557,test
9558,test
9559,test
9560,test
9561,test
9562,test
9563,test
9564,test
9565,test
9566,test
9567,test
9568,test
9569,test
9570,test
9571,test
9572,test
9573,test
9574,test
9575,test
9576,test
9577,test
9578,test
9579,test
9580,test
9581,test
9582,test
9583,test
9584,test
9585,test
9586,test
9587,test
9588,test
9589,test
9590,test
9591,test
9592,test
9593,test
9594,test
9595,test
9596,test
9597,test
9598,test
9599,test
9600,test
9601,test
9602,test
9603,test
9604,test
9605,test
9606,test
9607,test
9608,test
9609,test
9610,test
9611,test
9612,test
9613,test
9614,test
9615,test
9616,test
9617,test
9618,test
9619,test
9620,test
9621,test
9622,test
9623,test
9624,test
9625,test
9626,test
9627,test
9628,test
9629,test
9630,test
9631,test
9632,test
9633,test
9634,test
9635,test
9636,test
9637,test
9638,test
9639,test
9640,test
9641,test
9642,test
9643,test
9644,test
9645,test
9646,test
9647,test
9648,test
9649,test
9650,test
9651,test
9652,test
9653,test
9654,test
9655,test
9656,test
9657,test
9658,test
9659,test
9660,test
9661,test
9662,test
9663,test
9664,test
9665,test
9666,test
9667,test
9668,test
9669,test
9670,test
9671,test
9672,test
9673,test
9674,test
9675,test
9676,test
9677,test
9678,test
9679,test
9680,test
9681,test
9682,test
9683,test
9684,test
9685,test
9686,test
9687,test
9688,test
9689,test
9690,test
9691,test
9692,test
9693,test
9694,test
9695,test
9696,test
9697,test
9698,test
9699,test
9700,test
9701,test
9702,test
9703,test
9704,test
9705,test
9706,test
9707,test
9708,test
9709,test
9710,test
9711,test
9712,test
9713,test
9714,test
9715,test
9716,test
9717,test
9718,test
9719,test
9720,test
9721,test
9722,test
9723,test
9724,test
9725,test
9726,test
9727,test
9728,test
9729,test
9730,test
9731,test
9732,test
9733,test
9734,test
9735,test
9736,test
9737,test
9738,test
9739,test
9740,test
9741,test
9742,test
9743,test
9744,test
9745,test
9746,test
9747,test
9748,test
9749,test
9750,test
9751,test
9752,test
9753,test
9754,test
9755,test
9756,test
9757,test
9758,test
9759,test
9760,test
9761,test
9762,test
9763,test
9764,test
9765,test
9766,test
9767,test
9768,test
9769,test
9770,test
9771,test
9772,test
9773,test
9774,test
9775,test
9776,test
9777,test
9778,test
9779,test
9780,test
9781,test
9782,test
9783,test
9784,test
9785,test
9786,test
9787,test
9788,test
9789,test
9790,test
9791,test
9792,test
9793,test
9794,test
9795,test
9796,test
9797,test
9798,test
9799,test
9800,test
9801,test
9802,test
9803,test
9804,test
9805,test
9806,test
9807,test
9808,test
9809,test
9810,test
9811,test
9812,test
9813,test
9814,test
9815,test
9816,test
9817,test
9818,test
9819,test
9820,test
9821,test
9822,test
9823,test
9824,test
9825,test
9826,test
9827,test
9828,test
9829,test
9830,test
9831,test
9832,test
9833,test
9834,test
9835,test
9836,test
9837,test
9838,test
9839,test
9840,test
9841,test
9842,test
9843,test
9844,test
9845,test
9846,test
9847,test
9848,test
9849,test
9850,test
9851,test
9852,test
9853,test
9854,test
9855,test
9856,test
9857,test
9858,test
9859,test
9860,test
9861,test
9862,test
9863,test
9864,test
9865,test
9866,test
9867,test
9868,test
9869,test
9870,test
9871,test
9872,test
9873,test
9874,test
9875,test
9876,test
9877,test
9878,test
9879,test
9880,test
9881,test
9882,test
9883,test
9884,test
9885,test
9886,test
9887,test
9888,test
9889,test
9890,test
9891,test
9892,test
9893,test
9894,test
9895,test
9896,test
9897,test
9898,test
9899,test
9900,test
9901,test
9902,test
9903,test
9904,test
9905,test
9906,test
9907,test
9908,test
9909,test
9910,test
9911,test
9912,test
9913,test
9914,test
9915,test
9916,test
9917,test
9918,test
9919,test
9920,test
9921,test
9922,test
9923,test
9924,test
9925,test
9926,test
9927,test
9928,test
9929,test
9930,test
9931,test
9932,test
9933,test
9934,test
9935,test
9936,test
9937,test
9938,test
9939,test
9940,test
9941,test
9942,test
9943,test
9944,test
9945,test
9946,test
9947,test
9948,test
9949,test
9950,test
9951,test
9952,test
9953,test
9954,test
9955,test
9956,test
9957,test
9958,test
9959,test
9960,test
9961,test
9962,test
9963,test
9964,test
9965,test
9966,test
9967,test
9968,test
9969,test
9970,test
9971,test
9972,test
9973,test
9974,test
9975,test
9976,test
9977,test
9978,test
9979,test
9980,test
9981,test
9982,test
9983,test
9984,test
9985,test
9986,test
9987,test
9988,test
9989,test
9990,test
9991,test
9992,test
9993,test
9994,test
9995,test
9996,test
9997,test
9998,test
9999,test
10000,test
10001,test
10002,test
10003,test
10004,test
10005,test
10006,test
10007,test
10008,test
10009,test
10010,test
10011,test
10012,test
10013,test
10014,test
10015,test
10016,test
10017,test
10018,test
10019,test
10020,test
10021,test
10022,test
10023,test
10024,test
10025,test
10026,test
10027,test
10028,test
10029,test
10030,test
10031,test
10032,test
10033,test
10034,test
10035,test
10036,test
10037,test
10038,test
10039,test
10040,test
10041,test
10042,test
10043,test
10044,test
10045,test
10046,test
10047,test
10048,test
10049,test
10050,test
10051,test
10052,test
10053,test
10054,test
10055,test
10056,test
10057,test
10058,test
10059,test
10060,test
10061,test
10062,test
10063,test
10064,test
10065,test
10066,test
10067,test
10068,test
10069,test
10070,test
10071,test
10072,test
10073,test
10074,test
10075,test
10076,test
10077,test
10078,test
10079,test
10080,test
10081,test
10082,test
10083,test
10084,test
10085,test
10086,test
10087,test
10088,test
10089,test
10090,test
10091,test
10092,test
10093,test
10094,test
10095,test
10096,test
10097,test
10098,test
10099,test
10100,test
10101,test
10102,test
10103,test
10104,test
10105,test
10106,test
10107,test
10108,test
10109,test
10110,test
10111,test
10112,test
10113,test
10114,test
10115,test
10116,test
10117,test
10118,test
10119,test
10120,test
10121,test
10122,test
10123,test
10124,test
10125,test
10126,test
10127,test
10128,test
10129,test
10130,test
10131,test
10132,test
10133,test
10134,test
10135,test
10136,test
10137,test
10138,test
10139,test
10140,test
10141,test
10142,test
10143,test
10144,test
10145,test
10146,test
10147,test
10148,test
10149,test
10150,test
10151,test
10152,test
10153,test
10154,test
10155,test
10156,test
10157,test
10158,test
10159,test
10160,test
10161,test
10162,test
10163,test
10164,test
10165,test
10166,test
10167,test
10168,test
10169,test
10170,test
10171,test
10172,test
10173,test
10174,test
10175,test
10176,test
10177,test
10178,test
10179,test
10180,test
10181,test
10182,test
10183,test
10184,test
10185,test
10186,test
10187,test
10188,test
10189,test
10190,test
10191,test
10192,test
10193,test
10194,test
10195,test
10196,test
10197,test
10198,test
10199,test
10200,test
10201,test
10202,test
10203,test
10204,test
10205,test
10206,test
10207,test
10208,test
10209,test
10210,test
10211,test
10212,test
10213,test
10214,test
10215,test
10216,test
10217,test
10218,test
10219,test
10220,test
10221,test
10222,test
10223,test
10224,test
10225,test
10226,test
10227,test
10228,test
10229,test
10230,test
10231,test
10232,test
10233,test
10234,test
10235,test
10236,test
10237,test
10238,test
10239,test
10240,test
10241,test
10242,test
10243,test
10244,test
10245,test
10246,test
10247,test
10248,test
10249,test
10250,test
10251,test
10252,test
10253,test
10254,test
10255,test
10256,test
10257,test
10258,test
10259,test
10260,test
10261,test
10262,test
10263,test
10264,test
10265,test
10266,test
10267,test
10268,test
10269,test
10270,test
10271,test
10272,test
10273,test
10274,test
10275,test
10276,test
10277,test
10278,test
10279,test
10280,test
10281,test
10282,test
10283,test
10284,test
10285,test
10286,test
10287,test
10288,test
10289,test
10290,test
10291,test
10292,test
10293,test
10294,test
10295,test
10296,test
10297,test
10298,test
10299,test
10300,test
10301,test
10302,test
10303,test
10304,test
10305,test
10306,test
10307,test
10308,test
10309,test
10310,test
10311,test
10312,test
10313,test
10314,test
10315,test
10316,test
10317,test
10318,test
10319,test
10320,test
10321,test
10322,test
10323,test
10324,test
10325,test
10326,test
10327,test
10328,test
10329,test
10330,test
10331,test
10332,test
10333,test
10334,test
10335,test
10336,test
10337,test
10338,test
10339,test
10340,test
10341,test
10342,test
10343,test
10344,test
10345,test
10346,test
10347,test
10348,test
10349,test
10350,test
10351,test
10352,test
10353,test
10354,test
10355,test
10356,test
10357,test
10358,test
10359,test
10360,test
10361,test
10362,test
10363,test
10364,test
10365,test
10366,test
10367,test
10368,test
10369,test
10370,test
10371,test
10372,test
10373,test
10374,test
10375,test
10376,test
10377,test
10378,test
10379,test
10380,test
10381,test
10382,test
10383,test
10384,test
10385,test
10386,test
10387,test
10388,test
10389,test
10390,test
10391,test
10392,test
10393,test
10394,test
10395,test
10396,test
10397,test
10398,test
10399,test
10400,test
10401,test
10402,test
10403,test
10404,test
10405,test
10406,test
10407,test
10408,test
10409,test
10410,test
10411,test
10412,test
10413,test
10414,test
10415,test
10416,test
10417,test
10418,test
10419,test
10420,test
10421,test
10422,test
10423,test
10424,test
10425,test
10426,test
10427,test
10428,test
10429,test
10430,test
10431,test
10432,test
10433,test
10434,test
10435,test
10436,test
10437,test
10438,test
10439,test
10440,test
10441,test
10442,test
10443,test
10444,test
10445,test
10446,test
10447,test
10448,test
10449,test
10450,test
10451,test
10452,test
10453,test
10454,test
10455,test
10456,test
10457,test
10458,test
10459,test
10460,test
10461,test
10462,test
10463,test
10464,test
10465,test
10466,test
10467,test
10468,test
10469,test
10470,test
10471,test
10472,test
10473,test
10474,test
10475,test
10476,test
10477,test
10478,test
10479,test
10480,test
10481,test
10482,test
10483,test
10484,test
10485,test
10486,test
10487,test
10488,test
10489,test
10490,test
10491,test
10492,test
10493,test
10494,test
10495,test
10496,test
10497,test
10498,test
10499,test
10500,test
10501,test
10502,test
10503,test
10504,test
10505,test
10506,test
10507,test
10508,test
10509,test
10510,test
10511,test
10512,test
10513,test
10514,test
10515,test
10516,test
10517,test
10518,test
10519,test
10520,test
10521,test
10522,test
10523,test
10524,test
10525,test
10526,test
10527,test
10528,test
10529,test
10530,test
10531,test
10532,test
10533,test
10534,test
10535,test
10536,test
10537,test
10538,test
10539,test
10540,test
10541,test
10542,test
10543,test
10544,test
10545,test
10546,test
10547,test
10548,test
10549,test
10550,test
10551,test
10552,test
10553,test
10554,test
10555,test
10556,test
10557,test
10558,test
10559,test
10560,test
10561,test
10562,test
10563,test
10564,test
10565,test
10566,test
10567,test
10568,test
10569,test
10570,test
10571,test
10572,test
10573,test
10574,test
10575,test
10576,test
10577,test
10578,test
10579,test
10580,test
10581,test
10582,test
10583,test
10584,test
10585,test
10586,test
10587,test
10588,test
10589,test
10590,test
10591,test
10592,test
10593,test
10594,test
10595,test
10596,test
10597,test
10598,test
10599,test
10600,test
10601,test
10602,test
10603,test
10604,test
10605,test
10606,test
10607,test
10608,test
10609,test
10610,test
10611,test
10612,test
10613,test
10614,test
10615,test
10616,test
10617,test
10618,test
10619,test
10620,test
10621,test
10622,test
10623,test
10624,test
10625,test
10626,test
10627,test
10628,test
10629,test
10630,test
10631,test
10632,test
10633,test
10634,test
10635,test
10636,test
10637,test
10638,test
10639,test
10640,test
10641,test
10642,test
10643,test
10644,test
10645,test
10646,test
10647,test
10648,test
10649,test
10650,test
10651,test
10652,test
10653,test
10654,test
10655,test
10656,test
10657,test
10658,test
10659,test
10660,test
10661,test
10662,test
10663,test
10664,test
10665,test
10666,test
10667,test
10668,test
10669,test
10670,test
10671,test
10672,test
10673,test
10674,test
10675,test
10676,test
10677,test
10678,test
10679,test
10680,test
10681,test
10682,test
10683,test
10684,test
10685,test
10686,test
10687,test
10688,test
10689,test
10690,test
10691,test
10692,test
10693,test
10694,test
10695,test
10696,test
10697,test
10698,test
10699,test
10700,test
10701,test
10702,test
10703,test
10704,test
10705,test
10706,test
10707,test
10708,test
10709,test
10710,test
10711,test
10712,test
10713,test
10714,test
10715,test
10716,test
10717,test
10718,test
10719,test
10720,test
10721,test
10722,test
10723,test
10724,test
10725,test
10726,test
10727,test
10728,test
10729,test
10730,test
10731,test
10732,test
10733,test
10734,test
10735,test
10736,test
10737,test
10738,test
10739,test
10740,test
10741,test
10742,test
10743,test
10744,test
10745,test
10746,test
10747,test
10748,test
10749,test
10750,test
10751,test
10752,test
10753,test
10754,test
10755,test
10756,test
10757,test
10758,test
10759,test
10760,test
10761,test
10762,test
10763,test
10764,test
10765,test
10766,test
10767,test
10768,test
10769,test
10770,test
10771,test
10772,test
10773,test
10774,test
10775,test
10776,test
10777,test
10778,test
10779,test
10780,test
10781,test
10782,test
10783,test
10784,test
10785,test
10786,test
10787,test
10788,test
10789,test
10790,test
10791,test
10792,test
10793,test
10794,test
10795,test
10796,test
10797,test
10798,test
10799,test
10800,test
10801,test
10802,test
10803,test
10804,test
10805,test
10806,test
10807,test
10808,test
10809,test
10810,test
10811,test
10812,test
10813,test
10814,test
10815,test
10816,test
10817,test
10818,test
10819,test
10820,test
10821,test
10822,test
10823,test
10824,test
10825,test
10826,test
10827,test
10828,test
10829,test
10830,test
10831,test
10832,test
10833,test
10834,test
10835,test
10836,test
10837,test
10838,test
10839,test
10840,test
10841,test
10842,test
10843,test
10844,test
10845,test
10846,test
10847,test
10848,test
10849,test
10850,test
10851,test
10852,test
10853,test
10854,test
10855,test
10856,test
10857,test
10858,test
10859,test
10860,test
10861,test
10862,test
10863,test
10864,test
10865,test
10866,test
10867,test
10868,test
10869,test
10870,test
10871,test
10872,test
10873,test
10874,test
10875,test
10876,test
10877,test
10878,test
10879,test
10880,test
10881,test
10882,test
10883,test
10884,test
10885,test
10886,test
10887,test
10888,test
10889,test
10890,test
10891,test
10892,test
10893,test
10894,test
10895,test
10896,test
10897,test
10898,test
10899,test
10900,test
10901,test
10902,test
10903,test
10904,test
10905,test
10906,test
10907,test
10908,test
10909,test
10910,test
10911,test
10912,test
10913,test
10914,test
10915,test
10916,test
10917,test
10918,test
10919,test
10920,test
10921,test
10922,test
10923,test
10924,test
10925,test
10926,test
10927,test
10928,test
10929,test
10930,test
10931,test
10932,test
10933,test
10934,test
10935,test
10936,test
10937,test
10938,test
10939,test
10940,test
10941,test
10942,test
10943,test
10944,test
10945,test
10946,test
10947,test
10948,test
10949,test
10950,test
10951,test
10952,test
10953,test
10954,test
10955,test
10956,test
10957,test
10958,test
10959,test
10960,test
10961,test
10962,test
10963,test
10964,test
10965,test
10966,test
10967,test
10968,test
10969,test
10970,test
10971,test
10972,test
10973,test
10974,test
10975,test
10976,test
10977,test
10978,test
10979,test
10980,test
10981,test
10982,test
10983,test
10984,test
10985,test
10986,test
10987,test
10988,test
10989,test
10990,test
10991,test
10992,test
10993,test
10994,test
10995,test
10996,test
10997,test
10998,test
10999,test
11000,test
11001,test
11002,test
11003,test
11004,test
11005,test
11006,test
11007,test
11008,test
11009,test
11010,test
11011,test
11012,test
11013,test
11014,test
11015,test
11016,test
11017,test
11018,test
11019,test
11020,test
11021,test
11022,test
11023,test
11024,test
11025,test
11026,test
11027,test
11028,test
11029,test
11030,test
11031,test
11032,test
11033,test
11034,test
11035,test
11036,test
11037,test
11038,test
11039,test
11040,test
11041,test
11042,test
11043,test
11044,test
11045,test
11046,test
11047,test
11048,test
11049,test
11050,test
11051,test
11052,test
11053,test
11054,test
11055,test
11056,test
11057,test
11058,test
11059,test
11060,test
11061,test
11062,test
11063,test
11064,test
11065,test
11066,test
11067,test
11068,test
11069,test
11070,test
11071,test
11072,test
11073,test
11074,test
11075,test
11076,test
11077,test
11078,test
11079,test
11080,test
11081,test
11082,test
11083,test
11084,test
11085,test
11086,test
11087,test
11088,test
11089,test
11090,test
11091,test
11092,test
11093,test
11094,test
11095,test
11096,test
11097,test
11098,test
11099,test
11100,test
11101,test
11102,test
11103,test
11104,test
11105,test
11106,test
11107,test
11108,test
11109,test
11110,test
11111,test
11112,test
11113,test
11114,test
11115,test
11116,test
11117,test
11118,test
11119,test
11120,test
11121,test
11122,test
11123,test
11124,test
11125,test
11126,test
11127,test
11128,test
11129,test
11130,test
11131,test
11132,test
11133,test
11134,test
11135,test
11136,test
11137,test
11138,test
11139,test
11140,test
11141,test
11142,test
11143,test
11144,test
11145,test
11146,test
11147,test
11148,test
11149,test
11150,test
11151,test
11152,test
11153,test
11154,test
11155,test
11156,test
11157,test
11158,test
11159,test
11160,test
11161,test
11162,test
11163,test
11164,test
11165,test
11166,test
11167,test
11168,test
11169,test
11170,test
11171,test
11172,test
11173,test
11174,test
11175,test
11176,test
11177,test
11178,test
11179,test
11180,test
11181,test
11182,test
11183,test
11184,test
11185,test
11186,test
11187,test
11188,test
11189,test
11190,test
11191,test
11192,test
11193,test
11194,test
11195,test
11196,test
11197,test
11198,test
11199,test
11200,test
11201,test
11202,test
11203,test
11204,test
11205,test
11206,test
11207,test
11208,test
11209,test
11210,test
11211,test
11212,test
11213,test
11214,test
11215,test
11216,test
11217,test
11218,test
11219,test
11220,test
11221,test
11222,test
11223,test
11224,test
11225,test
11226,test
11227,test
11228,test
11229,test
11230,test
11231,test
11232,test
11233,test
11234,test
11235,test
11236,test
11237,test
11238,test
11239,test
11240,test
11241,test
11242,test
11243,test
11244,test
11245,test
11246,test
11247,test
11248,test
11249,test
11250,test
11251,test
11252,test
11253,test
11254,test
11255,test
11256,test
11257,test
11258,test
11259,test
11260,test
11261,test
11262,test
11263,test
11264,test
11265,test
11266,test
11267,test
11268,test
11269,test
11270,test
11271,test
11272,test
11273,test
11274,test
11275,test
11276,test
11277,test
11278,test
11279,test
11280,test
11281,test
11282,test
11283,test
11284,test
11285,test
11286,test
11287,test
11288,test
11289,test
11290,test
11291,test
11292,test
11293,test
11294,test
11295,test
11296,test
11297,test
11298,test
11299,test
11300,test
11301,test
11302,test
11303,test
11304,test
11305,test
11306,test
11307,test
11308,test
11309,test
11310,test
11311,test
11312,test
11313,test
11314,test
11315,test
11316,test
11317,test
11318,test
11319,test
11320,test
11321,test
11322,test
11323,test
11324,test
11325,test
11326,test
11327,test
11328,test
11329,test
11330,test
11331,test
11332,test
11333,test
11334,test
11335,test
11336,test
11337,test
11338,test
11339,test
11340,test
11341,test
11342,test
11343,test
11344,test
11345,test
11346,test
11347,test
11348,test
11349,test
11350,test
11351,test
11352,test
11353,test
11354,test
11355,test
11356,test
11357,test
11358,test
11359,test
11360,test
11361,test
11362,test
11363,test
11364,test
11365,test
11366,test
11367,test
11368,test
11369,test
11370,test
11371,test
11372,test
11373,test
11374,test
11375,test
11376,test
11377,test
11378,test
11379,test
11380,test
11381,test
11382,test
11383,test
11384,test
11385,test
11386,test
11387,test
11388,test
11389,test
11390,test
11391,test
11392,test
11393,test
11394,test
11395,test
11396,test
11397,test
11398,test
11399,test
11400,test
11401,test
11402,test
11403,test
11404,test
11405,test
11406,test
11407,test
11408,test
11409,test
11410,test
11411,test
11412,test
11413,test
11414,test
11415,test
11416,test
11417,test
11418,test
11419,test
11420,test
11421,test
11422,test
11423,test
11424,test
11425,test
11426,test
11427,test
11428,test
11429,test
11430,test
11431,test
11432,test
11433,test
11434,test
11435,test
11436,test
11437,test
11438,test
11439,test
11440,test
11441,test
11442,test
11443,test
11444,test
11445,test
11446,test
11447,test
11448,test
11449,test
11450,test
11451,test
11452,test
11453,test
11454,test
11455,test
11456,test
11457,test
11458,test
11459,test
11460,test
11461,test
11462,test
11463,test
11464,test
11465,test
11466,test
11467,test
11468,test
11469,test
11470,test
11471,test
11472,test
11473,test
11474,test
11475,test
11476,test
11477,test
11478,test
11479,test
11480,test
11481,test
11482,test
11483,test
11484,test
11485,test
11486,test
11487,test
11488,test
11489,test
11490,test
11491,test
11492,test
11493,test
11494,test
11495,test
11496,test
11497,test
11498,test
11499,test
11500,test
11501,test
11502,test
11503,test
11504,test
11505,test
11506,test
11507,test
11508,test
11509,test
11510,test
11511,test
11512,test
11513,test
11514,test
11515,test
11516,test
11517,test
11518,test
11519,test
11520,test
11521,test
11522,test
11523,test
11524,test
11525,test
11526,test
11527,test
11528,test
11529,test
11530,test
11531,test
11532,test
11533,test
11534,test
11535,test
11536,test
11537,test
11538,test
11539,test
11540,test
11541,test
11542,test
11543,test
11544,test
11545,test
11546,test
11547,test
11548,test
11549,test
11550,test
11551,test
11552,test
11553,test
11554,test
11555,test
11556,test
11557,test
11558,test
11559,test
11560,test
11561,test
11562,test
11563,test
11564,test
11565,test
11566,test
11567,test
11568,test
11569,test
11570,test
11571,test
11572,test
11573,test
11574,test
11575,test
11576,test
11577,test
11578,test
11579,test
11580,test
11581,test
11582,test
11583,test
11584,test
11585,test
11586,test
11587,test
11588,test
11589,test
11590,test
11591,test
11592,test
11593,test
11594,test
11595,test
11596,test
11597,test
11598,test
11599,test
11600,test
11601,test
11602,test
11603,test
11604,test
11605,test
11606,test
11607,test
11608,test
11609,test
11610,test
11611,test
11612,test
11613,test
11614,test
11615,test
11616,test
11617,test
11618,test
11619,test
11620,test
11621,test
11622,test
11623,test
11624,test
11625,test
11626,test
11627,test
11628,test
11629,test
11630,test
11631,test
11632,test
11633,test
11634,test
11635,test
11636,test
11637,test
11638,test
11639,test
11640,test
11641,test
11642,test
11643,test
11644,test
11645,test
11646,test
11647,test
11648,test
11649,test
11650,test
11651,test
11652,test
11653,test
11654,test
11655,test
11656,test
11657,test
11658,test
11659,test
11660,test
11661,test
11662,test
11663,test
11664,test
11665,test
11666,test
11667,test
11668,test
11669,test
11670,test
11671,test
11672,test
11673,test
11674,test
11675,test
11676,test
11677,test
11678,test
11679,test
11680,test
11681,test
11682,test
11683,test
11684,test
11685,test
11686,test
11687,test
11688,test
11689,test
11690,test
11691,test
11692,test
11693,test
11694,test
11695,test
11696,test
11697,test
11698,test
11699,test
11700,test
11701,test
11702,test
11703,test
11704,test
11705,test
11706,test
11707,test
11708,test
11709,test
11710,test
11711,test
11712,test
11713,test
11714,test
11715,test
11716,test
11717,test
11718,test
11719,test
11720,test
11721,test
11722,test
11723,test
11724,test
11725,test
11726,test
11727,test
11728,test
11729,test
11730,test
11731,test
11732,test
11733,test
11734,test
11735,test
11736,test
11737,test
11738,test
11739,test
11740,test
11741,test
11742,test
11743,test
11744,test
11745,test
11746,test
11747,test
11748,test
11749,test
11750,test
11751,test
11752,test
11753,test
11754,test
11755,test
11756,test
11757,test
11758,test
11759,test
11760,test
11761,test
11762,test
11763,test
11764,test
11765,test
11766,test
11767,test
11768,test
11769,test
11770,test
11771,test
11772,test
11773,test
11774,test
11775,test
11776,test
11777,test
11778,test
11779,test
11780,test
11781,test
11782,test
11783,test
11784,test
11785,test
11786,test
11787,test
11788,test
11789,test
11790,test
11791,test
11792,test
11793,test
11794,test
11795,test
11796,test
11797,test
11798,test
11799,test
11800,test
11801,test
11802,test
11803,test
11804,test
11805,test
11806,test
11807,test
11808,test
11809,test
11810,test
11811,test
11812,test
11813,test
11814,test
11815,test
11816,test
11817,test
11818,test
11819,test
11820,test
11821,test
11822,test
11823,test
11824,test
11825,test
11826,test
11827,test
11828,test
11829,test
11830,test
11831,test
11832,test
11833,test
11834,test
11835,test
11836,test
11837,test
11838,test
11839,test
11840,test
11841,test
11842,test
11843,test
11844,test
11845,test
11846,test
11847,test
11848,test
11849,test
11850,test
11851,test
11852,test
11853,test
11854,test
11855,test
11856,test
11857,test
11858,test
11859,test
11860,test
11861,test
11862,test
11863,test
11864,test
11865,test
11866,test
11867,test
11868,test
11869,test
11870,test
11871,test
11872,test
11873,test
11874,test
11875,test
11876,test
11877,test
11878,test
11879,test
11880,test
11881,test
11882,test
11883,test
11884,test
11885,test
11886,test
11887,test
11888,test
11889,test
11890,test
11891,test
11892,test
11893,test
11894,test
11895,test
11896,test
11897,test
11898,test
11899,test
11900,test
11901,test
11902,test
11903,test
11904,test
11905,test
11906,test
11907,test
11908,test
11909,test
11910,test
11911,test
11912,test
11913,test
11914,test
11915,test
11916,test
11917,test
11918,test
11919,test
11920,test
11921,test
11922,test
11923,test
11924,test
11925,test
11926,test
11927,test
11928,test
11929,test
11930,test
11931,test
11932,test
11933,test
11934,test
11935,test
11936,test
11937,test
11938,test
11939,test
11940,test
11941,test
11942,test
11943,test
11944,test
11945,test
11946,test
11947,test
11948,test
11949,test
11950,test
11951,test
11952,test
11953,test
11954,test
11955,test
11956,test
11957,test
11958,test
11959,test
11960,test
11961,test
11962,test
11963,test
11964,test
11965,test
11966,test
11967,test
11968,test
11969,test
11970,test
11971,test
11972,test
11973,test
11974,test
11975,test
11976,test
11977,test
11978,test
11979,test
11980,test
11981,test
11982,test
11983,test
11984,test
11985,test
11986,test
11987,test
11988,test
11989,test
11990,test
11991,test
11992,test
11993,test
11994,test
11995,test
11996,test
11997,test
11998,test
11999,test
12000,test
12001,test
12002,test
12003,test
12004,test
12005,test
12006,test
12007,test
12008,test
12009,test
12010,test
12011,test
12012,test
12013,test
12014,test
12015,test
12016,test
12017,test
12018,test
12019,test
12020,test
12021,test
12022,test
12023,test
12024,test
12025,test
12026,test
12027,test
12028,test
12029,test
12030,test
12031,test
12032,test
12033,test
12034,test
12035,test
12036,test
12037,test
12038,test
12039,test
12040,test
12041,test
12042,test
12043,test
12044,test
12045,test
12046,test
12047,test
12048,test
12049,test
12050,test
12051,test
12052,test
12053,test
12054,test
12055,test
12056,test
12057,test
12058,test
12059,test
12060,test
12061,test
12062,test
12063,test
12064,test
12065,test
12066,test
12067,test
12068,test
12069,test
12070,test
12071,test
12072,test
12073,test
12074,test
12075,test
12076,test
12077,test
12078,test
12079,test
12080,test
12081,test
12082,test
12083,test
12084,test
12085,test
12086,test
12087,test
12088,test
12089,test
12090,test
12091,test
12092,test
12093,test
12094,test
12095,test
12096,test
12097,test
12098,test
12099,test
12100,test
12101,test
12102,test
12103,test
12104,test
12105,test
12106,test
12107,test
12108,test
12109,test
12110,test
12111,test
12112,test
12113,test
12114,test
12115,test
12116,test
12117,test
12118,test
12119,test
12120,test
12121,test
12122,test
12123,test
12124,test
12125,test
12126,test
12127,test
12128,test
12129,test
12130,test
12131,test
12132,test
12133,test
12134,test
12135,test
12136,test
12137,test
12138,test
12139,test
12140,test
12141,test
12142,test
12143,test
12144,test
12145,test
12146,test
12147,test
12148,test
12149,test
12150,test
12151,test
12152,test
12153,test
12154,test
12155,test
12156,test
12157,test
12158,test
12159,test
12160,test
12161,test
12162,test
12163,test
12164,test
12165,test
12166,test
12167,test
12168,test
12169,test
12170,test
12171,test
12172,test
12173,test
12174,test
12175,test
12176,test
12177,test
12178,test
12179,test
12180,test
12181,test
12182,test
12183,test
12184,test
12185,test
12186,test
12187,test
12188,test
12189,test
12190,test
12191,test
12192,test
12193,test
12194,test
12195,test
12196,test
12197,test
12198,test
12199,test
12200,test
12201,test
12202,test
12203,test
12204,test
12205,test
12206,test
12207,test
12208,test
12209,test
12210,test
12211,test
12212,test
12213,test
12214,test
12215,test
12216,test
12217,test
12218,test
12219,test
12220,test
12221,test
12222,test
12223,test
12224,test
12225,test
12226,test
12227,test
12228,test
12229,test
12230,test
12231,test
12232,test
12233,test
12234,test
12235,test
12236,test
12237,test
12238,test
12239,test
12240,test
12241,test
12242,test
12243,test
12244,test
12245,test
12246,test
12247,test
12248,test
12249,test
12250,test
12251,test
12252,test
12253,test
12254,test
12255,test
12256,test
12257,test
12258,test
12259,test
12260,test
12261,test
12262,test
12263,test
12264,test
12265,test
12266,test
12267,test
12268,test
12269,test
12270,test
12271,test
12272,test
12273,test
12274,test
12275,test
12276,test
12277,test
12278,test
12279,test
12280,test
12281,test
12282,test
12283,test
12284,test
12285,test
12286,test
12287,test
12288,test
12289,test
12290,test
12291,test
12292,test
12293,test
12294,test
12295,test
12296,test
12297,test
12298,test
12299,test
12300,test
12301,test
12302,test
12303,test
12304,test
12305,test
12306,test
12307,test
12308,test
12309,test
12310,test
12311,test
12312,test
12313,test
12314,test
12315,test
12316,test
12317,test
12318,test
12319,test
12320,test
12321,test
12322,test
12323,test
12324,test
12325,test
12326,test
12327,test
12328,test
12329,test
